{
"type": "FeatureCollection",
"name": "Gurugram_wards",
"crs": { "type": "name", "properties": { "name": "urn:ogc:def:crs:OGC:1.3:CRS84" } },
"features": [
{ "type": "Feature", "properties": { "OBJECTID": 26142, "MC_Code": 12, "MC_Ward_No": "08", "MC_Name": "Gurugram", "Area": 2501871.4108659602, "TotalPopul": 0, "GenPopulat": 0, "BCPopulati": 0, "SCPopulati": 0, "Notificati": "19/45/2023-6C I", "Notifica_1": "2023-12-14", "Remarks": "Updated in GIS Database", "created_us": null, "created_da": null, "last_edite": null, "last_edi_1": null, "Shape_STAr": 2.5018714108700002, "Shape_STLe": 8136.0175257499995 }, "geometry": { "type": "MultiPolygon", "coordinates": [ [ [ [ 76.998982999896313, 28.474726000264678 ], [ 77.000050999717828, 28.474027999636263 ], [ 77.000125000495785, 28.474124999837834 ], [ 77.000594999617135, 28.474110999874341 ], [ 77.000574000282143, 28.473670000091307 ], [ 77.00016500031272, 28.473670000150157 ], [ 76.999909000069479, 28.47367099960066 ], [ 76.999776999889761, 28.473674999604413 ], [ 76.999756999623756, 28.473305000095291 ], [ 77.000307999564356, 28.473294000358866 ], [ 77.000267999884514, 28.472783999997223 ], [ 77.000272000266321, 28.47277799996834 ], [ 77.000259000458158, 28.472762999912948 ], [ 77.0002489996197, 28.472536999895787 ], [ 77.000334999791491, 28.472536999706573 ], [ 77.000331999766317, 28.472363000159721 ], [ 77.000773000444823, 28.472361000241794 ], [ 77.001224300072991, 28.472372604751321 ], [ 77.001473000037421, 28.472378999706251 ], [ 77.001455000447294, 28.472024999841871 ], [ 77.002219323902622, 28.471867329133879 ], [ 77.002218022419001, 28.47186470527436 ], [ 77.002179977315038, 28.471790246558477 ], [ 77.003090166680963, 28.471455958832841 ], [ 77.003210855743831, 28.471412109722685 ], [ 77.003063508073438, 28.470916896429404 ], [ 77.002928658104267, 28.470463679821187 ], [ 77.002928035527916, 28.470461587385444 ], [ 77.003127649680792, 28.470383938949627 ], [ 77.003660707607764, 28.470217384637291 ], [ 77.00304318460671, 28.468890659856157 ], [ 77.003022061161587, 28.468845277093514 ], [ 77.002909222825636, 28.468602845142641 ], [ 77.00256400021361, 28.468696000019612 ], [ 77.002320000035724, 28.468165999773991 ], [ 77.002347817425701, 28.46807946208348 ], [ 77.00238765043099, 28.467955542924866 ], [ 77.002385312868512, 28.467954724614465 ], [ 77.002241329022027, 28.467904280371567 ], [ 77.002017832985786, 28.467825979444438 ], [ 77.001705655728159, 28.46771660773269 ], [ 77.001624000324298, 28.467688000168703 ], [ 77.001615000414233, 28.467684999643673 ], [ 77.001468348598209, 28.467632368595073 ], [ 77.001403905168374, 28.467609241165217 ], [ 77.001328000307154, 28.46758199977624 ], [ 77.001301203834998, 28.467572835428065 ], [ 77.001331526503094, 28.4675436505823 ], [ 77.001463140405775, 28.46744513856067 ], [ 77.001487152968863, 28.467424552262042 ], [ 77.001773694140681, 28.467178896320199 ], [ 77.002061345526542, 28.467005566093057 ], [ 77.002066870522043, 28.467002237130163 ], [ 77.002234221040126, 28.466910688745365 ], [ 77.002256331726869, 28.46689859270586 ], [ 77.002565790674126, 28.46672024622945 ], [ 77.002846376966261, 28.466555673054337 ], [ 77.003133741011027, 28.466406755675386 ], [ 77.003178961917286, 28.466387556713986 ], [ 77.003977384585511, 28.46602916658933 ], [ 77.004079252801674, 28.466010215308952 ], [ 77.004268715618139, 28.46597496742131 ], [ 77.00476785479249, 28.465592980833208 ], [ 77.004777724481784, 28.465585427808147 ], [ 77.005646954522987, 28.46495608255881 ], [ 77.006034601521492, 28.46467872016779 ], [ 77.006039066458484, 28.464675505949568 ], [ 77.006571623828478, 28.464292112330732 ], [ 77.007106276755181, 28.463907205031084 ], [ 77.007375251485087, 28.463661008570888 ], [ 77.007469728985669, 28.463688838725862 ], [ 77.007514749064129, 28.46365550220542 ], [ 77.007560130631575, 28.463621897746201 ], [ 77.007492000287357, 28.463548000125257 ], [ 77.007442000412709, 28.463495999586538 ], [ 77.007261000051685, 28.463303000122817 ], [ 77.007223000220364, 28.463263999584328 ], [ 77.007344999778709, 28.463171000390176 ], [ 77.007503999851437, 28.463046000260139 ], [ 77.006776999753129, 28.462299000120048 ], [ 77.007017000122602, 28.462102000292617 ], [ 77.007318999642209, 28.461864999904787 ], [ 77.007481999516457, 28.461733999640831 ], [ 77.007490445314602, 28.461727260632372 ], [ 77.007463356863596, 28.461695194350206 ], [ 77.007793049247553, 28.461388989726654 ], [ 77.007877649598342, 28.461310416143178 ], [ 77.00788325002388, 28.461305215243506 ], [ 77.00788436145065, 28.46130443001903 ], [ 77.007905146054327, 28.461318911078102 ], [ 77.007912519556569, 28.461324049455072 ], [ 77.008361354012564, 28.460998672313643 ], [ 77.00834420655724, 28.460979601425223 ], [ 77.008613039243272, 28.460789697963673 ], [ 77.008805159171132, 28.460653984382542 ], [ 77.008830382911, 28.460630376816738 ], [ 77.008733923158857, 28.460530003263138 ], [ 77.008690945039547, 28.460485280754952 ], [ 77.008635350808916, 28.460474163628245 ], [ 77.008534853764331, 28.460445804065337 ], [ 77.008530975233299, 28.460443297732642 ], [ 77.008443019733434, 28.46038645292348 ], [ 77.008377167388304, 28.460343892710842 ], [ 77.007690217353669, 28.459916973131225 ], [ 77.007483324756791, 28.45977677697919 ], [ 77.007139691384438, 28.459997732598811 ], [ 77.007087219786214, 28.459917278864662 ], [ 77.007061825091156, 28.459934770607553 ], [ 77.007056999643055, 28.459928999915075 ], [ 77.006973042231579, 28.459991539304109 ], [ 77.006640652211161, 28.459789212574226 ], [ 77.006627648560141, 28.459801581858848 ], [ 77.006534196466234, 28.459900903405533 ], [ 77.006529920237597, 28.459905447642804 ], [ 77.006412193235946, 28.459812704293935 ], [ 77.006377756420292, 28.459831152272777 ], [ 77.0063749996784, 28.459829000197452 ], [ 77.006363547833388, 28.459838763995464 ], [ 77.006238902128331, 28.45990553614476 ], [ 77.006206959949111, 28.459875289059028 ], [ 77.006200531590764, 28.459869201789086 ], [ 77.006420528511171, 28.459655910931215 ], [ 77.006642974182313, 28.459440244681243 ], [ 77.006603799416681, 28.45941138666457 ], [ 77.006583508959096, 28.459396440593121 ], [ 77.006574101505933, 28.459389510271361 ], [ 77.006537507276164, 28.459364069314038 ], [ 77.006565436998414, 28.459342995777334 ], [ 77.006549568267573, 28.459322073067113 ], [ 77.006496876054271, 28.45925259959359 ], [ 77.006452597343795, 28.459202030134747 ], [ 77.00645030038595, 28.45919940655882 ], [ 77.006450249242235, 28.459199347757291 ], [ 77.006381502464365, 28.459120832980311 ], [ 77.006384486082993, 28.459118834440037 ], [ 77.006717637172272, 28.458895562042333 ], [ 77.006749077120503, 28.458873889843758 ], [ 77.00701262509628, 28.458692222237627 ], [ 77.007033815141398, 28.458677616062342 ], [ 77.007207989895079, 28.458557554014284 ], [ 77.007411661137581, 28.458185520410495 ], [ 77.007440190249454, 28.458133408245473 ], [ 77.007495248741975, 28.458032836411721 ], [ 77.007691785084873, 28.45761900013067 ], [ 77.00772983193103, 28.457538887799995 ], [ 77.007853794799956, 28.457277865213474 ], [ 77.007866920299321, 28.457254247853609 ], [ 77.007997821316295, 28.457018702050505 ], [ 77.007992624642029, 28.456990642143122 ], [ 77.007953495994485, 28.456992441646907 ], [ 77.007917359235947, 28.456992792888521 ], [ 77.007895999560915, 28.456992999952202 ], [ 77.007631000393587, 28.456994999925708 ], [ 77.006868000103211, 28.45700000032318 ], [ 77.00668700020239, 28.457004000228455 ], [ 77.006386999498801, 28.457010999866519 ], [ 77.006264999863618, 28.457013999757759 ], [ 77.00610100000398, 28.457017000043809 ], [ 77.005790000327622, 28.457023999983534 ], [ 77.005273000378395, 28.457033999704482 ], [ 77.0047700000042, 28.457044000447794 ], [ 77.004024999924724, 28.457064000217073 ], [ 77.003700999564103, 28.457072999802008 ], [ 77.003482999562095, 28.45707799985847 ], [ 77.00334899960788, 28.457081999578715 ], [ 77.00289799952499, 28.457092999666369 ], [ 77.002655000221225, 28.457099000016488 ], [ 77.002232999577402, 28.457108999680742 ], [ 77.001969000363985, 28.457117999723646 ], [ 77.001822999723259, 28.457122000435156 ], [ 77.001510999760143, 28.457132000274271 ], [ 77.001273000203611, 28.457140000021081 ], [ 77.000851000454759, 28.457153000269454 ], [ 77.000594000370441, 28.457159999706757 ], [ 77.000409999710897, 28.457164000212426 ], [ 77.000395000303399, 28.457163999751568 ], [ 77.000344361597698, 28.45716523815436 ], [ 77.00002700035806, 28.457172999778315 ], [ 76.999850000467958, 28.457178000169947 ], [ 76.999775309231296, 28.457113268955485 ], [ 76.999656851991531, 28.457010605899232 ], [ 76.999515591300622, 28.456888179560398 ], [ 76.99927182225936, 28.456688744094034 ], [ 76.999156263403492, 28.456594200770521 ], [ 76.998722790571207, 28.456920359078776 ], [ 76.998569964338188, 28.457035349444887 ], [ 76.998478582358544, 28.45710410724833 ], [ 76.998465924831578, 28.457168394724803 ], [ 76.998414631128895, 28.457169121367507 ], [ 76.998243598701976, 28.457171545057324 ], [ 76.998052661525051, 28.45718052970685 ], [ 76.997933475206935, 28.457186137367863 ], [ 76.997861567749567, 28.457188410989019 ], [ 76.996957722834793, 28.457216987667106 ], [ 76.996304638410393, 28.457232262182806 ], [ 76.996203000282307, 28.457122000236179 ], [ 76.995508999838464, 28.456448999749579 ], [ 76.995197000426657, 28.455940000337609 ], [ 76.995108000182185, 28.455771999898946 ], [ 76.99490599976005, 28.455762000384574 ], [ 76.994867000112237, 28.455563999839523 ], [ 76.994361999888213, 28.455461000121282 ], [ 76.993470999851766, 28.456568000025058 ], [ 76.992214820136169, 28.455494116068987 ], [ 76.992144166248707, 28.455408451293 ], [ 76.992123748696486, 28.455383696057179 ], [ 76.992058954875858, 28.455308002308218 ], [ 76.992017000238491, 28.455325000214728 ], [ 76.991380999598817, 28.455606999969291 ], [ 76.991231000302179, 28.455677000192352 ], [ 76.991130999929211, 28.455731000191083 ], [ 76.991104999586454, 28.455746999949817 ], [ 76.99107099951479, 28.455771999744748 ], [ 76.991037999771706, 28.455798999879761 ], [ 76.991006000356194, 28.455828000355627 ], [ 76.990976000497042, 28.455858000255265 ], [ 76.990951999525223, 28.455882999831871 ], [ 76.990930000175041, 28.455908999708175 ], [ 76.990908999777602, 28.455936000124471 ], [ 76.99086000031518, 28.456006000445935 ], [ 76.990810999852101, 28.456095999991685 ], [ 76.990780000267961, 28.456173999813249 ], [ 76.990711000119845, 28.456371000024813 ], [ 76.990651000179454, 28.456542000233775 ], [ 76.990481999974506, 28.457077000137168 ], [ 76.99046500016577, 28.457142000297509 ], [ 76.990437999626522, 28.457240000304164 ], [ 76.990392999915585, 28.457478000221069 ], [ 76.990373999579731, 28.457608000283376 ], [ 76.990370000263852, 28.457674000397244 ], [ 76.99037299961779, 28.457826000417512 ], [ 76.990400000382181, 28.45798099967093 ], [ 76.99041700050968, 28.458030000412439 ], [ 76.990494999546641, 28.458177999827534 ], [ 76.990603000098233, 28.458374000176335 ], [ 76.990719000316545, 28.458575999585378 ], [ 76.990769999500642, 28.458680999962581 ], [ 76.99080100029353, 28.458744999723471 ], [ 76.990902000333875, 28.458948999794991 ], [ 76.990971000052653, 28.459127999774832 ], [ 76.990977999675962, 28.459144999912173 ], [ 76.991040000078627, 28.459335000229078 ], [ 76.991054999723715, 28.459396000083359 ], [ 76.991072000018349, 28.459469000131961 ], [ 76.991123000105418, 28.459766000180679 ], [ 76.991135000314813, 28.459966999627689 ], [ 76.991133999729882, 28.460019999604988 ], [ 76.991120999637872, 28.460198999854626 ], [ 76.991013999520959, 28.460892999576316 ], [ 76.991001000452925, 28.460977999976262 ], [ 76.990945999702134, 28.461258999913866 ], [ 76.99091100001327, 28.461417000126605 ], [ 76.990890000241961, 28.461467999964764 ], [ 76.990768000228556, 28.461718999640944 ], [ 76.990735999941037, 28.461784000133989 ], [ 76.990636000202599, 28.462023999906993 ], [ 76.990486999619264, 28.462344999759015 ], [ 76.990309999554171, 28.462669999799061 ], [ 76.989994000440788, 28.463314000068788 ], [ 76.98987300010549, 28.46357900000276 ], [ 76.989602000189464, 28.464168000291874 ], [ 76.989305999509696, 28.464879999656226 ], [ 76.989123999607529, 28.465318000290388 ], [ 76.989009000074589, 28.465578999990164 ], [ 76.988502000344099, 28.46673300012732 ], [ 76.988310999931187, 28.46723000019826 ], [ 76.988223000136088, 28.467377999617092 ], [ 76.990721999777648, 28.468763000022335 ], [ 76.990919999532352, 28.468875000416659 ], [ 76.991253999870708, 28.469065000172719 ], [ 76.992485999912518, 28.469731999720345 ], [ 76.992993999830617, 28.470018999611796 ], [ 76.993899999948539, 28.47052200029049 ], [ 76.994668999631159, 28.470980000278079 ], [ 76.995565000261578, 28.471574999555067 ], [ 76.996280000064729, 28.472119999927241 ], [ 76.997510000353671, 28.473253000298236 ], [ 76.998079999668462, 28.47388800028839 ], [ 76.998856999630732, 28.474813000099427 ], [ 76.998857769375306, 28.47481244375318 ], [ 76.998975999802767, 28.474727000144405 ], [ 76.998982999896313, 28.474726000264678 ] ] ] ] } },
{ "type": "Feature", "properties": { "OBJECTID": 26143, "MC_Code": 12, "MC_Ward_No": "09", "MC_Name": "Gurugram", "Area": 5958661.9315030798, "TotalPopul": 0, "GenPopulat": 0, "BCPopulati": 0, "SCPopulati": 0, "Notificati": "19/45/2023-6C I", "Notifica_1": "2023-12-14", "Remarks": "Updated in GIS Database", "created_us": null, "created_da": null, "last_edite": null, "last_edi_1": null, "Shape_STAr": 5.9586619315, "Shape_STLe": 15168.783403699999 }, "geometry": { "type": "MultiPolygon", "coordinates": [ [ [ [ 76.992017000238491, 28.455325000214728 ], [ 76.992058954875858, 28.455308002308218 ], [ 76.992123748696486, 28.455383696057179 ], [ 76.992144166248707, 28.455408451293 ], [ 76.992214820136169, 28.455494116068987 ], [ 76.993470999851766, 28.456568000025058 ], [ 76.994361999888213, 28.455461000121282 ], [ 76.994867000112237, 28.455563999839523 ], [ 76.99490599976005, 28.455762000384574 ], [ 76.995108000182185, 28.455771999898946 ], [ 76.995197000426657, 28.455940000337609 ], [ 76.995508999838464, 28.456448999749579 ], [ 76.995791238650412, 28.456722700314334 ], [ 76.996203000282307, 28.457122000236179 ], [ 76.996304638410393, 28.457232262182806 ], [ 76.996957722834793, 28.457216987667106 ], [ 76.997861567749567, 28.457188410989019 ], [ 76.997933475206935, 28.457186137367863 ], [ 76.998052661525051, 28.45718052970685 ], [ 76.998243598701976, 28.457171545057324 ], [ 76.998414631128895, 28.457169121367507 ], [ 76.998465924831578, 28.457168394724803 ], [ 76.998478582358544, 28.45710410724833 ], [ 76.998569964338188, 28.457035349444887 ], [ 76.998722790571207, 28.456920359078776 ], [ 76.999156263403492, 28.456594200770521 ], [ 76.99927182225936, 28.456688744094034 ], [ 76.999515591300622, 28.456888179560398 ], [ 76.999850000467958, 28.457178000169947 ], [ 77.00002700035806, 28.457172999778315 ], [ 77.000395000303399, 28.457163999751568 ], [ 77.000409999710897, 28.457164000212426 ], [ 77.000594000370441, 28.457159999706757 ], [ 77.000851000454759, 28.457153000269454 ], [ 77.001273000203611, 28.457140000021081 ], [ 77.001510999760143, 28.457132000274271 ], [ 77.001822999723259, 28.457122000435156 ], [ 77.001969000363985, 28.457117999723646 ], [ 77.002232999577402, 28.457108999680742 ], [ 77.002655000221225, 28.457099000016488 ], [ 77.00289799952499, 28.457092999666369 ], [ 77.00334899960788, 28.457081999578715 ], [ 77.003482999562095, 28.45707799985847 ], [ 77.003700999564103, 28.457072999802008 ], [ 77.004024999924724, 28.457064000217073 ], [ 77.0047700000042, 28.457044000447794 ], [ 77.005273000378395, 28.457033999704482 ], [ 77.005790000327622, 28.457023999983534 ], [ 77.00610100000398, 28.457017000043809 ], [ 77.006264999863618, 28.457013999757759 ], [ 77.006386999498801, 28.457010999866519 ], [ 77.00668700020239, 28.457004000228455 ], [ 77.006868000103211, 28.45700000032318 ], [ 77.007631000393587, 28.456994999925708 ], [ 77.007895999560915, 28.456992999952202 ], [ 77.007917359235947, 28.456992792888521 ], [ 77.007919252203763, 28.456987279466169 ], [ 77.007985447958532, 28.456776225334615 ], [ 77.008221626105808, 28.456298300981754 ], [ 77.008247762504467, 28.456230604966517 ], [ 77.008433086682686, 28.455750597761465 ], [ 77.008502248961861, 28.455524422892193 ], [ 77.008557454542355, 28.455381256892721 ], [ 77.008599383407159, 28.45528355948619 ], [ 77.008800000380944, 28.4546470003325 ], [ 77.00864799998557, 28.454460000373302 ], [ 77.008506000498642, 28.454324000378911 ], [ 77.008456000306325, 28.454278999663181 ], [ 77.008445200138524, 28.454267890414574 ], [ 77.008444649782589, 28.454222308361842 ], [ 77.008441962650807, 28.454181059435243 ], [ 77.008386216109784, 28.454090201440245 ], [ 77.008309367940655, 28.454026395680856 ], [ 77.008281681081499, 28.454001679043397 ], [ 77.008202492684092, 28.453927062248194 ], [ 77.008162987573456, 28.45397445932149 ], [ 77.008005013895968, 28.453816988208583 ], [ 77.008004392645205, 28.453816369334248 ], [ 77.007870556367777, 28.453682931721669 ], [ 77.007699478283669, 28.453512362729892 ], [ 77.007699458531619, 28.453512344071783 ], [ 77.007665250885452, 28.453478237887449 ], [ 77.007352568151958, 28.453169077981148 ], [ 77.007307605776589, 28.453135105152317 ], [ 77.007081281928308, 28.453141574450992 ], [ 77.005817434405415, 28.45317769533861 ], [ 77.005786928434048, 28.453178566612589 ], [ 77.005779581936679, 28.452505254671753 ], [ 77.005785000172935, 28.452188000381764 ], [ 77.005893874820828, 28.452187083327242 ], [ 77.0066160002945, 28.452180999809194 ], [ 77.006630999897368, 28.451916000076078 ], [ 77.006628999853575, 28.451845999688306 ], [ 77.006643999559543, 28.451803999774558 ], [ 77.006645000151394, 28.451801999808648 ], [ 77.006514000379767, 28.451747000282388 ], [ 77.006435000023401, 28.451712999551479 ], [ 77.006063000174464, 28.451556999949197 ], [ 77.005922064502002, 28.45150940589982 ], [ 77.00562162667778, 28.451405029804004 ], [ 77.005032282925598, 28.451200281715661 ], [ 77.004591102168121, 28.451108108698349 ], [ 77.004539869508648, 28.451097404569744 ], [ 77.00419966937983, 28.451026327400989 ], [ 77.004183462951161, 28.451010951641862 ], [ 77.004228084555976, 28.451864646612684 ], [ 77.00423433442711, 28.451984220037279 ], [ 77.004263431379385, 28.452540877086893 ], [ 77.004319999908816, 28.453351000073265 ], [ 77.001824000417557, 28.453384999862468 ], [ 77.001720000189749, 28.453410000131903 ], [ 77.00156199981501, 28.453479000323426 ], [ 77.000958999837707, 28.453740000338591 ], [ 77.000908999526217, 28.453758999819655 ], [ 77.000860000481381, 28.453766000214596 ], [ 76.99907399985922, 28.45379200021199 ], [ 76.998477000421587, 28.453794000197988 ], [ 76.998439112270717, 28.452583600679539 ], [ 76.998437280300593, 28.451933852165592 ], [ 76.998437178888523, 28.451897900601029 ], [ 76.998437027239987, 28.451843970991025 ], [ 76.998441627127704, 28.451769347042777 ], [ 76.998692506573249, 28.45176124913959 ], [ 76.998928408660362, 28.451753634371922 ], [ 76.998943935851159, 28.451752748359183 ], [ 76.998943936264112, 28.451749514266112 ], [ 76.99898020998522, 28.451748010235352 ], [ 76.998946000082299, 28.451085999770495 ], [ 76.998633084285856, 28.451080379533476 ], [ 76.998278000021088, 28.451074000155437 ], [ 76.998246000192708, 28.449412999759311 ], [ 76.998240506993213, 28.449413038945728 ], [ 76.99823831802243, 28.449320420414377 ], [ 76.997579522104118, 28.44933009651853 ], [ 76.99675071194828, 28.449342266086578 ], [ 76.996921999527487, 28.449035999819724 ], [ 76.99724000041968, 28.448428000070734 ], [ 76.997260999971218, 28.448372000243697 ], [ 76.997279304712961, 28.448344060340535 ], [ 76.997195116950451, 28.448312013433338 ], [ 76.997516518425257, 28.447805913729258 ], [ 76.998765954975909, 28.445481916147443 ], [ 76.998919734696528, 28.445195872486117 ], [ 76.999023795536601, 28.445002309414139 ], [ 76.999565739440769, 28.44401546070474 ], [ 77.000139570161551, 28.443385338493176 ], [ 77.000166297063089, 28.443355989444829 ], [ 77.000981625604936, 28.442460660601085 ], [ 77.002146215130367, 28.441190077969559 ], [ 77.002238814856639, 28.44112018307602 ], [ 77.002551545955839, 28.440884127425281 ], [ 77.002718819886354, 28.440757865737119 ], [ 77.003638304261031, 28.440069108377447 ], [ 77.003860808852068, 28.439902434282875 ], [ 77.00439111344258, 28.439557987296631 ], [ 77.005368290847414, 28.438923271697437 ], [ 77.005415000042746, 28.438891000379492 ], [ 77.005480000142725, 28.438845999552822 ], [ 77.005545999584271, 28.438805000404138 ], [ 77.005604000258657, 28.438768000214939 ], [ 77.005673254593574, 28.438725183485552 ], [ 77.006145635164998, 28.438418346312812 ], [ 77.006167366698051, 28.438444532029838 ], [ 77.006187233996855, 28.438373882408669 ], [ 77.006481838493031, 28.438183888762122 ], [ 77.007460422671627, 28.437552784620106 ], [ 77.008083093822592, 28.437171457538984 ], [ 77.008387524316277, 28.436985020074165 ], [ 77.008390226946588, 28.436983041897825 ], [ 77.008392500765837, 28.436980682935534 ], [ 77.008394278758601, 28.436978016365874 ], [ 77.0083955062927, 28.436975122403503 ], [ 77.008396150202287, 28.436972082751033 ], [ 77.008396190844721, 28.436968992446914 ], [ 77.008395624770259, 28.436965939071676 ], [ 77.008394470063621, 28.436963015302137 ], [ 77.008392763043645, 28.436960306327052 ], [ 77.008358840776978, 28.436915997298978 ], [ 77.008445369521539, 28.436862192403623 ], [ 77.009023017960374, 28.436521961771074 ], [ 77.009032472087839, 28.43651639444418 ], [ 77.009330004325989, 28.43634114782018 ], [ 77.009324938990503, 28.436227565928331 ], [ 77.00932592498539, 28.4362272337349 ], [ 77.009636800564124, 28.436122572876968 ], [ 77.010188000495319, 28.435937000343536 ], [ 77.010337999841056, 28.435833999854779 ], [ 77.010264455260398, 28.435656306868857 ], [ 77.010010309888855, 28.435362442807197 ], [ 77.005901682860042, 28.43061139821549 ], [ 77.005782223861416, 28.43067096382001 ], [ 77.005286000434509, 28.430075999982922 ], [ 77.004828999923078, 28.429528000278438 ], [ 77.004100999523743, 28.428656000408214 ], [ 77.003785999724954, 28.42828399979058 ], [ 77.003198000417342, 28.427585999696149 ], [ 77.00303300022469, 28.427390999724235 ], [ 77.002037000484293, 28.426217999970795 ], [ 77.001305999926601, 28.425367000151894 ], [ 77.000657999758204, 28.424582999584779 ], [ 77.00051200031632, 28.42441199963795 ], [ 77.000495420838504, 28.424415717456156 ], [ 77.000239999670612, 28.424473000105849 ], [ 76.998326000309405, 28.425148000346141 ], [ 76.997637000094116, 28.425441000243719 ], [ 76.997429000234447, 28.425548999737455 ], [ 76.99653699963136, 28.426030999994584 ], [ 76.996309348477595, 28.426183470760773 ], [ 76.995673999693338, 28.426608999579305 ], [ 76.995303000419966, 28.426860999770245 ], [ 76.994688999575416, 28.427222000250154 ], [ 76.994463999692968, 28.427350000207319 ], [ 76.99329500000087, 28.428013999739807 ], [ 76.993277999826944, 28.428060999749157 ], [ 76.992998000156405, 28.428198999911327 ], [ 76.992815000065292, 28.428295000385276 ], [ 76.992371999731972, 28.428538000257351 ], [ 76.991980000096135, 28.428755000255368 ], [ 76.991589999976, 28.428975999909177 ], [ 76.991202000248165, 28.429150999638775 ], [ 76.990651000048572, 28.429419999735146 ], [ 76.989798999543311, 28.429868000180679 ], [ 76.988412999626945, 28.430597999719559 ], [ 76.990021000340363, 28.43236800023497 ], [ 76.990622000482674, 28.433050999576377 ], [ 76.990715000305244, 28.433176999972339 ], [ 76.99136299957938, 28.434051999759578 ], [ 76.991674628562123, 28.434491757094246 ], [ 76.99170266511679, 28.434531321816138 ], [ 76.991847000449098, 28.434734999588589 ], [ 76.991849549566169, 28.43473870802109 ], [ 76.991857999726349, 28.434751000064562 ], [ 76.991842000122929, 28.434759999912117 ], [ 76.991777533534488, 28.434794278094596 ], [ 76.990769999908693, 28.43532999976987 ], [ 76.989802999881121, 28.435905999944282 ], [ 76.987234333875875, 28.437498652569687 ], [ 76.987187000247417, 28.437527999638345 ], [ 76.987679999913922, 28.43820600022676 ], [ 76.988069797583435, 28.43887801975373 ], [ 76.98814300641105, 28.438962724169958 ], [ 76.988275206041394, 28.439115681939267 ], [ 76.98778572054097, 28.439136468909794 ], [ 76.987795880956796, 28.439629806510929 ], [ 76.987806519966256, 28.440146212559775 ], [ 76.987807977633793, 28.440216954430106 ], [ 76.987809866547011, 28.44075125599516 ], [ 76.985799159089879, 28.440782051377003 ], [ 76.984693876609583, 28.440783854006597 ], [ 76.98469347457862, 28.440895952718435 ], [ 76.984690999746491, 28.440895999648625 ], [ 76.984693000182276, 28.441364000047269 ], [ 76.984697999759035, 28.441582000112472 ], [ 76.984650750885038, 28.441583213640417 ], [ 76.984679340361538, 28.442318416851521 ], [ 76.984682734689741, 28.442389863283424 ], [ 76.984718648984725, 28.442392279295085 ], [ 76.984725636300112, 28.442666469994641 ], [ 76.98375312049167, 28.44232381116294 ], [ 76.983653837254479, 28.442302294275994 ], [ 76.983336829979692, 28.442918945594208 ], [ 76.981259284352191, 28.44696006667634 ], [ 76.981313835814476, 28.447671000584005 ], [ 76.98116899955987, 28.44795300022848 ], [ 76.981138000297634, 28.447951999776997 ], [ 76.981151000426934, 28.448477000113328 ], [ 76.98069700030014, 28.448505000374709 ], [ 76.980705214083585, 28.448918973826604 ], [ 76.980836523517155, 28.449387302295751 ], [ 76.980866999881542, 28.449495999696886 ], [ 76.98021199987835, 28.449760000408151 ], [ 76.979495334650508, 28.451224490698547 ], [ 76.979496046199714, 28.451225252775668 ], [ 76.979481999693661, 28.451254000179709 ], [ 76.978762000427281, 28.45272299959154 ], [ 76.980568758653149, 28.45290490784048 ], [ 76.981115999966065, 28.452959999722623 ], [ 76.983743141891551, 28.453279575956667 ], [ 76.983869935511493, 28.453294998065413 ], [ 76.983827999771137, 28.453707000377285 ], [ 76.983379000407595, 28.453971999679631 ], [ 76.983348000308439, 28.453938999875973 ], [ 76.982503999515643, 28.454410000325698 ], [ 76.982631000452784, 28.454541999848516 ], [ 76.982752999503504, 28.454669999748507 ], [ 76.982849000136071, 28.454769999835342 ], [ 76.983003999508171, 28.454931999841342 ], [ 76.983162999970233, 28.45509800018165 ], [ 76.983395000420117, 28.455342999678543 ], [ 76.983595999990072, 28.455560999799317 ], [ 76.983459999905463, 28.455690000212165 ], [ 76.983454000195579, 28.455696999879191 ], [ 76.983446999719277, 28.455707000090111 ], [ 76.983443000399461, 28.455717999676445 ], [ 76.983440999735393, 28.455727000237278 ], [ 76.983440999888643, 28.455738000152465 ], [ 76.983442000093461, 28.455747000264761 ], [ 76.983444999517189, 28.455756000097814 ], [ 76.983451000117526, 28.455766000208381 ], [ 76.983575000237167, 28.455944000302821 ], [ 76.983754000346678, 28.456198999683725 ], [ 76.983802999945596, 28.45626800044262 ], [ 76.983882999771822, 28.456380999839801 ], [ 76.983905000291728, 28.45641100042738 ], [ 76.984061000375647, 28.456620999664874 ], [ 76.984205000486654, 28.456823999910046 ], [ 76.984326000057678, 28.456998000356272 ], [ 76.984512999833967, 28.457263000152548 ], [ 76.984604999658231, 28.45739899956828 ], [ 76.984785000330703, 28.457657000298415 ], [ 76.985107999960832, 28.457650000430387 ], [ 76.986154000035683, 28.457615000313613 ], [ 76.987601999620722, 28.457567999680197 ], [ 76.988403999715132, 28.45753999956132 ], [ 76.988650999826092, 28.457531999882033 ], [ 76.990141000138223, 28.457492000279597 ], [ 76.990384000218867, 28.457478000184977 ], [ 76.990392999915585, 28.457478000221069 ], [ 76.990437999626522, 28.457240000304164 ], [ 76.99046500016577, 28.457142000297509 ], [ 76.990481999974506, 28.457077000137168 ], [ 76.990651000179454, 28.456542000233775 ], [ 76.990711000119845, 28.456371000024813 ], [ 76.990780000267961, 28.456173999813249 ], [ 76.990810999852101, 28.456095999991685 ], [ 76.99086000031518, 28.456006000445935 ], [ 76.990908999777602, 28.455936000124471 ], [ 76.990930000175041, 28.455908999708175 ], [ 76.990951999525223, 28.455882999831871 ], [ 76.990976000497042, 28.455858000255265 ], [ 76.991006000356194, 28.455828000355627 ], [ 76.991037999771706, 28.455798999879761 ], [ 76.99107099951479, 28.455771999744748 ], [ 76.991104999586454, 28.455746999949817 ], [ 76.991130999929211, 28.455731000191083 ], [ 76.991231000302179, 28.455677000192352 ], [ 76.991380999598817, 28.455606999969291 ], [ 76.99153232434432, 28.45553990385698 ], [ 76.992017000238491, 28.455325000214728 ] ] ] ] } },
{ "type": "Feature", "properties": { "OBJECTID": 26144, "MC_Code": 12, "MC_Ward_No": "19", "MC_Name": "Gurugram", "Area": 22623211.290826019, "TotalPopul": 0, "GenPopulat": 0, "BCPopulati": 0, "SCPopulati": 0, "Notificati": "19/45/2023-6C I", "Notifica_1": "2023-12-14", "Remarks": "Updated in GIS Database", "created_us": null, "created_da": null, "last_edite": null, "last_edi_1": null, "Shape_STAr": 22.6232112908, "Shape_STLe": 24199.0126255 }, "geometry": { "type": "MultiPolygon", "coordinates": [ [ [ [ 77.102012360547448, 28.375108328670247 ], [ 77.102332993816205, 28.374983525969341 ], [ 77.102670567780834, 28.374852127549399 ], [ 77.102693986996783, 28.374843011587881 ], [ 77.102814572875204, 28.374800361014255 ], [ 77.103013266988768, 28.374727939256264 ], [ 77.103375740114529, 28.374595820061479 ], [ 77.103655691556028, 28.374513563481639 ], [ 77.103693995418951, 28.374498174542627 ], [ 77.103742039717446, 28.374478872425144 ], [ 77.104053987971724, 28.37428704833977 ], [ 77.104057032118348, 28.374285176791137 ], [ 77.104371682111946, 28.374097036976199 ], [ 77.104441824102068, 28.37405509640719 ], [ 77.104738684721326, 28.374025137158277 ], [ 77.105054382306605, 28.373978942731199 ], [ 77.105421494187695, 28.373925225253981 ], [ 77.105533901492592, 28.373917112312462 ], [ 77.105737818984053, 28.373902394787603 ], [ 77.10610466753306, 28.373875916803666 ], [ 77.106422011460637, 28.373868536978463 ], [ 77.106549048527356, 28.3738655822205 ], [ 77.106788169592178, 28.373871925479289 ], [ 77.107106870147263, 28.373872176758866 ], [ 77.10747170384191, 28.373872462694841 ], [ 77.107574221247503, 28.373871182895407 ], [ 77.10757912474287, 28.373871249618603 ], [ 77.108095341963335, 28.373878227363679 ], [ 77.10815528186022, 28.373879037887292 ], [ 77.108336242540886, 28.373885975992085 ], [ 77.108741700580083, 28.373902359348438 ], [ 77.108839002437065, 28.373905249633815 ], [ 77.109350035472588, 28.373902255259193 ], [ 77.109994067120539, 28.373989262745642 ], [ 77.110206884214151, 28.374018087628752 ], [ 77.110890936800729, 28.374089608512868 ], [ 77.111352287747792, 28.37416728587224 ], [ 77.111455211283683, 28.374037614336906 ], [ 77.111573004513033, 28.373889207062586 ], [ 77.111979134619602, 28.373342959283292 ], [ 77.112250052067409, 28.373001617789413 ], [ 77.112331393923682, 28.372912102361486 ], [ 77.112436522371453, 28.37279640843828 ], [ 77.112979341920891, 28.372249353458731 ], [ 77.113641765646776, 28.371701592657967 ], [ 77.113707617983479, 28.371653456297349 ], [ 77.114364841347879, 28.371153470649563 ], [ 77.114967256392561, 28.370696700353374 ], [ 77.115116715490402, 28.370557572038614 ], [ 77.115468379370242, 28.370059238940026 ], [ 77.115644208108918, 28.369802568716928 ], [ 77.115744615751197, 28.369513748580513 ], [ 77.115945668386729, 28.368968701503 ], [ 77.115956265050968, 28.368939975157456 ], [ 77.116146719135457, 28.368423654198054 ], [ 77.116273873434068, 28.368078935223057 ], [ 77.116347767997411, 28.367878606665627 ], [ 77.116540015098934, 28.367333610761079 ], [ 77.116579344266881, 28.36722960515932 ], [ 77.116698600334189, 28.366788813536882 ], [ 77.116765614433163, 28.366569008144292 ], [ 77.116814229397576, 28.36640955195611 ], [ 77.116779659186818, 28.366342886177332 ], [ 77.116728782011307, 28.366244775333136 ], [ 77.116615677424406, 28.36602474111913 ], [ 77.116331809702217, 28.365703262840903 ], [ 77.116188597183609, 28.365528925620001 ], [ 77.116060729455711, 28.365373267554464 ], [ 77.11560872304517, 28.364961236858804 ], [ 77.115373777461031, 28.364723099621614 ], [ 77.115341046585044, 28.364621393093479 ], [ 77.115103328244757, 28.364078935725178 ], [ 77.115065284877545, 28.363969403428438 ], [ 77.11491481947246, 28.363536187907012 ], [ 77.114740834101895, 28.363109431523949 ], [ 77.114630632897132, 28.362994002988934 ], [ 77.114349708460395, 28.362745018063858 ], [ 77.114261926408062, 28.36266721646717 ], [ 77.114123867132037, 28.362544852915558 ], [ 77.114069591378936, 28.362635280293251 ], [ 77.114047997794998, 28.36267125777097 ], [ 77.11402569118458, 28.362708421155531 ], [ 77.11385152366239, 28.362998594502319 ], [ 77.113715525870376, 28.363225765152634 ], [ 77.113646879971412, 28.36334042929154 ], [ 77.113582125967682, 28.363544041009661 ], [ 77.113532730604405, 28.363777445378627 ], [ 77.113501499779971, 28.363925018751292 ], [ 77.113468207696158, 28.36408857208372 ], [ 77.113390633839941, 28.3643283571189 ], [ 77.113291923765303, 28.364633471011459 ], [ 77.113250691957731, 28.364795606214521 ], [ 77.113209265062039, 28.36488001033565 ], [ 77.113062672642158, 28.365178680291677 ], [ 77.112946356650625, 28.365433202806287 ], [ 77.112854739018999, 28.365633680009488 ], [ 77.11281206104583, 28.365724015569473 ], [ 77.112726420555973, 28.365887093582145 ], [ 77.112674180091602, 28.365986570096261 ], [ 77.112525565425685, 28.3662695611131 ], [ 77.112383391078836, 28.366540288580776 ], [ 77.112239067021349, 28.366815106169959 ], [ 77.112205342046124, 28.366876657929868 ], [ 77.112176536433168, 28.366928281659781 ], [ 77.112001214574619, 28.367242480357749 ], [ 77.11167264443317, 28.367096281792598 ], [ 77.111523026497437, 28.367036859138761 ], [ 77.111080611966884, 28.366821913024605 ], [ 77.110836935828402, 28.366679240079133 ], [ 77.110151061664865, 28.366350733536631 ], [ 77.110024133740396, 28.366284249798518 ], [ 77.109949556465168, 28.366234957167059 ], [ 77.109465363370873, 28.366045808802742 ], [ 77.109218409877272, 28.365957158111762 ], [ 77.10878009075158, 28.365799041653158 ], [ 77.108641849087462, 28.365760889270238 ], [ 77.108096488313933, 28.365781891639866 ], [ 77.107626129744617, 28.365796459511021 ], [ 77.107412551554361, 28.365718662438574 ], [ 77.107047790204575, 28.365614745336174 ], [ 77.106727754453743, 28.365536735142477 ], [ 77.1060430770831, 28.365370881337135 ], [ 77.105358536725603, 28.365223800586172 ], [ 77.104992975655307, 28.365121106544397 ], [ 77.104673724002495, 28.36503864606852 ], [ 77.104005090801252, 28.364843561470344 ], [ 77.103988807877457, 28.364838987110577 ], [ 77.103658166129406, 28.364689837129607 ], [ 77.103303183540334, 28.364540828260932 ], [ 77.103253720439682, 28.364525842087907 ], [ 77.102618324957035, 28.36434841253752 ], [ 77.10221666092707, 28.364259861652183 ], [ 77.102223931483337, 28.36415430765835 ], [ 77.102237101250211, 28.363610367901611 ], [ 77.102250271071085, 28.363066428110237 ], [ 77.102256852974534, 28.362794563371605 ], [ 77.102195096833881, 28.362522884659782 ], [ 77.102122838446348, 28.361979441305511 ], [ 77.102116853687136, 28.361934430732596 ], [ 77.102050580963464, 28.361435996931281 ], [ 77.102000709574881, 28.361060913518184 ], [ 77.101824555555055, 28.360893444869813 ], [ 77.101282390485366, 28.360346910054858 ], [ 77.101222652601763, 28.36035307094625 ], [ 77.100539712930555, 28.360423499195253 ], [ 77.100302116926699, 28.360448001315284 ], [ 77.100231697669585, 28.360358810222596 ], [ 77.100141654787549, 28.359775056208782 ], [ 77.099851678350205, 28.359784273021678 ], [ 77.099168392303824, 28.35980599000418 ], [ 77.099014732360558, 28.359821985529862 ], [ 77.098481534038669, 28.359329257434954 ], [ 77.098405160684024, 28.359281642410362 ], [ 77.098154287282924, 28.359080338542984 ], [ 77.098012977287766, 28.358966950023511 ], [ 77.097794540927964, 28.358832806908282 ], [ 77.09767429054925, 28.358741996379383 ], [ 77.097550648180714, 28.358649504523836 ], [ 77.097506527247376, 28.358596838470909 ], [ 77.09746845771673, 28.358551394617965 ], [ 77.097385525718607, 28.358452398229506 ], [ 77.097220471795211, 28.358255373668374 ], [ 77.097174930536411, 28.358201011275398 ], [ 77.096901084194997, 28.35805996616272 ], [ 77.09686060985274, 28.358039120138383 ], [ 77.096607068426451, 28.357908532467587 ], [ 77.096421286280105, 28.35793946477202 ], [ 77.09632220618272, 28.357956841992731 ], [ 77.09617071317939, 28.357662931642079 ], [ 77.096170100618394, 28.357661971037448 ], [ 77.096084066540357, 28.357527059270115 ], [ 77.095987663437882, 28.357375887743949 ], [ 77.095748969963225, 28.356985111439212 ], [ 77.095730832215509, 28.356955417885551 ], [ 77.095512705478683, 28.356578988034759 ], [ 77.095384903565758, 28.356443705406718 ], [ 77.095282712708411, 28.356335533471775 ], [ 77.09522055575242, 28.356274484880203 ], [ 77.095180829147509, 28.356235465237518 ], [ 77.0949805562622, 28.356038183083122 ], [ 77.094352954758222, 28.355407279192818 ], [ 77.094159914467198, 28.355253712595285 ], [ 77.093863893841601, 28.355089658654926 ], [ 77.093667201971599, 28.355078853119203 ], [ 77.093558922304908, 28.355072904843084 ], [ 77.093249921341993, 28.355055927980363 ], [ 77.093222141448237, 28.354960546657331 ], [ 77.093218274443856, 28.354416702834492 ], [ 77.093214407666551, 28.35387285896897 ], [ 77.093203555906641, 28.353578126750318 ], [ 77.092973029314408, 28.353565296815695 ], [ 77.092289348709031, 28.35352648489874 ], [ 77.091785043226253, 28.353497854169643 ], [ 77.09167294640794, 28.353337823361958 ], [ 77.091370293968552, 28.352953962483703 ], [ 77.091292430576701, 28.35287614807233 ], [ 77.091203363719075, 28.352784044401218 ], [ 77.090916893662481, 28.352729849889343 ], [ 77.090880434276158, 28.352722952076299 ], [ 77.090815501517511, 28.352723323566313 ], [ 77.090798175486427, 28.352728379883462 ], [ 77.090607848591063, 28.352783919454112 ], [ 77.090234647749185, 28.352892823472853 ], [ 77.089929040785123, 28.352971909735892 ], [ 77.089778783975234, 28.353010793660587 ], [ 77.089775508946218, 28.353011641545006 ], [ 77.089610085710021, 28.352805745026934 ], [ 77.08942954178795, 28.35259466863544 ], [ 77.089363415992452, 28.352510215921875 ], [ 77.089170931409683, 28.352264384000875 ], [ 77.088860668632719, 28.351877460094656 ], [ 77.088739982686917, 28.351722973231219 ], [ 77.088653707233661, 28.351602605741288 ], [ 77.088483127458787, 28.35137119054297 ], [ 77.088343206124748, 28.35118136768644 ], [ 77.088085909247141, 28.350814281586178 ], [ 77.087963516917924, 28.350639662417514 ], [ 77.087924606139396, 28.35058428274802 ], [ 77.087902775843702, 28.350553213426601 ], [ 77.08782904329243, 28.350448272943837 ], [ 77.087828218611932, 28.350447099882761 ], [ 77.087770113479493, 28.350337612202008 ], [ 77.087632289416419, 28.350010034850179 ], [ 77.087464947504998, 28.349508745342039 ], [ 77.087450411281452, 28.349465200212506 ], [ 77.087476567002696, 28.349423384454454 ], [ 77.087667514615291, 28.349118114771422 ], [ 77.087735542793268, 28.349009357424013 ], [ 77.087797390245342, 28.348910480709485 ], [ 77.088016237846205, 28.34860505222877 ], [ 77.0881177966628, 28.348463313629775 ], [ 77.088195545240751, 28.348354804232422 ], [ 77.088226721110729, 28.348171139267407 ], [ 77.088278576546116, 28.347865650384801 ], [ 77.088303681982438, 28.347804549256342 ], [ 77.088426415743186, 28.347526022463789 ], [ 77.088457277390077, 28.347438844486149 ], [ 77.088531234664558, 28.347252060694199 ], [ 77.088583396444264, 28.347115228404917 ], [ 77.088627391276219, 28.346999818531291 ], [ 77.088741725275796, 28.346699891847742 ], [ 77.088857560596466, 28.346443760309612 ], [ 77.088907303450796, 28.346333770251398 ], [ 77.088931503762439, 28.346283207025227 ], [ 77.088934064632539, 28.346274596344323 ], [ 77.08899177810278, 28.346146982112227 ], [ 77.08913024165517, 28.34585153918956 ], [ 77.08907740490713, 28.345597147287769 ], [ 77.089062475708275, 28.345494504253061 ], [ 77.089056282076882, 28.345451914274062 ], [ 77.088997883322193, 28.345050400461936 ], [ 77.088938366708959, 28.344715451310741 ], [ 77.08869696889964, 28.344652092985925 ], [ 77.088595982827158, 28.344613125227838 ], [ 77.08856333551573, 28.344600527676249 ], [ 77.088544803828512, 28.344593377060725 ], [ 77.088409683611857, 28.344542964115035 ], [ 77.088124753054458, 28.344436656303508 ], [ 77.088052789077992, 28.344411871698263 ], [ 77.087720669330736, 28.344288152886495 ], [ 77.087439620900724, 28.344183457106602 ], [ 77.087225505558607, 28.344100749740448 ], [ 77.087131275875521, 28.344064351098474 ], [ 77.087032550996568, 28.344064912101036 ], [ 77.08675545026432, 28.344066486842415 ], [ 77.086350853058519, 28.344068785684293 ], [ 77.08623356615341, 28.344069451469576 ], [ 77.086069813404606, 28.343740857236135 ], [ 77.085993038644887, 28.343581359649921 ], [ 77.08599266442819, 28.343580582132088 ], [ 77.085850692419712, 28.343391815129401 ], [ 77.085757264648024, 28.343267593381949 ], [ 77.085630099460275, 28.343038771520554 ], [ 77.085586246764933, 28.342964786945206 ], [ 77.085400389765979, 28.342651221941914 ], [ 77.085313281148586, 28.34250332558241 ], [ 77.085309391638333, 28.342496722085009 ], [ 77.085140806761757, 28.34219552816171 ], [ 77.085054929978369, 28.342042098477965 ], [ 77.085005940396371, 28.341954572995729 ], [ 77.084955425540144, 28.341848587894944 ], [ 77.084922577879382, 28.341779671145982 ], [ 77.084891126663322, 28.341713684635604 ], [ 77.084747419032738, 28.341412169285022 ], [ 77.08447044566509, 28.340975968082567 ], [ 77.084426721003993, 28.340870117156822 ], [ 77.084174526214184, 28.340327675822884 ], [ 77.084065899560485, 28.340100762431163 ], [ 77.084064784165747, 28.340098431551596 ], [ 77.083994410925683, 28.340124261373912 ], [ 77.083637529484619, 28.340228498585716 ], [ 77.08342816090753, 28.339818873937464 ], [ 77.083412441523805, 28.339788119121696 ], [ 77.083411288288417, 28.339785468478205 ], [ 77.083189412307036, 28.339275341579079 ], [ 77.083176469350391, 28.339245584728893 ], [ 77.082938687829426, 28.338732028598464 ], [ 77.082925310042754, 28.338703134694157 ], [ 77.082678765815558, 28.338188881661964 ], [ 77.082665271168793, 28.338160733952769 ], [ 77.082465243345837, 28.337743503191824 ], [ 77.082418376626521, 28.337645743933653 ], [ 77.082405235108894, 28.337618333437639 ], [ 77.082125725561937, 28.337103194706412 ], [ 77.082111037553631, 28.337076124513651 ], [ 77.082044385105036, 28.336908779741616 ], [ 77.081948254880686, 28.336682212178875 ], [ 77.081904309943042, 28.336559343355439 ], [ 77.08169938827767, 28.336015189216596 ], [ 77.081617770978667, 28.335788389876644 ], [ 77.081485940741501, 28.335471190951576 ], [ 77.081278465738137, 28.33492708394018 ], [ 77.081064171563042, 28.334383099502105 ], [ 77.080956823416031, 28.334089862847719 ], [ 77.080866932714287, 28.33383880384967 ], [ 77.080776061330226, 28.333627722387984 ], [ 77.080760385422835, 28.33359130964347 ], [ 77.081179651003865, 28.333327829185389 ], [ 77.081213499079951, 28.333306557565578 ], [ 77.081249528389364, 28.333283915359303 ], [ 77.081317335915671, 28.33324593810654 ], [ 77.081630261288751, 28.33307067285584 ], [ 77.081664465980495, 28.332945612995907 ], [ 77.081923106121721, 28.332784586496203 ], [ 77.082051642690857, 28.332721359737736 ], [ 77.082364065939714, 28.332556676169503 ], [ 77.082231289565868, 28.332170177732284 ], [ 77.082039166425076, 28.33162579025246 ], [ 77.08190075551687, 28.331278860875763 ], [ 77.081859006902761, 28.33129340074446 ], [ 77.081777089212608, 28.331095505593471 ], [ 77.081732838934556, 28.331113127253992 ], [ 77.081652695156421, 28.33114504232918 ], [ 77.08145868461358, 28.331223506172552 ], [ 77.081199448808292, 28.33129427987895 ], [ 77.081140820955127, 28.33131028535194 ], [ 77.080965280174382, 28.33135820886454 ], [ 77.080517084064937, 28.331423438955753 ], [ 77.080511104431864, 28.331424308905127 ], [ 77.080498144672873, 28.331405843153 ], [ 77.080376481579776, 28.331232491971765 ], [ 77.080311227525272, 28.331211578974319 ], [ 77.080300535210355, 28.331208152486298 ], [ 77.079832134735184, 28.331181929612214 ], [ 77.07974730902076, 28.331173147398648 ], [ 77.079735190020131, 28.331174487213499 ], [ 77.079605391570581, 28.331212335083826 ], [ 77.079483908552746, 28.3312324763303 ], [ 77.079149334766626, 28.331248787965166 ], [ 77.078922300379503, 28.331259855626044 ], [ 77.078522157540874, 28.331296490041051 ], [ 77.078466436622421, 28.331301591108026 ], [ 77.078238814051133, 28.331322430107239 ], [ 77.077783829780287, 28.331396555388032 ], [ 77.077668669765018, 28.331415317360594 ], [ 77.077636746172814, 28.33141904312825 ], [ 77.077516569240231, 28.331433070929187 ], [ 77.077405162326855, 28.331432973988274 ], [ 77.076872233818364, 28.331432511560944 ], [ 77.07681154595285, 28.331424651226641 ], [ 77.076417799313106, 28.331469175198038 ], [ 77.076188744498268, 28.331495075882401 ], [ 77.076180291338289, 28.331490418454372 ], [ 77.075892387616932, 28.33133180061273 ], [ 77.075870625065519, 28.331360891806575 ], [ 77.075709317910153, 28.331576513641924 ], [ 77.075606822499481, 28.33167396981553 ], [ 77.075544864564947, 28.331732882003912 ], [ 77.075141567290132, 28.332108255708437 ], [ 77.075035029323573, 28.332221039090491 ], [ 77.074799514858043, 28.332470360472922 ], [ 77.074677902632189, 28.332568326994245 ], [ 77.074376804693557, 28.332742693820723 ], [ 77.074290295904035, 28.332792791075811 ], [ 77.074274138974673, 28.332781631898822 ], [ 77.074225507089906, 28.332809314156346 ], [ 77.074062418137601, 28.332733356005924 ], [ 77.074062159954821, 28.332733242625633 ], [ 77.07369233724198, 28.332570384087742 ], [ 77.073550980134016, 28.332500851729904 ], [ 77.073265451078001, 28.332230922329693 ], [ 77.073005524013325, 28.332058151753664 ], [ 77.072899203609722, 28.331994091328607 ], [ 77.072844332928497, 28.33190833219518 ], [ 77.072645405010277, 28.33169050661127 ], [ 77.07231713655402, 28.331316807105857 ], [ 77.07208593032891, 28.331149751412038 ], [ 77.072046579184473, 28.331121052342056 ], [ 77.072006923170022, 28.33109235518425 ], [ 77.071641944725357, 28.330834801109777 ], [ 77.071630491317777, 28.330826718485469 ], [ 77.071238989285362, 28.330611182044571 ], [ 77.070946316023495, 28.330694556589084 ], [ 77.070630689002769, 28.330780608891057 ], [ 77.070546698682435, 28.330803507225113 ], [ 77.070574468286821, 28.330885172431657 ], [ 77.07066711847807, 28.33115764561283 ], [ 77.07071436766735, 28.331284202512339 ], [ 77.070536293618702, 28.331339708479049 ], [ 77.070425863746948, 28.331426352896777 ], [ 77.070316134539922, 28.331513113827654 ], [ 77.070268904869806, 28.33154555501358 ], [ 77.070039056290128, 28.331705008548489 ], [ 77.070016519700118, 28.331723299440604 ], [ 77.069729332702607, 28.331956386327363 ], [ 77.069589239829142, 28.332070088145937 ], [ 77.069413970598163, 28.332183063876602 ], [ 77.069320303872331, 28.332243438962252 ], [ 77.06918968278967, 28.332327634786171 ], [ 77.069111946193388, 28.332488026585256 ], [ 77.069105756440464, 28.332500797748633 ], [ 77.069139628595948, 28.33255022228645 ], [ 77.069171271588644, 28.332596393336125 ], [ 77.068954646947475, 28.332709502346034 ], [ 77.068910515075004, 28.332732545840663 ], [ 77.068732409097123, 28.332895485061588 ], [ 77.068229619123912, 28.333079755835676 ], [ 77.067854291911814, 28.33320487719962 ], [ 77.067236227611929, 28.333531547636582 ], [ 77.067231016467403, 28.333534302124594 ], [ 77.067223017649368, 28.333537983180261 ], [ 77.067152516258844, 28.333570429579595 ], [ 77.067094629182932, 28.333597071167873 ], [ 77.066867315979479, 28.333701685363078 ], [ 77.066697178007942, 28.333801429911549 ], [ 77.066669031164878, 28.333818560041166 ], [ 77.066271278129562, 28.334060631833577 ], [ 77.066243994992178, 28.334077236253034 ], [ 77.066186862088841, 28.334115365733833 ], [ 77.066173696461405, 28.334124152061186 ], [ 77.066019469604967, 28.334266512384744 ], [ 77.066009555180003, 28.334275663628457 ], [ 77.065841550274357, 28.334606014711024 ], [ 77.065838152847945, 28.334612694918277 ], [ 77.065793916907111, 28.334637763023597 ], [ 77.065708696302565, 28.334686055150581 ], [ 77.065664722494404, 28.334707754341217 ], [ 77.065663042081553, 28.334708877967007 ], [ 77.065596952067892, 28.334753063277169 ], [ 77.065582954972641, 28.334762421608708 ], [ 77.065508082127096, 28.334774888361295 ], [ 77.065194514114822, 28.334809663183407 ], [ 77.064824093716851, 28.334672910971904 ], [ 77.064810873828762, 28.334663344868709 ], [ 77.06435890276282, 28.334666928647955 ], [ 77.064140517940146, 28.334631357709117 ], [ 77.064042239968018, 28.334616437502373 ], [ 77.063792339735144, 28.334594437135625 ], [ 77.063595285149034, 28.334592557046733 ], [ 77.063383773363526, 28.334590538974126 ], [ 77.063109338624471, 28.334587918602043 ], [ 77.06259049892256, 28.334574280344182 ], [ 77.062427730751494, 28.334528667699676 ], [ 77.062422620510176, 28.334527204648261 ], [ 77.06196483288268, 28.334463861713672 ], [ 77.061885396639468, 28.334452869991974 ], [ 77.061857778925372, 28.334517042133005 ], [ 77.061737479839152, 28.334796572737211 ], [ 77.061730971410483, 28.334811695461209 ], [ 77.061525251326785, 28.334631915427497 ], [ 77.061439438012926, 28.334738829566994 ], [ 77.061292816206105, 28.334921502891309 ], [ 77.061198826081053, 28.334882403793358 ], [ 77.061101405119231, 28.334975582352683 ], [ 77.060525626463786, 28.334867420683196 ], [ 77.060126558790898, 28.335062885277104 ], [ 77.059479202145809, 28.335299385909902 ], [ 77.059362144972184, 28.335320991126753 ], [ 77.058764573400779, 28.335476322595408 ], [ 77.058680054341679, 28.335499219102772 ], [ 77.058498037262652, 28.335540520095233 ], [ 77.057997802528249, 28.335654027139338 ], [ 77.057764803303726, 28.335701729967006 ], [ 77.057498517873725, 28.335756245725211 ], [ 77.05731544710315, 28.335793725118315 ], [ 77.057072795708763, 28.335848605414224 ], [ 77.057109878868772, 28.336052720154854 ], [ 77.057124569204063, 28.336127136659922 ], [ 77.057134798657216, 28.336178955787243 ], [ 77.057099278400855, 28.336225435425252 ], [ 77.056910907944868, 28.336471925706448 ], [ 77.056819932742172, 28.336591002151941 ], [ 77.056690275451302, 28.336786539876893 ], [ 77.056217689924253, 28.336850796756178 ], [ 77.055786766506657, 28.336904000769092 ], [ 77.05552886798219, 28.337063468468809 ], [ 77.05547645678476, 28.337107746978365 ], [ 77.054834041263561, 28.337502766683794 ], [ 77.054154417251482, 28.337367931558227 ], [ 77.053475195598509, 28.337217984040358 ], [ 77.053171150903694, 28.337592493584992 ], [ 77.052779957813399, 28.337672381181971 ], [ 77.052179664624532, 28.337766432378508 ], [ 77.052094327007154, 28.337764166661525 ], [ 77.051542411936794, 28.337822420275362 ], [ 77.051409990387981, 28.337807085140579 ], [ 77.050991435759343, 28.337798514341291 ], [ 77.050729472943289, 28.337705987521623 ], [ 77.05016673443501, 28.337543291711189 ], [ 77.050050654126807, 28.337540913877977 ], [ 77.049367826905552, 28.337526925069607 ], [ 77.049128837410947, 28.337522027814654 ], [ 77.04867978678206, 28.337709345230731 ], [ 77.048193368235928, 28.337920466517382 ], [ 77.048124298421854, 28.338045648713578 ], [ 77.04776844207251, 28.338582564136811 ], [ 77.047657720983878, 28.338795029407301 ], [ 77.047429653112758, 28.339119827960168 ], [ 77.047153991784555, 28.339606200083114 ], [ 77.047090859861711, 28.339657091995974 ], [ 77.046874999047844, 28.339983114153402 ], [ 77.046657831254876, 28.340192421902341 ], [ 77.046205665362663, 28.340686667835389 ], [ 77.046169125132408, 28.340726608951371 ], [ 77.045562323685772, 28.341258371818665 ], [ 77.04546355074055, 28.341362605080192 ], [ 77.045379075133383, 28.341789107970822 ], [ 77.045377158464973, 28.34179878392176 ], [ 77.045226133309541, 28.34233989651748 ], [ 77.045131541263558, 28.342685645724128 ], [ 77.044878442383862, 28.342876973241328 ], [ 77.044506640235994, 28.343127804615314 ], [ 77.044104641373366, 28.343405304182191 ], [ 77.043738905785034, 28.343669902083153 ], [ 77.043047199627495, 28.343988274843863 ], [ 77.042792615163037, 28.344076132090827 ], [ 77.042729236180662, 28.344105408720864 ], [ 77.042772068160133, 28.344358398050929 ], [ 77.043004189579946, 28.345174695350117 ], [ 77.043123364928903, 28.345748086332112 ], [ 77.043197618938564, 28.346620506116022 ], [ 77.04320993156729, 28.347114131816845 ], [ 77.043198293911175, 28.347675301203029 ], [ 77.043055632422011, 28.348476213931104 ], [ 77.042940754087738, 28.348907662154527 ], [ 77.04284809354246, 28.349255664013896 ], [ 77.042845533161454, 28.3492574674076 ], [ 77.042374162774777, 28.349589413186603 ], [ 77.042067288151927, 28.349805517564366 ], [ 77.042048550023253, 28.349818712904085 ], [ 77.041693583050261, 28.350014391662558 ], [ 77.041210306922636, 28.350280799773397 ], [ 77.041011860781111, 28.350267419953592 ], [ 77.040328157419907, 28.350221322743039 ], [ 77.040205650968019, 28.350213062227372 ], [ 77.039645352586433, 28.350311366843265 ], [ 77.039345651942213, 28.350363948297947 ], [ 77.039281504623261, 28.350375202955536 ], [ 77.039122035444038, 28.350403181191204 ], [ 77.038955927322746, 28.350980096502102 ], [ 77.038378597353372, 28.351818008412739 ], [ 77.038526207696592, 28.352866397894083 ], [ 77.038125505970967, 28.35371680304673 ], [ 77.038549579680435, 28.354307505269023 ], [ 77.038397417736533, 28.354571729741213 ], [ 77.038955882630162, 28.354563377756715 ], [ 77.039152201073477, 28.355119639838374 ], [ 77.03989622633344, 28.356331439469187 ], [ 77.040462875416665, 28.357178610236787 ], [ 77.040501829529035, 28.357235240748608 ], [ 77.040516565060315, 28.357262933961533 ], [ 77.041128841095485, 28.358413572630663 ], [ 77.04141104594467, 28.358943904348916 ], [ 77.04155863645515, 28.359425656031057 ], [ 77.041705828244289, 28.359968032562826 ], [ 77.041853021702906, 28.360510408817809 ], [ 77.041972616051979, 28.360859634611682 ], [ 77.041765910016139, 28.360926420197259 ], [ 77.041453298393492, 28.361048516795346 ], [ 77.0414569050686, 28.36105973602772 ], [ 77.041453129938148, 28.36106098008419 ], [ 77.041514841230637, 28.361604636949597 ], [ 77.041545802882069, 28.361877404025869 ], [ 77.041576553333698, 28.36214829371394 ], [ 77.041655362975618, 28.362691694271028 ], [ 77.041678298121127, 28.363145203429429 ], [ 77.041682883156739, 28.363235863055781 ], [ 77.041693306899674, 28.3637802879019 ], [ 77.041720827921708, 28.364324456573105 ], [ 77.041765446483566, 28.36486836904562 ], [ 77.041780141969426, 28.365125165893922 ], [ 77.042060084988577, 28.365386234384296 ], [ 77.042083620254502, 28.365408182779422 ], [ 77.042104586427257, 28.365434269109187 ], [ 77.042752157983017, 28.365981817724055 ], [ 77.0429124165952, 28.366117321161848 ], [ 77.04296381931178, 28.366160783614532 ], [ 77.043168801917759, 28.366336057539748 ], [ 77.043335481422062, 28.366478580215169 ], [ 77.043562133324926, 28.366628118918928 ], [ 77.043578173853021, 28.366657621213843 ], [ 77.043773350046322, 28.367016594695883 ], [ 77.04385769085799, 28.367145671798475 ], [ 77.043893062815073, 28.36719980471057 ], [ 77.044089804404379, 28.367500899996838 ], [ 77.044125735774614, 28.367555889813506 ], [ 77.044253130496784, 28.367741744557783 ], [ 77.044477354127437, 28.368068859875851 ], [ 77.044548273415344, 28.368207640619719 ], [ 77.044587204030165, 28.368283824229518 ], [ 77.044602602223222, 28.36831395593893 ], [ 77.044658099244273, 28.368422557437757 ], [ 77.044911239266227, 28.368825955195305 ], [ 77.045116895194326, 28.369188520205547 ], [ 77.045505000139016, 28.369359999620105 ], [ 77.04583742725589, 28.36959568042878 ], [ 77.045915689958193, 28.369651165735878 ], [ 77.046637422707292, 28.370162850306457 ], [ 77.047182467302875, 28.370549263663488 ], [ 77.047186967510385, 28.370552453585219 ], [ 77.047223000297194, 28.370577999556389 ], [ 77.04788903443432, 28.371083572780297 ], [ 77.048910197523327, 28.371858699602932 ], [ 77.049236000259086, 28.372105999651506 ], [ 77.050511000403162, 28.371465000111556 ], [ 77.050569322559099, 28.37145355401271 ], [ 77.050910649501816, 28.371386566614564 ], [ 77.051593170836583, 28.371252615654328 ], [ 77.051599335195192, 28.371251406623909 ], [ 77.052651000341129, 28.371045000144477 ], [ 77.05286805461111, 28.371003315065444 ], [ 77.052927138192032, 28.370991968395604 ], [ 77.053081208566383, 28.37096237961925 ], [ 77.053620053641055, 28.370858894885281 ], [ 77.053922831626934, 28.37080074483184 ], [ 77.054312375631014, 28.370725935137404 ], [ 77.054316267627286, 28.370725187962126 ], [ 77.054739000043995, 28.370643999653588 ], [ 77.055690618316632, 28.370346111193527 ], [ 77.056007660207214, 28.370246864506168 ], [ 77.057054999917156, 28.369918999804387 ], [ 77.0572138515262, 28.369894189865498 ], [ 77.057932280857884, 28.369781982782875 ], [ 77.058009000353792, 28.369770000352521 ], [ 77.058010337340178, 28.36976738497518 ], [ 77.0590389998207, 28.369574999643064 ], [ 77.059566839898807, 28.369578633646718 ], [ 77.060346999623221, 28.369584000384496 ], [ 77.061604230341018, 28.369604421598979 ], [ 77.061938021995232, 28.369609841391465 ], [ 77.062070999808498, 28.369611999907491 ], [ 77.062797028593124, 28.369630553847689 ], [ 77.063079067770772, 28.36967235856341 ], [ 77.064130999943814, 28.37003599988282 ], [ 77.064986080561539, 28.370165662425773 ], [ 77.065258398506586, 28.370186626439011 ], [ 77.065302606614992, 28.370190029661426 ], [ 77.067016999572672, 28.370322000010361 ], [ 77.068171999998142, 28.370424000353548 ], [ 77.068732960649641, 28.370559791895822 ], [ 77.068738667966372, 28.370561173383336 ], [ 77.06887580763329, 28.370594369832453 ], [ 77.068886056199332, 28.370602338142891 ], [ 77.069011755291029, 28.37062727834034 ], [ 77.069274999623346, 28.370691000196917 ], [ 77.069375114869274, 28.370733374051706 ], [ 77.06974699974063, 28.370829000083528 ], [ 77.069798532300169, 28.370912587590144 ], [ 77.069871336932778, 28.370943401635227 ], [ 77.069876158283833, 28.370945442617991 ], [ 77.070234739451237, 28.371097211778348 ], [ 77.070276654514316, 28.37111495233923 ], [ 77.070376000053699, 28.371156999638902 ], [ 77.071041545058264, 28.372242149143133 ], [ 77.071176999997149, 28.372462999942414 ], [ 77.071223887300931, 28.372464516060212 ], [ 77.071234729273527, 28.372488723863707 ], [ 77.071313744626678, 28.37260953558588 ], [ 77.071365257996334, 28.372688296900396 ], [ 77.071452702220398, 28.372821995058878 ], [ 77.071648066570233, 28.37287039961047 ], [ 77.071921373326802, 28.372938114811269 ], [ 77.072304766233074, 28.373026617554277 ], [ 77.072606033111882, 28.373100470739601 ], [ 77.073235501430418, 28.373235867700505 ], [ 77.073290590697411, 28.373247716580234 ], [ 77.073393379023543, 28.373284909540157 ], [ 77.073528701477798, 28.373315594944991 ], [ 77.073799309848198, 28.373401872673341 ], [ 77.07418336980848, 28.373530896287722 ], [ 77.074294940341758, 28.373568377157127 ], [ 77.074418137030094, 28.373609764083437 ], [ 77.074482885967242, 28.373642465885048 ], [ 77.074866327438741, 28.373836121682967 ], [ 77.074943184469518, 28.37387493820621 ], [ 77.075085447325421, 28.373982010640095 ], [ 77.075165703919751, 28.374042414596392 ], [ 77.075239456138974, 28.374097922137626 ], [ 77.075463657255497, 28.374272963887378 ], [ 77.075538984078193, 28.374331775147358 ], [ 77.075667029475383, 28.374431744505237 ], [ 77.075707080934819, 28.374463013605038 ], [ 77.075707414519911, 28.374463273815053 ], [ 77.076033624951307, 28.37452432819763 ], [ 77.076660491102004, 28.374368242425838 ], [ 77.076715979761616, 28.374353782911278 ], [ 77.077490990349915, 28.374094677767623 ], [ 77.078114345592653, 28.374327367966501 ], [ 77.078662629665345, 28.374522895634566 ], [ 77.078767151021026, 28.374431547663391 ], [ 77.079243139919456, 28.374075398542484 ], [ 77.079447253995397, 28.373939878791383 ], [ 77.079889210871087, 28.373605020869274 ], [ 77.080716191094979, 28.374379044456028 ], [ 77.080817972829848, 28.374459299136003 ], [ 77.08128107522559, 28.374717117642131 ], [ 77.081279764291409, 28.374764353208938 ], [ 77.081273327353927, 28.374996215098395 ], [ 77.08128891572332, 28.375064138808042 ], [ 77.081339515801673, 28.37528461431874 ], [ 77.081426434384298, 28.375244579282572 ], [ 77.082248872278456, 28.374865754944793 ], [ 77.082317459850614, 28.37490417559497 ], [ 77.082328234202038, 28.374910210987441 ], [ 77.082593638488035, 28.375058881122484 ], [ 77.082643769828806, 28.375095513704277 ], [ 77.082643704420278, 28.375094933589999 ], [ 77.082715417166682, 28.37513005869727 ], [ 77.082748581556899, 28.375149914202613 ], [ 77.083195227392139, 28.375417321281695 ], [ 77.08321863026525, 28.375431332498323 ], [ 77.083283631911911, 28.375417011817106 ], [ 77.083435058851279, 28.375383649227309 ], [ 77.083651888493947, 28.375335877371743 ], [ 77.083798997728238, 28.37530346562037 ], [ 77.083847055270766, 28.375331480423345 ], [ 77.084121384217838, 28.375491395912046 ], [ 77.084594692778296, 28.375767299263313 ], [ 77.08480811293181, 28.375926539874822 ], [ 77.085027706712154, 28.376096703344466 ], [ 77.084886440228971, 28.3764231814712 ], [ 77.084819883972571, 28.376576997572247 ], [ 77.084685091181001, 28.376668204147357 ], [ 77.084542424935947, 28.376764737619439 ], [ 77.084558408484142, 28.376809969720895 ], [ 77.084565218126613, 28.376829238993206 ], [ 77.084598108688553, 28.37692231489579 ], [ 77.084642430559995, 28.377047741094003 ], [ 77.084734227308445, 28.377307514544302 ], [ 77.084369486907875, 28.377593865857417 ], [ 77.084258366728974, 28.377681104104056 ], [ 77.084171630378606, 28.377736600857876 ], [ 77.083847712219765, 28.377943853489235 ], [ 77.083787647330894, 28.377982284680382 ], [ 77.08362151036259, 28.378088583244043 ], [ 77.083631841031632, 28.378141621513311 ], [ 77.083682406766357, 28.378401220461075 ], [ 77.083698394878894, 28.378506018537166 ], [ 77.083725923016232, 28.378686457386515 ], [ 77.08372996159396, 28.378712928326042 ], [ 77.08373493988033, 28.378745557871074 ], [ 77.083764124217169, 28.378760442438509 ], [ 77.084045761213574, 28.37890407489266 ], [ 77.084094642693984, 28.378929003524078 ], [ 77.084267777875368, 28.379017300985829 ], [ 77.084601928566485, 28.379191989010064 ], [ 77.084662655516922, 28.379223735706308 ], [ 77.08482056718546, 28.379303179607099 ], [ 77.085034586645861, 28.37942298668181 ], [ 77.085091251273695, 28.379460010026239 ], [ 77.085291452006345, 28.379459190907717 ], [ 77.085586775503856, 28.379457982833365 ], [ 77.085638061289089, 28.379462732734439 ], [ 77.085976840189048, 28.379490736251739 ], [ 77.086151889194255, 28.379505205974301 ], [ 77.086319755017243, 28.379519081639099 ], [ 77.08632203393482, 28.379519269620541 ], [ 77.086662670972643, 28.37954742523538 ], [ 77.08666401992518, 28.379547536317389 ], [ 77.087006006039744, 28.37957580214562 ], [ 77.087153173620337, 28.379587965364099 ], [ 77.087348502220365, 28.379604108921384 ], [ 77.087603096286287, 28.379625150685531 ], [ 77.087722908376804, 28.379642486028398 ], [ 77.087754517043876, 28.379652234285988 ], [ 77.088036348825582, 28.379775435936299 ], [ 77.088152765073204, 28.379826326243958 ], [ 77.088374916485918, 28.379824817808128 ], [ 77.088659596879396, 28.379875969745118 ], [ 77.088722715608384, 28.379862468430336 ], [ 77.088820698320276, 28.379841510632058 ], [ 77.089058248579221, 28.379790699782163 ], [ 77.089213078552334, 28.379758973042101 ], [ 77.089622497840793, 28.37967507844802 ], [ 77.089634280719224, 28.379672664408638 ], [ 77.089740830544017, 28.379650830118869 ], [ 77.089964661284171, 28.379579011246037 ], [ 77.090185760248929, 28.37950806859893 ], [ 77.09026121185525, 28.379483858699437 ], [ 77.090364024569197, 28.379450868692903 ], [ 77.090410019027857, 28.379426947359864 ], [ 77.090420063277705, 28.379421723851173 ], [ 77.090767460621109, 28.379307894672014 ], [ 77.091238854309566, 28.379112145674778 ], [ 77.09144732177765, 28.379025577676089 ], [ 77.091628448319227, 28.378940455997622 ], [ 77.091642141672963, 28.378934020471714 ], [ 77.091658956710262, 28.378927098476961 ], [ 77.091720406337458, 28.378901800675045 ], [ 77.091726729924474, 28.378899196865447 ], [ 77.091785982722826, 28.378868642298933 ], [ 77.091880627843707, 28.378826131391577 ], [ 77.091889034256582, 28.378822355026738 ], [ 77.092037010262402, 28.378755889846765 ], [ 77.09245117067212, 28.378580814050139 ], [ 77.092572072562376, 28.378529706097982 ], [ 77.092806657442409, 28.378439745467379 ], [ 77.093046528939453, 28.378347757768061 ], [ 77.093148908480188, 28.378278117226589 ], [ 77.093199670101868, 28.378258381730344 ], [ 77.093293031202379, 28.378222083317677 ], [ 77.093357550545136, 28.378190736127124 ], [ 77.093436245078152, 28.378160614853591 ], [ 77.094033363404677, 28.37793205804908 ], [ 77.094166458148237, 28.377881114146209 ], [ 77.094846834174149, 28.377629107067104 ], [ 77.095035145995141, 28.377546253646816 ], [ 77.095526535960502, 28.377339037061141 ], [ 77.095931136464216, 28.37713855717541 ], [ 77.096073813128626, 28.377116900417008 ], [ 77.096207075333652, 28.377096672397208 ], [ 77.096557883437384, 28.377043422234159 ], [ 77.096889391742593, 28.376955107970598 ], [ 77.097053307104957, 28.376911439944276 ], [ 77.097240110052368, 28.376858196536489 ], [ 77.097571037657389, 28.376775688969566 ], [ 77.097922443743286, 28.376688074734478 ], [ 77.09807887800072, 28.376647323382574 ], [ 77.098252387547987, 28.376579648177472 ], [ 77.098328603871536, 28.376549921463006 ], [ 77.098604231429533, 28.376442416314259 ], [ 77.098932487793704, 28.376313088753136 ], [ 77.098954913349147, 28.37630425310785 ], [ 77.099169014451078, 28.376219900510943 ], [ 77.099285852685824, 28.376173868252554 ], [ 77.099613202315695, 28.376081462618913 ], [ 77.099967804587379, 28.375981362374471 ], [ 77.099968015632328, 28.375981303176271 ], [ 77.100104010727577, 28.37591778709966 ], [ 77.100293538835516, 28.375828637503538 ], [ 77.100814459671028, 28.375583606379379 ], [ 77.10097281340046, 28.375515952165955 ], [ 77.101201198146796, 28.375418377043836 ], [ 77.101330655666715, 28.375363067279061 ], [ 77.101652780774785, 28.375242696191069 ], [ 77.10178096885592, 28.375194794897027 ], [ 77.102012360547448, 28.375108328670247 ] ] ] ] } },
{ "type": "Feature", "properties": { "OBJECTID": 26147, "MC_Code": 12, "MC_Ward_No": "32", "MC_Name": "Gurugram", "Area": 1618869.2449546601, "TotalPopul": 0, "GenPopulat": 0, "BCPopulati": 0, "SCPopulati": 0, "Notificati": "19/45/2023-6C I", "Notifica_1": "2023-12-14", "Remarks": "Updated in GIS Database", "created_us": null, "created_da": null, "last_edite": null, "last_edi_1": null, "Shape_STAr": 1.61886924495, "Shape_STLe": 9334.9327960699993 }, "geometry": { "type": "MultiPolygon", "coordinates": [ [ [ [ 77.019186604179765, 28.464274621623144 ], [ 77.018996610419947, 28.46416676009904 ], [ 77.01896323728397, 28.464147813349943 ], [ 77.01884081891653, 28.46407514103247 ], [ 77.018572720734554, 28.463956881006009 ], [ 77.018388184469032, 28.463913780307934 ], [ 77.018184927290321, 28.463909157744553 ], [ 77.018048400061545, 28.463890173395185 ], [ 77.018002771088788, 28.463869153284175 ], [ 77.017972083251991, 28.463855015717549 ], [ 77.017669580715435, 28.463632215153943 ], [ 77.017588036061781, 28.463549384580848 ], [ 77.017545155894922, 28.463509753834959 ], [ 77.017416051130027, 28.463408821771406 ], [ 77.017412026135631, 28.463406254712353 ], [ 77.017294897352897, 28.463331558764384 ], [ 77.017011186195802, 28.463158700564662 ], [ 77.01686130665702, 28.463067384839238 ], [ 77.016636102285545, 28.462931294629577 ], [ 77.016508934536006, 28.46286539326405 ], [ 77.016446195830966, 28.462832880280061 ], [ 77.016377213302434, 28.462794087372327 ], [ 77.01630558651128, 28.462753807741944 ], [ 77.016221173739581, 28.462706337232465 ], [ 77.016064767285542, 28.462618288246571 ], [ 77.015969932290602, 28.46256490190105 ], [ 77.015797203888397, 28.46246050193372 ], [ 77.015754343048755, 28.462423875154897 ], [ 77.015742569660603, 28.462413814185712 ], [ 77.015731555889545, 28.462423599326915 ], [ 77.015726413525115, 28.462428168411407 ], [ 77.014355624084942, 28.464296408068815 ], [ 77.014340067304403, 28.464322088734548 ], [ 77.014279347572938, 28.464266291890198 ], [ 77.014173813532324, 28.464156215807876 ], [ 77.014120558026505, 28.464100668365528 ], [ 77.013814907146894, 28.463781859970471 ], [ 77.013794304927671, 28.463760371226169 ], [ 77.013150752443451, 28.464045885053757 ], [ 77.013011191538141, 28.464152225413603 ], [ 77.012813547068376, 28.464210210573466 ], [ 77.012676955037989, 28.464250284991561 ], [ 77.012671956831468, 28.464251750413855 ], [ 77.012521027642435, 28.464296004572713 ], [ 77.012471555318925, 28.464310510418976 ], [ 77.012314154254184, 28.464356661251013 ], [ 77.012241647146837, 28.46438587080004 ], [ 77.011727055135495, 28.464593172233553 ], [ 77.011716353901193, 28.464599704840669 ], [ 77.011707232977969, 28.464589453583464 ], [ 77.011588089635211, 28.464455557658788 ], [ 77.011542999613638, 28.464404883850339 ], [ 77.011470799037653, 28.464340966429909 ], [ 77.010946176162179, 28.463876522009503 ], [ 77.010901748436154, 28.463833831301741 ], [ 77.010897023498842, 28.463829291001538 ], [ 77.010558691912578, 28.463504185027489 ], [ 77.0105077091293, 28.463455195146288 ], [ 77.012342999855363, 28.462268000338533 ], [ 77.013822999720787, 28.461173999804373 ], [ 77.013839999532095, 28.46116100038574 ], [ 77.013767999926699, 28.461131000056323 ], [ 77.013764695323118, 28.461129474369066 ], [ 77.013561084901738, 28.461024836566381 ], [ 77.0133015706528, 28.460902619701059 ], [ 77.013061032798447, 28.460755290195767 ], [ 77.0128015559023, 28.460634980270751 ], [ 77.012559293499066, 28.460510595367005 ], [ 77.012396119319703, 28.460453800653863 ], [ 77.012101068925162, 28.460395136396368 ], [ 77.011943183707004, 28.460384121863367 ], [ 77.011896188265851, 28.460380843123303 ], [ 77.011845151116475, 28.460377282163506 ], [ 77.011841418184432, 28.460377021560614 ], [ 77.011739652704748, 28.460369922985169 ], [ 77.011677621361102, 28.460380047413267 ], [ 77.011621318716735, 28.460378764220572 ], [ 77.011439105323845, 28.460374609587348 ], [ 77.011415520245691, 28.460374072307005 ], [ 77.011389582549555, 28.460373479582504 ], [ 77.011372745714255, 28.460373096951464 ], [ 77.011353414527804, 28.460371213583255 ], [ 77.011290117904522, 28.460365049040174 ], [ 77.011258703335287, 28.460361989017898 ], [ 77.011219156112247, 28.460358136974566 ], [ 77.011184250131436, 28.460354736944314 ], [ 77.01112820128607, 28.460349277264999 ], [ 77.0110238823288, 28.46033911629441 ], [ 77.01093693145576, 28.460330646623042 ], [ 77.010934326957312, 28.460330392770249 ], [ 77.010826636304856, 28.460319903413957 ], [ 77.010794002345278, 28.460316723251839 ], [ 77.010703146828874, 28.460307874419676 ], [ 77.010684552192316, 28.46030606218029 ], [ 77.010632211668508, 28.460300963455492 ], [ 77.010560231224858, 28.460242287582201 ], [ 77.0104969427302, 28.460190697564144 ], [ 77.010469393477436, 28.460168241659069 ], [ 77.01040374361709, 28.460114726569646 ], [ 77.010311166867041, 28.460039261555302 ], [ 77.01016192758081, 28.459932366406058 ], [ 77.009823329979639, 28.459689840765872 ], [ 77.009793079845196, 28.459668173589815 ], [ 77.009757934689915, 28.459643000873584 ], [ 77.009753370869973, 28.459639731377063 ], [ 77.009750637011635, 28.459643108719874 ], [ 77.009632447584735, 28.459789128831623 ], [ 77.009573567784017, 28.459861873990967 ], [ 77.00950185270635, 28.459950477433146 ], [ 77.00940345625358, 28.460072042294904 ], [ 77.009349243181447, 28.460129818578363 ], [ 77.009332944424244, 28.460147188971142 ], [ 77.00927113042394, 28.460213067963469 ], [ 77.00916122663368, 28.460330197016795 ], [ 77.009156951033333, 28.460335902666266 ], [ 77.009152461284117, 28.460341893016963 ], [ 77.009089653909314, 28.460425712068915 ], [ 77.009068294817169, 28.460454216563885 ], [ 77.009036633615082, 28.460496469168621 ], [ 77.008931882295954, 28.460561482602916 ], [ 77.008849093031742, 28.460612866185336 ], [ 77.008830382911, 28.460630376816738 ], [ 77.008805159171132, 28.460653984382542 ], [ 77.008613039243272, 28.460789697963673 ], [ 77.00834420655724, 28.460979601425223 ], [ 77.008361354012564, 28.460998672313643 ], [ 77.007912519556569, 28.461324049455072 ], [ 77.007905146054327, 28.461318911078102 ], [ 77.00788436145065, 28.46130443001903 ], [ 77.00788325002388, 28.461305215243506 ], [ 77.007877649598342, 28.461310416143178 ], [ 77.007793049247553, 28.461388989726654 ], [ 77.007463356863596, 28.461695194350206 ], [ 77.007490445314602, 28.461727260632372 ], [ 77.007481999516457, 28.461733999640831 ], [ 77.007318999642209, 28.461864999904787 ], [ 77.007017000122602, 28.462102000292617 ], [ 77.006776999753129, 28.462299000120048 ], [ 77.007503999851437, 28.463046000260139 ], [ 77.007344999778709, 28.463171000390176 ], [ 77.007223000220364, 28.463263999584328 ], [ 77.007261000051685, 28.463303000122817 ], [ 77.007442000412709, 28.463495999586538 ], [ 77.007492000287357, 28.463548000125257 ], [ 77.007560130631575, 28.463621897746201 ], [ 77.007514749064129, 28.46365550220542 ], [ 77.007469728985669, 28.463688838725862 ], [ 77.007375251485087, 28.463661008570888 ], [ 77.007106276755181, 28.463907205031084 ], [ 77.006571623828478, 28.464292112330732 ], [ 77.006039066458484, 28.464675505949568 ], [ 77.006034601521492, 28.46467872016779 ], [ 77.005646954522987, 28.46495608255881 ], [ 77.005415422776835, 28.465123718707016 ], [ 77.004777724481784, 28.465585427808147 ], [ 77.00476785479249, 28.465592980833208 ], [ 77.004268715618139, 28.46597496742131 ], [ 77.004079252801674, 28.466010215308952 ], [ 77.003977384585511, 28.46602916658933 ], [ 77.003178961917286, 28.466387556713986 ], [ 77.003133741011027, 28.466406755675386 ], [ 77.002846376966261, 28.466555673054337 ], [ 77.002565790674126, 28.46672024622945 ], [ 77.002256331726869, 28.46689859270586 ], [ 77.002234221040126, 28.466910688745365 ], [ 77.002066870522043, 28.467002237130163 ], [ 77.002061345526542, 28.467005566093057 ], [ 77.001773694140681, 28.467178896320199 ], [ 77.001487152968863, 28.467424552262042 ], [ 77.001463140405775, 28.46744513856067 ], [ 77.001331526503094, 28.4675436505823 ], [ 77.001301203834998, 28.467572835428065 ], [ 77.001328000307154, 28.46758199977624 ], [ 77.001468348598209, 28.467632368595073 ], [ 77.001615000414233, 28.467684999643673 ], [ 77.001624000324298, 28.467688000168703 ], [ 77.00238765043099, 28.467955542924866 ], [ 77.002347817425701, 28.46807946208348 ], [ 77.002320000035724, 28.468165999773991 ], [ 77.00256400021361, 28.468696000019612 ], [ 77.002909222825636, 28.468602845142641 ], [ 77.003022061161587, 28.468845277093514 ], [ 77.00304318460671, 28.468890659856157 ], [ 77.003660707607764, 28.470217384637291 ], [ 77.003127649680792, 28.470383938949627 ], [ 77.002928035527916, 28.470461587385444 ], [ 77.002928658104267, 28.470463679821187 ], [ 77.003063508073438, 28.470916896429404 ], [ 77.003210855743831, 28.471412109722685 ], [ 77.003090166680963, 28.471455958832841 ], [ 77.002179977315038, 28.471790246558477 ], [ 77.002218022419001, 28.47186470527436 ], [ 77.002219323902622, 28.471867329133879 ], [ 77.001455000447294, 28.472024999841871 ], [ 77.001473000037421, 28.472378999706251 ], [ 77.001224300072991, 28.472372604751321 ], [ 77.000773000444823, 28.472361000241794 ], [ 77.000331999766317, 28.472363000159721 ], [ 77.000334999791491, 28.472536999706573 ], [ 77.0002489996197, 28.472536999895787 ], [ 77.000259000458158, 28.472762999912948 ], [ 77.000272000266321, 28.47277799996834 ], [ 77.000267999884514, 28.472783999997223 ], [ 77.000307999564356, 28.473294000358866 ], [ 76.999756999623756, 28.473305000095291 ], [ 76.999776999889761, 28.473674999604413 ], [ 76.999909000069479, 28.47367099960066 ], [ 77.00016500031272, 28.473670000150157 ], [ 77.000574000282143, 28.473670000091307 ], [ 77.000594999617135, 28.474110999874341 ], [ 77.000125000495785, 28.474124999837834 ], [ 77.000050999717828, 28.474027999636263 ], [ 76.998982999896313, 28.474726000264678 ], [ 76.998975999802767, 28.474727000144405 ], [ 76.998857769375306, 28.47481244375318 ], [ 76.998856999630732, 28.474813000099427 ], [ 76.998925475213923, 28.474892329968281 ], [ 76.999374187135288, 28.475421762649216 ], [ 76.9996323784369, 28.475726398060658 ], [ 77.000360383719851, 28.476589880786847 ], [ 77.0004941303837, 28.476748514640942 ], [ 77.000839511125974, 28.477158160214675 ], [ 77.000843577637738, 28.477156311875682 ], [ 77.001130591899596, 28.477025883392081 ], [ 77.001943148474226, 28.476985269670205 ], [ 77.00287649861319, 28.476927108977502 ], [ 77.003046996161089, 28.476916483723929 ], [ 77.00345359921883, 28.476897336437016 ], [ 77.003231999698585, 28.476820000248203 ], [ 77.002921897802381, 28.476710672247691 ], [ 77.002469000372372, 28.476550999792309 ], [ 77.002202999914587, 28.476447000429125 ], [ 77.002232019485817, 28.476382840844529 ], [ 77.002179982954658, 28.476364437424017 ], [ 77.002585006603383, 28.475438201010512 ], [ 77.003146462146745, 28.474154199399159 ], [ 77.003530269686721, 28.473276446710212 ], [ 77.003865653671397, 28.472509424828708 ], [ 77.003879850297366, 28.472476955162701 ], [ 77.004048669702541, 28.472090861892315 ], [ 77.004853035185889, 28.470251219550498 ], [ 77.005103024989424, 28.469735855656374 ], [ 77.005468696839685, 28.468981998475645 ], [ 77.005487586155269, 28.468943056269737 ], [ 77.010244898740595, 28.470698469420153 ], [ 77.014172711011838, 28.472147627685764 ], [ 77.017728989447278, 28.473457204301432 ], [ 77.017810568192189, 28.47348724405024 ], [ 77.017862359013563, 28.473506314637195 ], [ 77.017933258387416, 28.47353696670449 ], [ 77.017957904259248, 28.473481740118903 ], [ 77.018268590940991, 28.472785553413964 ], [ 77.018268989611485, 28.472784661378359 ], [ 77.018283949114632, 28.472751138617337 ], [ 77.018319493275158, 28.472674230710215 ], [ 77.018528634876873, 28.472221710900577 ], [ 77.018551824883161, 28.472168091280995 ], [ 77.018614131659419, 28.472024023068705 ], [ 77.018879564811115, 28.471410284276125 ], [ 77.018977025436172, 28.471184931809521 ], [ 77.019288178315776, 28.470497486304506 ], [ 77.01936149945638, 28.470334397594314 ], [ 77.019382802674841, 28.470287011400409 ], [ 77.019453088336107, 28.470130673165968 ], [ 77.019509831060134, 28.470004457403132 ], [ 77.019430202589305, 28.469906590820894 ], [ 77.019229999758096, 28.469676000155609 ], [ 77.019204601239878, 28.469646854848278 ], [ 77.019175406573368, 28.469614571557955 ], [ 77.019170546733946, 28.46960919889154 ], [ 77.018956353407162, 28.469372350133288 ], [ 77.018686304421877, 28.469066939718271 ], [ 77.01836116802076, 28.468705768476749 ], [ 77.018323622345534, 28.468664061976853 ], [ 77.018149180260664, 28.468441748866912 ], [ 77.017971607831058, 28.468242580579179 ], [ 77.017890780414177, 28.468151921677453 ], [ 77.017658909829734, 28.467893215206438 ], [ 77.017451970392813, 28.467638780119383 ], [ 77.017346285947454, 28.46753635381944 ], [ 77.017520306054053, 28.467419837074871 ], [ 77.01758468504255, 28.467381698237638 ], [ 77.017645581244736, 28.467345623315836 ], [ 77.0177519997372, 28.467495000035662 ], [ 77.017845983530776, 28.467453558558404 ], [ 77.017878999554227, 28.467438999883623 ], [ 77.017853613413337, 28.467277956068759 ], [ 77.017846999551338, 28.467235999710173 ], [ 77.017851614931402, 28.467233677120099 ], [ 77.017851138897285, 28.467223136492869 ], [ 77.017928577092803, 28.467176988353124 ], [ 77.018004407732732, 28.467131797070444 ], [ 77.018010320151802, 28.467153822566893 ], [ 77.018024360596741, 28.467206131563184 ], [ 77.018075591241441, 28.467396986540994 ], [ 77.018090474655892, 28.467452434959959 ], [ 77.018164662216265, 28.467728816863822 ], [ 77.018168308696005, 28.467742404623365 ], [ 77.018190523528133, 28.467730508436439 ], [ 77.018222885406502, 28.467713176507367 ], [ 77.018283851738488, 28.46768052471819 ], [ 77.018316681189518, 28.467734096005913 ], [ 77.01834439583952, 28.467731755363396 ], [ 77.018366857914415, 28.467729858141901 ], [ 77.018435737751247, 28.467724041413881 ], [ 77.018558579904365, 28.467705026930389 ], [ 77.018782894851313, 28.467651558803073 ], [ 77.019005343326597, 28.46758522600933 ], [ 77.019074513361076, 28.467556981004776 ], [ 77.01916810225714, 28.467484706338322 ], [ 77.01925247363728, 28.467419549155164 ], [ 77.019331730531547, 28.467358341710867 ], [ 77.019522446313402, 28.46715782469958 ], [ 77.019534916102074, 28.467143141272661 ], [ 77.019597835414942, 28.467069058732488 ], [ 77.019726984661304, 28.466916991319088 ], [ 77.019815178354278, 28.466781026600248 ], [ 77.019984498447641, 28.466353367145562 ], [ 77.020092719554839, 28.466374637834129 ], [ 77.02009399992275, 28.466372000163879 ], [ 77.020170999860909, 28.466383999964812 ], [ 77.020198590438667, 28.466395447054897 ], [ 77.020201407077309, 28.466396000764732 ], [ 77.020356055636157, 28.466426396412121 ], [ 77.020190481835542, 28.466072365675906 ], [ 77.020141820814061, 28.465968317423847 ], [ 77.01995048812762, 28.465559202743538 ], [ 77.01978607527866, 28.465207647352493 ], [ 77.019699405644758, 28.465022325718653 ], [ 77.019661273742329, 28.464959199900719 ], [ 77.019610409835636, 28.464874996346506 ], [ 77.01936663963528, 28.464545628613191 ], [ 77.019249863015489, 28.464371881639497 ], [ 77.019202671608028, 28.464299326081356 ], [ 77.019186604179765, 28.464274621623144 ] ] ] ] } },
{ "type": "Feature", "properties": { "OBJECTID": 26149, "MC_Code": 12, "MC_Ward_No": "11", "MC_Name": "Gurugram", "Area": 7119535.8649055799, "TotalPopul": 0, "GenPopulat": 0, "BCPopulati": 0, "SCPopulati": 0, "Notificati": "19/45/2023-6C I", "Notifica_1": "2023-12-14", "Remarks": "Updated in GIS Database", "created_us": null, "created_da": null, "last_edite": null, "last_edi_1": null, "Shape_STAr": 7.1195358649099996, "Shape_STLe": 18978.193677700001 }, "geometry": { "type": "MultiPolygon", "coordinates": [ [ [ [ 77.021860972483296, 28.443914577282925 ], [ 77.022089972603041, 28.444215713615051 ], [ 77.022168044490428, 28.444318377099616 ], [ 77.022192425889017, 28.444350438348476 ], [ 77.022314411773991, 28.444505060270007 ], [ 77.022401511466526, 28.444615463406063 ], [ 77.022454000872941, 28.444681994750383 ], [ 77.022577429652884, 28.444843082930905 ], [ 77.022691848310487, 28.444988737407115 ], [ 77.02279287162915, 28.445117338701589 ], [ 77.022894324784204, 28.44529682760917 ], [ 77.02338116275061, 28.446086283135177 ], [ 77.023389749605627, 28.446100206984433 ], [ 77.023467394956199, 28.44622611625952 ], [ 77.023465170769683, 28.446249357171308 ], [ 77.023566543816756, 28.446407253159858 ], [ 77.023583777105202, 28.446434095615277 ], [ 77.023584999720612, 28.446436000359896 ], [ 77.023634999611929, 28.4465140002191 ], [ 77.023635155342546, 28.446514243344698 ], [ 77.023852999697155, 28.446853999897968 ], [ 77.023946999664176, 28.447000000232357 ], [ 77.024113999599663, 28.447395999824458 ], [ 77.024145000004069, 28.44746899974167 ], [ 77.024290000448175, 28.447907000120516 ], [ 77.024330667539544, 28.448065152679757 ], [ 77.024342547540343, 28.448111350911464 ], [ 77.024379424926408, 28.448105352754173 ], [ 77.024541313283549, 28.448238828136866 ], [ 77.024756534316396, 28.448177051672879 ], [ 77.026690598286407, 28.447621886194714 ], [ 77.027240576218517, 28.447459014881129 ], [ 77.028546246992562, 28.447072340741727 ], [ 77.028940213111085, 28.446955665449305 ], [ 77.02942880855278, 28.446808207345665 ], [ 77.029954933751512, 28.446649419648175 ], [ 77.030417398617402, 28.446509843006552 ], [ 77.032162450138117, 28.445946599760212 ], [ 77.033259469555773, 28.445751145408909 ], [ 77.033787110186182, 28.445743258033211 ], [ 77.033795300909844, 28.44558976538061 ], [ 77.033798000240466, 28.445364000138422 ], [ 77.033823999584527, 28.444955000202796 ], [ 77.033840000302973, 28.44471300027671 ], [ 77.033847999779439, 28.444663999937337 ], [ 77.033901000025907, 28.444280000381426 ], [ 77.03395299969867, 28.44389899985805 ], [ 77.033974999977772, 28.443740000253982 ], [ 77.034064000349133, 28.442952999745188 ], [ 77.034249000073586, 28.441313999795128 ], [ 77.034264000241023, 28.441190999711761 ], [ 77.034287999828294, 28.440983999864606 ], [ 77.034497000126763, 28.439207999998121 ], [ 77.034528999674293, 28.438997000320366 ], [ 77.03455600032099, 28.438832000027908 ], [ 77.034659000226625, 28.438203000150889 ], [ 77.034825999520464, 28.437412000018767 ], [ 77.034867999703067, 28.437212000240013 ], [ 77.034956000387723, 28.436823999939719 ], [ 77.035057000020103, 28.436420000353849 ], [ 77.035164354039225, 28.43606896976814 ], [ 77.035214144934542, 28.435911717211429 ], [ 77.035026594552406, 28.43584741844813 ], [ 77.034804536894143, 28.435817314201106 ], [ 77.034412964908057, 28.435679919877163 ], [ 77.034149582835909, 28.435580820800599 ], [ 77.033961350389959, 28.435509996732797 ], [ 77.033884372166867, 28.435489847201826 ], [ 77.033855000123609, 28.43553699957377 ], [ 77.033834999669352, 28.435549000321426 ], [ 77.03390800035308, 28.435651999892322 ], [ 77.032976000174827, 28.436075999906091 ], [ 77.032837000010431, 28.435844000074393 ], [ 77.033629000068132, 28.435487000229607 ], [ 77.033691704628922, 28.435439416489579 ], [ 77.033478156543879, 28.435383518839409 ], [ 77.033418737146647, 28.435370051186108 ], [ 77.033841000470389, 28.435209999817644 ], [ 77.033844999756496, 28.435173000156627 ], [ 77.033726000164876, 28.435037000268739 ], [ 77.033549000272586, 28.434789999779809 ], [ 77.033434000234749, 28.434577999958982 ], [ 77.033423999773845, 28.43445099973022 ], [ 77.03351899961541, 28.43424200035258 ], [ 77.032990999925033, 28.434300999647785 ], [ 77.032857000200778, 28.43403599968914 ], [ 77.032761000284395, 28.434011000120272 ], [ 77.032482999549345, 28.434050000167165 ], [ 77.032251999657205, 28.433653999975686 ], [ 77.032686000437593, 28.43345099977531 ], [ 77.032720999843022, 28.433496999914532 ], [ 77.03300999970061, 28.433352999846118 ], [ 77.033081000085659, 28.433448999574615 ], [ 77.033572999581452, 28.43321100011029 ], [ 77.033874000452656, 28.433662999727396 ], [ 77.034174999819328, 28.433553999959759 ], [ 77.034048000214383, 28.433300000111768 ], [ 77.034492999776049, 28.433103000230144 ], [ 77.034422799533928, 28.432987622873299 ], [ 77.034318084386385, 28.432815516690422 ], [ 77.034290999760614, 28.432771000340697 ], [ 77.034285143317987, 28.432694486597878 ], [ 77.03495268596869, 28.432357935348882 ], [ 77.034647034268303, 28.431853461421948 ], [ 77.035038604237741, 28.431677117963101 ], [ 77.034964863246259, 28.431552510330043 ], [ 77.034945795604017, 28.431520289777204 ], [ 77.034925920938576, 28.431486704288783 ], [ 77.034861000340641, 28.431376999800801 ], [ 77.03475900005887, 28.431426999759395 ], [ 77.034656999677651, 28.431476999646062 ], [ 77.034613104782167, 28.431407092339473 ], [ 77.034494999552678, 28.431218999887736 ], [ 77.034565000414247, 28.431181999700367 ], [ 77.034439000091737, 28.430972000428589 ], [ 77.034459422518296, 28.430967002839513 ], [ 77.034445727029777, 28.430928936713954 ], [ 77.034829841797716, 28.43076302568873 ], [ 77.034795656325798, 28.430700609010216 ], [ 77.035021293364849, 28.43059763161186 ], [ 77.035038631214249, 28.43058971942521 ], [ 77.034832988432271, 28.430257072562139 ], [ 77.034768744267595, 28.430150768786806 ], [ 77.035154495019697, 28.429963356329583 ], [ 77.035100876271414, 28.429875676422814 ], [ 77.035063859664334, 28.429815145659092 ], [ 77.034792049068599, 28.42937067240549 ], [ 77.035579834994465, 28.428977436599215 ], [ 77.035614693600806, 28.429040045157354 ], [ 77.035767218888765, 28.429313991139384 ], [ 77.035802000067932, 28.429293999721317 ], [ 77.036145000397084, 28.429136000366853 ], [ 77.03630499990814, 28.429390999815052 ], [ 77.036361999605091, 28.429497999578128 ], [ 77.036392000077086, 28.429487000271507 ], [ 77.036473999818085, 28.429460999836511 ], [ 77.036708000053494, 28.429384999686377 ], [ 77.036819999590236, 28.429391999608292 ], [ 77.036845000442696, 28.429362999879636 ], [ 77.036982999566774, 28.428880000430727 ], [ 77.037039000411838, 28.428697000260364 ], [ 77.037264409159462, 28.428748319835286 ], [ 77.037276507484805, 28.428717526192081 ], [ 77.041818810270968, 28.429755006949069 ], [ 77.042500973426996, 28.42991332500177 ], [ 77.042590216756011, 28.429931987165414 ], [ 77.04276451062762, 28.429968434897464 ], [ 77.044439428958498, 28.430318678982186 ], [ 77.045070521531258, 28.430482289047973 ], [ 77.045384127365807, 28.430638731192765 ], [ 77.045686301226752, 28.430902781662784 ], [ 77.045987576282329, 28.431229382694944 ], [ 77.046989653356107, 28.432315674701513 ], [ 77.048618822330198, 28.433964389891969 ], [ 77.049300999997158, 28.434677000322342 ], [ 77.050452999677702, 28.433860999734186 ], [ 77.051089000190998, 28.433382999678827 ], [ 77.051456000172109, 28.433106000335883 ], [ 77.052265999747249, 28.432496000378567 ], [ 77.05389499954353, 28.431255000320778 ], [ 77.053960000415643, 28.431205999580861 ], [ 77.057261999932663, 28.428714999661775 ], [ 77.058437000030452, 28.427819000165567 ], [ 77.058057999788261, 28.427444999648852 ], [ 77.055275000183485, 28.428382999723759 ], [ 77.054190999584293, 28.428747999901248 ], [ 77.053736000192771, 28.426801999844301 ], [ 77.053665000146594, 28.426448000307879 ], [ 77.053843999907002, 28.425781000384099 ], [ 77.053905000100428, 28.425502000413918 ], [ 77.053820999992695, 28.424717999654952 ], [ 77.053794000442466, 28.42445499992423 ], [ 77.054702000113636, 28.424449999977316 ], [ 77.054703000074724, 28.424723000230145 ], [ 77.055347000207917, 28.424713999917252 ], [ 77.055339999574088, 28.424705999794003 ], [ 77.054734000344538, 28.423975000421152 ], [ 77.054008000096303, 28.423058000167924 ], [ 77.053980000076095, 28.422981999613807 ], [ 77.053956999782457, 28.42275799972289 ], [ 77.05535799990146, 28.422754000368545 ], [ 77.056116000103785, 28.422765000340192 ], [ 77.056124000146838, 28.42227499968509 ], [ 77.055540000315702, 28.422263999586097 ], [ 77.055538999698513, 28.421728000106448 ], [ 77.054634000514966, 28.421713000322931 ], [ 77.054631000152142, 28.421473000381162 ], [ 77.054650000315661, 28.420388000412789 ], [ 77.055434000115596, 28.420383999616838 ], [ 77.055437999583447, 28.420137000026152 ], [ 77.056295999604757, 28.420140999640683 ], [ 77.056263000279287, 28.419816000078264 ], [ 77.053627999500591, 28.419823000246243 ], [ 77.053628999534411, 28.420352999573119 ], [ 77.052891000001239, 28.420333999880121 ], [ 77.05288099954933, 28.419852999592152 ], [ 77.052549999535515, 28.419822999779406 ], [ 77.052434999756542, 28.420080000265258 ], [ 77.052090000269473, 28.420801999708669 ], [ 77.052023000106047, 28.420977000169625 ], [ 77.052014000496058, 28.421056999708636 ], [ 77.052030999681818, 28.42114099995354 ], [ 77.051316999676814, 28.420738999743286 ], [ 77.051303999654479, 28.420733999899248 ], [ 77.051304999910741, 28.420605000311657 ], [ 77.051308000413655, 28.420450999690203 ], [ 77.05132700016334, 28.419670999560083 ], [ 77.050658000291236, 28.41967000002003 ], [ 77.05064700049536, 28.418679999704004 ], [ 77.04998199983747, 28.418676999902623 ], [ 77.04997999968478, 28.419811000267988 ], [ 77.049604000201555, 28.419806000284691 ], [ 77.049582999943979, 28.420052000125011 ], [ 77.049570000260886, 28.420205999776584 ], [ 77.049561000374041, 28.420305999955023 ], [ 77.047908999902148, 28.420295000164892 ], [ 77.047939000464339, 28.4196910002794 ], [ 77.04712999983434, 28.419700999565535 ], [ 77.045903999747125, 28.419716999844379 ], [ 77.045913999664137, 28.419092000419703 ], [ 77.045351999544309, 28.418924000268479 ], [ 77.04470199972468, 28.418700999870868 ], [ 77.045084000501959, 28.419346999830083 ], [ 77.044634999591651, 28.419567000197727 ], [ 77.042807999707875, 28.420464000092867 ], [ 77.042292999990792, 28.419631000001843 ], [ 77.042271000040529, 28.41959500023151 ], [ 77.04444399995414, 28.418610000329291 ], [ 77.044289999770186, 28.418555999788968 ], [ 77.044241999608005, 28.418538000343212 ], [ 77.043991000003842, 28.418448999984214 ], [ 77.043637000036995, 28.418324000254938 ], [ 77.042897000429193, 28.418063000185516 ], [ 77.042682000477285, 28.417981999666655 ], [ 77.041750000070849, 28.417657000422757 ], [ 77.040941999700294, 28.417374999850129 ], [ 77.040925999995395, 28.417368999923962 ], [ 77.040411999598064, 28.417195999877684 ], [ 77.040666999944605, 28.416354000122475 ], [ 77.040852999709301, 28.415738999655751 ], [ 77.040918000112825, 28.415524999751568 ], [ 77.041404000095937, 28.413869999839079 ], [ 77.041538999661981, 28.413403000397071 ], [ 77.041478626571802, 28.413414866720164 ], [ 77.040902999988191, 28.413527999817422 ], [ 77.04050199970365, 28.413620000379726 ], [ 77.040180999897274, 28.413702000166442 ], [ 77.039567000451626, 28.41394900030182 ], [ 77.039001999646203, 28.414201000171925 ], [ 77.038764999547254, 28.414307999930305 ], [ 77.038635999933533, 28.414375000096278 ], [ 77.038351999526057, 28.41450000034369 ], [ 77.038257999509554, 28.414544000111402 ], [ 77.037127000156602, 28.415078000134429 ], [ 77.036392000115981, 28.41543199973723 ], [ 77.036124000181871, 28.415564000308176 ], [ 77.036102999533114, 28.415575000176599 ], [ 77.035741000450827, 28.415764000404565 ], [ 77.03544100014831, 28.415920000076468 ], [ 77.034950999649169, 28.416104000063797 ], [ 77.034562000391617, 28.416348999888701 ], [ 77.034159999807258, 28.416562000295265 ], [ 77.034039000151893, 28.41657100018049 ], [ 77.033849676158113, 28.416849148483454 ], [ 77.033620000027256, 28.417666999893243 ], [ 77.03314587775661, 28.418753895838741 ], [ 77.032553000458265, 28.420112999615313 ], [ 77.031742000129427, 28.421839999715147 ], [ 77.029722000469349, 28.423250999698549 ], [ 77.027959999546269, 28.424134999882323 ], [ 77.027635999974521, 28.426445000229169 ], [ 77.027071000516329, 28.426336000428524 ], [ 77.02671900047487, 28.426288999606317 ], [ 77.026331000268812, 28.426303000286605 ], [ 77.025779000485286, 28.426307000194374 ], [ 77.024630000029006, 28.426356000184246 ], [ 77.02422099993683, 28.426545000278441 ], [ 77.023535999521187, 28.42690399999103 ], [ 77.02268299972836, 28.427377000259209 ], [ 77.022193000119671, 28.427667999573892 ], [ 77.021846000396224, 28.427982000031047 ], [ 77.021612999944736, 28.428275000190901 ], [ 77.021319000237327, 28.428623999839317 ], [ 77.021177999488501, 28.428742999787488 ], [ 77.020806999634601, 28.428994999972485 ], [ 77.020313000503634, 28.429329000312396 ], [ 77.019992203313919, 28.429539580833588 ], [ 77.019239000416363, 28.430034000233924 ], [ 77.018660999650123, 28.430414000359832 ], [ 77.017226000268863, 28.431363999675792 ], [ 77.016805999897286, 28.431642999965799 ], [ 77.016645000016936, 28.431749000053202 ], [ 77.014817000415817, 28.43295900043886 ], [ 77.014730000259206, 28.433017000437744 ], [ 77.014199000196385, 28.433373000254644 ], [ 77.013332999861703, 28.433952000072519 ], [ 77.012755999670688, 28.434343000248138 ], [ 77.012336000379477, 28.434627999905885 ], [ 77.011356000226229, 28.43521500014209 ], [ 77.010508000456824, 28.435730999654265 ], [ 77.010337999841056, 28.435833999854779 ], [ 77.010188000495319, 28.435937000343536 ], [ 77.010302000098108, 28.436082000304467 ], [ 77.010511000177758, 28.436316999864072 ], [ 77.010947000435465, 28.436836999980386 ], [ 77.011313000414916, 28.437275000275712 ], [ 77.011720999805391, 28.437774000142099 ], [ 77.012086999815537, 28.438201999857963 ], [ 77.012357999808799, 28.438514000404322 ], [ 77.012714999624791, 28.438915999722347 ], [ 77.013065107112908, 28.439318968036957 ], [ 77.01317200038757, 28.439442000352525 ], [ 77.013398000478603, 28.439699000194818 ], [ 77.013755999601571, 28.440125999710339 ], [ 77.013847000265088, 28.440234000443105 ], [ 77.0140579997136, 28.440484000356097 ], [ 77.014151207266437, 28.440596101018869 ], [ 77.014206000053065, 28.44066199986484 ], [ 77.014386000097645, 28.440880999890549 ], [ 77.01456799997176, 28.441102000352938 ], [ 77.014814000261865, 28.441392000435076 ], [ 77.015421233040911, 28.442114888728888 ], [ 77.017051000193121, 28.444054999664402 ], [ 77.017225000378971, 28.443913000063187 ], [ 77.017888999585125, 28.443528999581702 ], [ 77.017945000027225, 28.443499999864667 ], [ 77.018535999633073, 28.443188000387408 ], [ 77.019792458648823, 28.442526706584225 ], [ 77.019799613991495, 28.442627583769912 ], [ 77.019837408365035, 28.443160442639861 ], [ 77.019890936829114, 28.443159775134667 ], [ 77.021027204816733, 28.443145608860252 ], [ 77.021076347106856, 28.443198292345944 ], [ 77.021158294809084, 28.443286145284439 ], [ 77.021166662137063, 28.44328205779922 ], [ 77.021422325434813, 28.443157157742657 ], [ 77.02152435753662, 28.443107312046763 ], [ 77.021609445526281, 28.443099769945711 ], [ 77.021648999631054, 28.443186000237077 ], [ 77.021700000221287, 28.443171000369379 ], [ 77.021730544086594, 28.443275333265756 ], [ 77.021794472006249, 28.443493701425961 ], [ 77.021743169951037, 28.443487386607746 ], [ 77.02174479683147, 28.443493748447022 ], [ 77.021749406200001, 28.443511775915876 ], [ 77.021760738185364, 28.443556092154804 ], [ 77.021756999846815, 28.443555999723241 ], [ 77.021794583486383, 28.443685035711617 ], [ 77.021795881080408, 28.443689758339964 ], [ 77.021855807038989, 28.443907785272149 ], [ 77.021860972483296, 28.443914577282925 ] ] ] ] } },
{ "type": "Feature", "properties": { "OBJECTID": 26152, "MC_Code": 12, "MC_Ward_No": "16", "MC_Name": "Gurugram", "Area": 10963463.60527394, "TotalPopul": 0, "GenPopulat": 0, "BCPopulati": 0, "SCPopulati": 0, "Notificati": "19/45/2023-6C I", "Notifica_1": "2023-12-14", "Remarks": "Updated in GIS Database", "created_us": null, "created_da": null, "last_edite": null, "last_edi_1": null, "Shape_STAr": 10.963463605299999, "Shape_STLe": 19670.133635800001 }, "geometry": { "type": "MultiPolygon", "coordinates": [ [ [ [ 77.051387808298685, 28.413710393355998 ], [ 77.051414906648247, 28.413710589590782 ], [ 77.051414642821655, 28.413738993428158 ], [ 77.051637917185943, 28.413740002429208 ], [ 77.05196094192965, 28.413741460252684 ], [ 77.052497274944074, 28.413742307424592 ], [ 77.052773302475771, 28.413742741168249 ], [ 77.052772211679724, 28.41372783445393 ], [ 77.052768242755306, 28.413673619396214 ], [ 77.052768235882752, 28.413552422267053 ], [ 77.052768203343774, 28.412984089175595 ], [ 77.0527682018772, 28.412966341659367 ], [ 77.052768156911611, 28.412174708963416 ], [ 77.052783489538285, 28.411738994380254 ], [ 77.052786897161738, 28.411587502366793 ], [ 77.053469983405108, 28.411575189439699 ], [ 77.053470175484705, 28.411559067757764 ], [ 77.053471388080538, 28.411559073831274 ], [ 77.053472395402267, 28.411415732925338 ], [ 77.053473112444124, 28.411313784758004 ], [ 77.053475682794328, 28.411099061958041 ], [ 77.052845000333377, 28.411099999993937 ], [ 77.052845743659816, 28.411011128353984 ], [ 77.052790955115768, 28.411010827437593 ], [ 77.05279478598726, 28.41046634113615 ], [ 77.05279790345098, 28.410023174908567 ], [ 77.052283999900268, 28.410025000392647 ], [ 77.052282999988066, 28.410116999883762 ], [ 77.051419000077132, 28.410132000128261 ], [ 77.051418999840166, 28.409922999862303 ], [ 77.051418999558905, 28.409740999912209 ], [ 77.051418000289047, 28.409662999904931 ], [ 77.051412999601197, 28.409381000307995 ], [ 77.051422999505476, 28.408435000017501 ], [ 77.051424000293807, 28.408385999587715 ], [ 77.051423999607806, 28.408356999649538 ], [ 77.052017000493066, 28.408348000273865 ], [ 77.052383999848118, 28.4083410003587 ], [ 77.052581999928378, 28.408346000446656 ], [ 77.052584999976787, 28.408504000271588 ], [ 77.05365600037689, 28.408471000086621 ], [ 77.053655000437587, 28.407864000082036 ], [ 77.054114443336033, 28.407872089006695 ], [ 77.054159404483912, 28.407872880612867 ], [ 77.054182422783143, 28.407751432616774 ], [ 77.054186247516711, 28.407206946407015 ], [ 77.054870548856556, 28.407201328985636 ], [ 77.054880215338912, 28.405824068551876 ], [ 77.054885187933863, 28.40511572958539 ], [ 77.054905669001812, 28.405115084814692 ], [ 77.054904999973317, 28.405020000095423 ], [ 77.05266799975665, 28.40417399978806 ], [ 77.051632999744953, 28.403780000405668 ], [ 77.051346673306782, 28.403654579610038 ], [ 77.051165000159429, 28.403574999745477 ], [ 77.049689000196182, 28.402896999561044 ], [ 77.048407000087849, 28.402434000247158 ], [ 77.047617999704187, 28.402187999874155 ], [ 77.046368000108444, 28.401804999828258 ], [ 77.044933999857264, 28.401348999944119 ], [ 77.04488019701428, 28.401345518082586 ], [ 77.043157000231659, 28.401233999708293 ], [ 77.041572000377187, 28.401131000192485 ], [ 77.036868937257438, 28.400995085110896 ], [ 77.036865999624212, 28.400995000013566 ], [ 77.036845999937071, 28.400993999761116 ], [ 77.033598999528593, 28.400974000282787 ], [ 77.03091100027109, 28.400949999988939 ], [ 77.030050000059902, 28.400943999553078 ], [ 77.023137999641122, 28.400809000227206 ], [ 77.019056000166174, 28.400887000241692 ], [ 77.016243000246902, 28.400940000197121 ], [ 77.016237119495614, 28.400934960009621 ], [ 77.016236000183341, 28.400934000219408 ], [ 77.015405000451651, 28.400951000207666 ], [ 77.013658000268251, 28.400990000294311 ], [ 77.012448294394289, 28.401015282516276 ], [ 77.010498999762618, 28.401055999781555 ], [ 77.009442999538905, 28.401158000208046 ], [ 77.009445999827946, 28.401164000014049 ], [ 77.009435000177248, 28.401158999864826 ], [ 77.004863999869087, 28.40160099991251 ], [ 77.000514000304435, 28.40252199994362 ], [ 77.000511783119293, 28.402524956205944 ], [ 77.000507999857703, 28.402530000105681 ], [ 77.000736999494194, 28.403492999712384 ], [ 77.001552000225729, 28.406687999831576 ], [ 77.001637999969319, 28.406856999742129 ], [ 77.002203999694999, 28.407969999893272 ], [ 77.002981999831434, 28.407967000397651 ], [ 77.002966999632122, 28.408471999771866 ], [ 77.002966326638386, 28.408634191157926 ], [ 77.002964999747107, 28.408954000418941 ], [ 77.002957835376378, 28.408993006161328 ], [ 77.002881375135118, 28.408992566251765 ], [ 77.002902977877682, 28.409502031663056 ], [ 77.002903792552075, 28.409521242903644 ], [ 77.002955509104027, 28.409521706609276 ], [ 77.003604917012851, 28.409527528676886 ], [ 77.003660018446425, 28.409528022612818 ], [ 77.003660161426822, 28.409711268699169 ], [ 77.003660535519273, 28.410192977957067 ], [ 77.004310999632864, 28.410235000335923 ], [ 77.004323514634237, 28.410670680336008 ], [ 77.004326007401843, 28.410670757336643 ], [ 77.00432718956715, 28.410798614951535 ], [ 77.004343000069085, 28.411349000027375 ], [ 77.004623482972519, 28.411721308906667 ], [ 77.004695200660493, 28.411720252888376 ], [ 77.004686580653896, 28.411804623363373 ], [ 77.004921747556395, 28.41210311619988 ], [ 77.004967782829809, 28.412103164652326 ], [ 77.004967585934807, 28.412161297377438 ], [ 77.005509120157441, 28.412848646368023 ], [ 77.005653007623891, 28.412842609454884 ], [ 77.005657505915721, 28.413036985079547 ], [ 77.006198000449118, 28.413722999909893 ], [ 77.006339000057878, 28.413724999787703 ], [ 77.007127000210247, 28.413737999967125 ], [ 77.007124000065389, 28.413437000035795 ], [ 77.007518999705439, 28.413430999882785 ], [ 77.007528000313755, 28.41318199985577 ], [ 77.007740999540758, 28.413179000424709 ], [ 77.007746000483735, 28.412917000283564 ], [ 77.008416000145203, 28.412912000370813 ], [ 77.008410000026515, 28.412043000361798 ], [ 77.009138999899704, 28.412037000348285 ], [ 77.009139999529992, 28.411292000083257 ], [ 77.012567999853871, 28.411267999976971 ], [ 77.012566999891462, 28.412426999759489 ], [ 77.013179999929122, 28.412426999771245 ], [ 77.014011000302702, 28.412395000170246 ], [ 77.01470100009378, 28.41239699985648 ], [ 77.014773999714535, 28.412533999856311 ], [ 77.014992999775743, 28.412945000450161 ], [ 77.015002000085062, 28.412961999588436 ], [ 77.015281000246333, 28.413485000427166 ], [ 77.015285000097833, 28.414045000105755 ], [ 77.015289999967024, 28.414865000290728 ], [ 77.015285999868965, 28.415343000166828 ], [ 77.015260999570657, 28.415656999750571 ], [ 77.014557000251159, 28.415653999867736 ], [ 77.013901000227094, 28.415649000374213 ], [ 77.013549000224288, 28.41564799998908 ], [ 77.013414999732106, 28.415818000149908 ], [ 77.013436999685212, 28.416174999770522 ], [ 77.013442999570017, 28.416197999911976 ], [ 77.013587999895876, 28.416204999768194 ], [ 77.01358899997868, 28.416479999579199 ], [ 77.013213000472689, 28.416482999887233 ], [ 77.01321599952891, 28.416728999645422 ], [ 77.012554999639221, 28.41697799959374 ], [ 77.011800999611765, 28.417136999820553 ], [ 77.011802074447118, 28.41722509928281 ], [ 77.011827132427754, 28.417220642123009 ], [ 77.011803000285354, 28.417301000026523 ], [ 77.01145808976888, 28.417298135442557 ], [ 77.010478999651468, 28.417289999634001 ], [ 77.00982699955037, 28.417284000440116 ], [ 77.009820000378497, 28.418384999879375 ], [ 77.009062491859694, 28.418386058578982 ], [ 77.009062243503735, 28.41862008528345 ], [ 77.009082350154983, 28.419257832724668 ], [ 77.00908288377606, 28.419283657860646 ], [ 77.009088999599413, 28.419284999651904 ], [ 77.009889000160385, 28.420335000096724 ], [ 77.008887321514209, 28.420915309731363 ], [ 77.008861208894601, 28.420881051384612 ], [ 77.008676168553819, 28.420978036409739 ], [ 77.007680092038768, 28.421500099911309 ], [ 77.007399514069562, 28.421647153579745 ], [ 77.007395357281467, 28.421650106074708 ], [ 77.006911861617354, 28.421993507308805 ], [ 77.006603298470836, 28.421581328987312 ], [ 77.006498000422837, 28.421640000347438 ], [ 77.00051200031632, 28.42441199963795 ], [ 77.000657999758204, 28.424582999584779 ], [ 77.001305999926601, 28.425367000151894 ], [ 77.002037000484293, 28.426217999970795 ], [ 77.00303300022469, 28.427390999724235 ], [ 77.003198000417342, 28.427585999696149 ], [ 77.00338444973103, 28.427807330668315 ], [ 77.003785999724954, 28.42828399979058 ], [ 77.004100999523743, 28.428656000408214 ], [ 77.004828999923078, 28.429528000278438 ], [ 77.005286000434509, 28.430075999982922 ], [ 77.005768350742628, 28.430654329201712 ], [ 77.005782223861416, 28.43067096382001 ], [ 77.005901682860042, 28.43061139821549 ], [ 77.010264455260398, 28.435656306868857 ], [ 77.010337999841056, 28.435833999854779 ], [ 77.010508000456824, 28.435730999654265 ], [ 77.011356000226229, 28.43521500014209 ], [ 77.012336000379477, 28.434627999905885 ], [ 77.012755999670688, 28.434343000248138 ], [ 77.013332999861703, 28.433952000072519 ], [ 77.014199000196385, 28.433373000254644 ], [ 77.014730000259206, 28.433017000437744 ], [ 77.014817000415817, 28.43295900043886 ], [ 77.016645000016936, 28.431749000053202 ], [ 77.016805999897286, 28.431642999965799 ], [ 77.017226000268863, 28.431363999675792 ], [ 77.018660999650123, 28.430414000359832 ], [ 77.019239000416363, 28.430034000233924 ], [ 77.020313000503634, 28.429329000312396 ], [ 77.020806999634601, 28.428994999972485 ], [ 77.021177999488501, 28.428742999787488 ], [ 77.021319000237327, 28.428623999839317 ], [ 77.021612999944736, 28.428275000190901 ], [ 77.021846000396224, 28.427982000031047 ], [ 77.022193000119671, 28.427667999573892 ], [ 77.02268299972836, 28.427377000259209 ], [ 77.023535999521187, 28.42690399999103 ], [ 77.02422099993683, 28.426545000278441 ], [ 77.024630000029006, 28.426356000184246 ], [ 77.025779000485286, 28.426307000194374 ], [ 77.026331000268812, 28.426303000286605 ], [ 77.02671900047487, 28.426288999606317 ], [ 77.027071000516329, 28.426336000428524 ], [ 77.027635999974521, 28.426445000229169 ], [ 77.027959999546269, 28.424134999882323 ], [ 77.029722000469349, 28.423250999698549 ], [ 77.031742000129427, 28.421839999715147 ], [ 77.032553000458265, 28.420112999615313 ], [ 77.03314587775661, 28.418753895838741 ], [ 77.033620000027256, 28.417666999893243 ], [ 77.033849676158113, 28.416849148483454 ], [ 77.034039000151893, 28.41657100018049 ], [ 77.034159999807258, 28.416562000295265 ], [ 77.034562000391617, 28.416348999888701 ], [ 77.034950999649169, 28.416104000063797 ], [ 77.03544100014831, 28.415920000076468 ], [ 77.035741000450827, 28.415764000404565 ], [ 77.036102999533114, 28.415575000176599 ], [ 77.036124000181871, 28.415564000308176 ], [ 77.036392000115981, 28.41543199973723 ], [ 77.037127000156602, 28.415078000134429 ], [ 77.038257999509554, 28.414544000111402 ], [ 77.038351999526057, 28.41450000034369 ], [ 77.038635999933533, 28.414375000096278 ], [ 77.038764999547254, 28.414307999930305 ], [ 77.039001999646203, 28.414201000171925 ], [ 77.039567000451626, 28.41394900030182 ], [ 77.040180999897274, 28.413702000166442 ], [ 77.04050199970365, 28.413620000379726 ], [ 77.040902999988191, 28.413527999817422 ], [ 77.041478626571802, 28.413414866720164 ], [ 77.041538999661981, 28.413403000397071 ], [ 77.041999161859962, 28.411810283417164 ], [ 77.042412765189781, 28.411895082919056 ], [ 77.042757819505539, 28.411966581158126 ], [ 77.042782361800761, 28.411971665860097 ], [ 77.042798202459309, 28.411974948273446 ], [ 77.042800973228353, 28.411975523009051 ], [ 77.042800984023003, 28.411975660005687 ], [ 77.042801523469649, 28.411972605546435 ], [ 77.043050234385746, 28.41200688886526 ], [ 77.043132590546506, 28.412020170978852 ], [ 77.043498623795003, 28.412079201292062 ], [ 77.043596660270495, 28.412087621358552 ], [ 77.043747375701059, 28.412096624832841 ], [ 77.043788999801379, 28.412105999901176 ], [ 77.043866976538411, 28.412106947093452 ], [ 77.043867970871844, 28.412182207845962 ], [ 77.043868411171914, 28.412215495571221 ], [ 77.044114869543975, 28.412216046263854 ], [ 77.044327940104523, 28.412216521272704 ], [ 77.044511480955123, 28.412216929589249 ], [ 77.044590532965074, 28.412217105843165 ], [ 77.044765285945914, 28.412217495102304 ], [ 77.044899520825879, 28.412217793423093 ], [ 77.045312654510155, 28.412218711379335 ], [ 77.04601391154192, 28.4122202666086 ], [ 77.046048423019784, 28.412220342590665 ], [ 77.046229588685165, 28.412220744579898 ], [ 77.046280080600724, 28.412220856430942 ], [ 77.046489866478296, 28.412221320572993 ], [ 77.046588656885731, 28.412221538235425 ], [ 77.04665105578654, 28.412221676687214 ], [ 77.046660851029117, 28.412221698170747 ], [ 77.046679192245065, 28.412221739162661 ], [ 77.04669753344352, 28.412221779250004 ], [ 77.046795346064357, 28.412221995219671 ], [ 77.046876429104927, 28.412222174800107 ], [ 77.046970750045915, 28.412222382683538 ], [ 77.047465809430946, 28.412223475337019 ], [ 77.047723373153175, 28.412224042863365 ], [ 77.048385939974125, 28.412222348123148 ], [ 77.049269937992989, 28.412220082903787 ], [ 77.049672967509764, 28.412220495418097 ], [ 77.049808842312672, 28.412220635162711 ], [ 77.049955679698272, 28.412220784756538 ], [ 77.050310344392528, 28.412221146711758 ], [ 77.050613293583211, 28.412221454751322 ], [ 77.051029040967592, 28.412221877416236 ], [ 77.051322691056498, 28.41222217327828 ], [ 77.051344110296, 28.413162792702721 ], [ 77.051343534989073, 28.413371730273756 ], [ 77.051342602508043, 28.413710064811507 ], [ 77.051387808298685, 28.413710393355998 ] ] ] ] } },
{ "type": "Feature", "properties": { "OBJECTID": 26153, "MC_Code": 12, "MC_Ward_No": "25", "MC_Name": "Gurugram", "Area": 5350544.1358457096, "TotalPopul": 0, "GenPopulat": 0, "BCPopulati": 0, "SCPopulati": 0, "Notificati": "19/45/2023-6C I", "Notifica_1": "2023-12-14", "Remarks": "Updated in GIS Database", "created_us": null, "created_da": null, "last_edite": null, "last_edi_1": null, "Shape_STAr": 5.3505441358499999, "Shape_STLe": 12495.6466784 }, "geometry": { "type": "MultiPolygon", "coordinates": [ [ [ [ 77.066913000093308, 28.481798999728461 ], [ 77.067812000329596, 28.481180999689521 ], [ 77.068048999662693, 28.481017999596382 ], [ 77.070048000282227, 28.479643999627605 ], [ 77.070127999625839, 28.479588999867939 ], [ 77.070322447302175, 28.479441852144969 ], [ 77.070387000366196, 28.47939299964963 ], [ 77.070570999757237, 28.479227000173605 ], [ 77.070537999838905, 28.479196000247679 ], [ 77.068545000327731, 28.477523000388537 ], [ 77.067925999885389, 28.477027000160703 ], [ 77.067276999857171, 28.476506999555504 ], [ 77.064371000139218, 28.474273000073154 ], [ 77.063177000341568, 28.473294000439644 ], [ 77.062572000412388, 28.472799000152005 ], [ 77.061604999605109, 28.472027999861652 ], [ 77.061487000165201, 28.471933999660916 ], [ 77.060973999620629, 28.471520999583653 ], [ 77.058838069845322, 28.469798626205353 ], [ 77.058499573491673, 28.46952566066749 ], [ 77.057688999727915, 28.468871999558672 ], [ 77.057535000030001, 28.468747999581385 ], [ 77.057288000039563, 28.468549000306464 ], [ 77.057117000281949, 28.468379999765038 ], [ 77.056978999819108, 28.468236999919657 ], [ 77.056776999559048, 28.46798099965606 ], [ 77.056630000025365, 28.467794999674787 ], [ 77.056028000380735, 28.466855000221891 ], [ 77.055832000191643, 28.466548999584994 ], [ 77.055554999994058, 28.466146999559342 ], [ 77.055277000484324, 28.465807999750975 ], [ 77.052355000187916, 28.462757000014214 ], [ 77.051877999770042, 28.46226199972466 ], [ 77.050198999670712, 28.460518999749848 ], [ 77.049478000275059, 28.45977199975243 ], [ 77.048625854738276, 28.459767118100661 ], [ 77.047901357354235, 28.459931807246932 ], [ 77.046453160983589, 28.461061711225788 ], [ 77.043590108559513, 28.463295393859749 ], [ 77.043035961440054, 28.462583283649032 ], [ 77.041737408415898, 28.460914517373265 ], [ 77.041682521055307, 28.460843980584933 ], [ 77.041649267351346, 28.460875047978668 ], [ 77.041438522045425, 28.461155159576197 ], [ 77.041249979198369, 28.461465974974882 ], [ 77.041224392133103, 28.46154037102534 ], [ 77.04119975099492, 28.461937948991473 ], [ 77.041195514766315, 28.461974620175837 ], [ 77.041190780285262, 28.462015596750739 ], [ 77.041107537013744, 28.462084790780036 ], [ 77.041085477404039, 28.462103126555789 ], [ 77.041559522068326, 28.462550944811877 ], [ 77.041677999539772, 28.46266600008386 ], [ 77.042169999890532, 28.463137000373624 ], [ 77.040715000004269, 28.463946000352834 ], [ 77.040742999768767, 28.463986000182313 ], [ 77.040963000269443, 28.464361000189346 ], [ 77.041247186320447, 28.464740852819844 ], [ 77.041247000242222, 28.464740999989772 ], [ 77.041128999873493, 28.464778999917037 ], [ 77.041048000284107, 28.464780000099982 ], [ 77.040966999521828, 28.464843999879243 ], [ 77.040647000006729, 28.465102000339048 ], [ 77.040496000216223, 28.465217999939075 ], [ 77.040538000293083, 28.465267000026152 ], [ 77.039721999904827, 28.465916999709549 ], [ 77.038954000027246, 28.465480000323581 ], [ 77.039099000173678, 28.465304999869836 ], [ 77.039468000053191, 28.465072000407357 ], [ 77.039924000242607, 28.464714000158807 ], [ 77.040006999555189, 28.464640999794856 ], [ 77.040230000258688, 28.464524999665386 ], [ 77.040443000481162, 28.464387999879023 ], [ 77.040525000102477, 28.464356000033757 ], [ 77.040496417627693, 28.464261711565467 ], [ 77.04043800013531, 28.464068999861755 ], [ 77.040440192767321, 28.46405174463311 ], [ 77.040412394042804, 28.464024168939869 ], [ 77.040416893631857, 28.464004057434057 ], [ 77.040487978043274, 28.463686363797489 ], [ 77.040512412254998, 28.463577164231349 ], [ 77.040503844186034, 28.463583066063038 ], [ 77.040498564464713, 28.463586702368755 ], [ 77.040393874071839, 28.463658813006973 ], [ 77.040001771573714, 28.463936425446061 ], [ 77.039721590082166, 28.463758062402349 ], [ 77.039270134967296, 28.463462578209391 ], [ 77.038822241644922, 28.463145379794181 ], [ 77.038769076797792, 28.463107727571593 ], [ 77.038741802617437, 28.463131000347136 ], [ 77.038733718175507, 28.463124280804411 ], [ 77.038704197729928, 28.463099747117724 ], [ 77.038250390844354, 28.462692773441212 ], [ 77.038059685177288, 28.462876728073034 ], [ 77.037961261296473, 28.462971667280897 ], [ 77.037825249773135, 28.4628617143388 ], [ 77.037797863989326, 28.462834853765791 ], [ 77.037663518080819, 28.462660980835739 ], [ 77.037560241962623, 28.462488242089396 ], [ 77.037537991753936, 28.462405569646663 ], [ 77.037528242684829, 28.462369347205424 ], [ 77.037443506391341, 28.462036368264421 ], [ 77.037354878140036, 28.461641373632691 ], [ 77.037342795216873, 28.461596060617619 ], [ 77.037271165081776, 28.461252124552587 ], [ 77.037207165686823, 28.461107731038794 ], [ 77.037194278131196, 28.46107273675884 ], [ 77.03716406184067, 28.460990691580953 ], [ 77.036981546004242, 28.460855322827591 ], [ 77.036782456975217, 28.460703638398179 ], [ 77.036487648587112, 28.460475985752346 ], [ 77.036429341309315, 28.460412644571925 ], [ 77.036410935976235, 28.460433447873157 ], [ 77.036391597755568, 28.460423597684262 ], [ 77.035842459588665, 28.460143898649623 ], [ 77.035594225241823, 28.460424600825686 ], [ 77.03550329862945, 28.460450421097416 ], [ 77.035381388431574, 28.460485041009999 ], [ 77.03535684245962, 28.460492010926814 ], [ 77.03482683715103, 28.461134810344806 ], [ 77.033963968913085, 28.462181291197911 ], [ 77.033789264191697, 28.462063038979 ], [ 77.032789732899332, 28.463095177208995 ], [ 77.03331876019864, 28.463615640694787 ], [ 77.033345674048064, 28.463751325290392 ], [ 77.033701697581094, 28.466867323152563 ], [ 77.033705955692795, 28.466904585407082 ], [ 77.033715948913638, 28.466994165284131 ], [ 77.033716938942348, 28.467003043191294 ], [ 77.033788925534466, 28.467648296713119 ], [ 77.033865371468849, 28.468333520918236 ], [ 77.03397106973587, 28.469280924369283 ], [ 77.034018889670492, 28.469709544217924 ], [ 77.034034860483871, 28.469852688636323 ], [ 77.03406617089297, 28.470080174996419 ], [ 77.034129609828142, 28.470603453628755 ], [ 77.034132172434056, 28.470617760930494 ], [ 77.034166691663117, 28.47081048562119 ], [ 77.034185664696182, 28.470798520766348 ], [ 77.034249774800671, 28.470758089835051 ], [ 77.034286567536242, 28.470734886608593 ], [ 77.03443630618419, 28.470640454260209 ], [ 77.034622838166769, 28.470522818433253 ], [ 77.034677790573767, 28.470496216687849 ], [ 77.034859440241334, 28.470368269316896 ], [ 77.035140987095033, 28.470169957809158 ], [ 77.035259573350743, 28.470088420841812 ], [ 77.035797662044189, 28.469718442174614 ], [ 77.03622049031857, 28.469412481758955 ], [ 77.036387263507279, 28.469291802641738 ], [ 77.037095278862935, 28.468798351221594 ], [ 77.037434379911531, 28.468560228195408 ], [ 77.037617654582476, 28.468431528400931 ], [ 77.037630314803408, 28.468422638171617 ], [ 77.037652973603116, 28.468448779989377 ], [ 77.037768200714154, 28.468581717732182 ], [ 77.03787798113521, 28.468708371794339 ], [ 77.038580467321736, 28.469518826021716 ], [ 77.038945527947078, 28.46992958425313 ], [ 77.039115452991908, 28.470110881400419 ], [ 77.039138615057666, 28.470135593281061 ], [ 77.039170857139254, 28.470171295895867 ], [ 77.03946258310215, 28.470494329253771 ], [ 77.040042712058408, 28.47113670977906 ], [ 77.041180763413323, 28.472415005671625 ], [ 77.042123065422018, 28.473473398146705 ], [ 77.042123093594, 28.473473429305866 ], [ 77.042201013354614, 28.473560946539422 ], [ 77.042480190883865, 28.473874513149763 ], [ 77.042812135939059, 28.474247342256717 ], [ 77.043421917934737, 28.474932218320919 ], [ 77.043452029142671, 28.47496603793325 ], [ 77.043505492963746, 28.475028414248346 ], [ 77.043677800465332, 28.475229441503778 ], [ 77.04375228790596, 28.475316345201602 ], [ 77.043824566959699, 28.475400670649162 ], [ 77.043903526415619, 28.475502997688537 ], [ 77.04406761966429, 28.475689015448115 ], [ 77.044639134392696, 28.476336885009378 ], [ 77.044641000078187, 28.476339000032496 ], [ 77.044991999573938, 28.476736999986098 ], [ 77.045365000173092, 28.477158999776865 ], [ 77.045802000296703, 28.477650999731075 ], [ 77.048998924764064, 28.481372494186083 ], [ 77.049070204394894, 28.481659327732018 ], [ 77.049224000181411, 28.481644999805592 ], [ 77.049496000478257, 28.48152500019604 ], [ 77.049922999679836, 28.482239999990842 ], [ 77.049947000090881, 28.482274000374655 ], [ 77.050082000161837, 28.482465999958386 ], [ 77.050460999650824, 28.482896000185516 ], [ 77.050522640294218, 28.48296488770125 ], [ 77.051098999653703, 28.483608999902252 ], [ 77.051198027991958, 28.483721001938683 ], [ 77.051557000305564, 28.48412699980868 ], [ 77.052154999659408, 28.484804000264621 ], [ 77.054502000409173, 28.487487999572821 ], [ 77.055126536511239, 28.488213735824097 ], [ 77.055366000216807, 28.488492000307694 ], [ 77.055641774316598, 28.488816234657399 ], [ 77.055795999852947, 28.488998000275487 ], [ 77.055896647922552, 28.489116108089735 ], [ 77.055991999539685, 28.489228000277745 ], [ 77.056625000030536, 28.488791000040496 ], [ 77.056993806329743, 28.488540704844741 ], [ 77.057403000372005, 28.488263000326775 ], [ 77.057965999732602, 28.48788200043451 ], [ 77.058437000294632, 28.487562999629187 ], [ 77.059019000126483, 28.487168000294176 ], [ 77.059341293880848, 28.486949530144226 ], [ 77.060092535645779, 28.48644029126714 ], [ 77.060328999554542, 28.486280000104269 ], [ 77.060480000202489, 28.48617700018195 ], [ 77.060590000235862, 28.486105000083661 ], [ 77.061368578353395, 28.48557224635567 ], [ 77.061555999727844, 28.485444000238054 ], [ 77.062072000333018, 28.485105000166751 ], [ 77.062136000343671, 28.485061999732434 ], [ 77.062215858146942, 28.485009225388357 ], [ 77.06253699978511, 28.484796999848552 ], [ 77.062622000073191, 28.484740999861533 ], [ 77.063016000286353, 28.484480000280115 ], [ 77.064345780448505, 28.483564597387613 ], [ 77.064946662366665, 28.483150955227579 ], [ 77.065056999977372, 28.483074999724376 ], [ 77.065239000499844, 28.482950000195835 ], [ 77.065758999684491, 28.482592000353591 ], [ 77.06626821593062, 28.482242244845654 ], [ 77.066337000323685, 28.482195000077606 ], [ 77.066913000093308, 28.481798999728461 ] ] ] ] } },
{ "type": "Feature", "properties": { "OBJECTID": 26156, "MC_Code": 12, "MC_Ward_No": "23", "MC_Name": "Gurugram", "Area": 3874554.7300647902, "TotalPopul": 0, "GenPopulat": 0, "BCPopulati": 0, "SCPopulati": 0, "Notificati": "19/45/2023-6C I", "Notifica_1": "2023-12-14", "Remarks": "Updated in GIS Database", "created_us": null, "created_da": null, "last_edite": null, "last_edi_1": null, "Shape_STAr": 3.8745547300599998, "Shape_STLe": 11538.945066800001 }, "geometry": { "type": "MultiPolygon", "coordinates": [ [ [ [ 77.107225353016872, 28.472309464870136 ], [ 77.107433489756147, 28.472165692265722 ], [ 77.107512123780111, 28.472111375574993 ], [ 77.107840616183339, 28.472078358418752 ], [ 77.108733243643002, 28.471677627591188 ], [ 77.108862317520803, 28.471720024711054 ], [ 77.108865758836473, 28.471721155189009 ], [ 77.109116651130137, 28.471803565751884 ], [ 77.109260293490252, 28.471781993066415 ], [ 77.109551868168154, 28.471702377021309 ], [ 77.110263538276115, 28.471508048036192 ], [ 77.110460470303167, 28.471454272874574 ], [ 77.110840021238573, 28.471350629967535 ], [ 77.111062906013458, 28.471334934514882 ], [ 77.111391287990486, 28.471311810079744 ], [ 77.111465648805563, 28.471306573971766 ], [ 77.112108818175429, 28.471261285218038 ], [ 77.113015105215368, 28.471197463365602 ], [ 77.113189999939635, 28.471179000241492 ], [ 77.113602431223512, 28.471082438089518 ], [ 77.113548421147669, 28.470933337536632 ], [ 77.113379142233327, 28.470625475394225 ], [ 77.112449844025804, 28.46934035597539 ], [ 77.112805812804126, 28.468463546811034 ], [ 77.113325784650371, 28.467623308344251 ], [ 77.113764699213078, 28.466914040991735 ], [ 77.113916352932179, 28.466668976193862 ], [ 77.114379325075504, 28.465917339479113 ], [ 77.116381766180567, 28.463227994788106 ], [ 77.116467563107278, 28.463112762776277 ], [ 77.116469391916851, 28.46311020417744 ], [ 77.115836773506018, 28.462875184784149 ], [ 77.114689349563534, 28.462448914823497 ], [ 77.113340999547574, 28.461948000114997 ], [ 77.108447000457062, 28.460645999832003 ], [ 77.105368000095339, 28.460350000045135 ], [ 77.105479666102497, 28.460592386804294 ], [ 77.105252071900495, 28.464153383253198 ], [ 77.104645999632424, 28.464105999648531 ], [ 77.103929000034739, 28.464047000442154 ], [ 77.103219999846473, 28.463992000062103 ], [ 77.102467000157617, 28.463939000003933 ], [ 77.101630000514376, 28.463877000220226 ], [ 77.101490999966231, 28.463868000170756 ], [ 77.100878000385862, 28.463825999775707 ], [ 77.100111000495914, 28.463771000265993 ], [ 77.099849999929987, 28.463752999646807 ], [ 77.099419000446957, 28.463722000290659 ], [ 77.098865000461331, 28.46368500003123 ], [ 77.098773999742448, 28.463679000067035 ], [ 77.098386000412034, 28.46364399957449 ], [ 77.097705999847037, 28.463553000399919 ], [ 77.096957000372427, 28.46343599987496 ], [ 77.096270999728404, 28.463325999720102 ], [ 77.09614400028353, 28.463306000049158 ], [ 77.095557000291251, 28.463192000373731 ], [ 77.09533800008353, 28.463184000326205 ], [ 77.095096851435756, 28.463429641596758 ], [ 77.094942709520922, 28.463488368310504 ], [ 77.093927265448599, 28.463875240406725 ], [ 77.092479691039472, 28.464426727087556 ], [ 77.092790055260082, 28.465069720694867 ], [ 77.092851915638605, 28.465197876823584 ], [ 77.092855852467878, 28.46520603381618 ], [ 77.092993433522622, 28.465491058842208 ], [ 77.093020255923449, 28.465482609750723 ], [ 77.093221494302412, 28.465419218660983 ], [ 77.093287108608493, 28.465563409953859 ], [ 77.093340663056949, 28.465681098444978 ], [ 77.093290118354503, 28.465701935550534 ], [ 77.093129608342281, 28.465768110630091 ], [ 77.093173373813201, 28.466101091440436 ], [ 77.093217081189252, 28.466158561587459 ], [ 77.093267785941791, 28.466225231601296 ], [ 77.093302569818846, 28.466339670996064 ], [ 77.093343778840506, 28.466475250669376 ], [ 77.093609479509084, 28.466371131176263 ], [ 77.093854002953464, 28.466275309447202 ], [ 77.093964580719273, 28.466407546758926 ], [ 77.094164000054548, 28.466428000322562 ], [ 77.094393868812276, 28.466383260850002 ], [ 77.094759999915851, 28.466312000046713 ], [ 77.094737999700286, 28.466438999986448 ], [ 77.094724999626905, 28.466510000309444 ], [ 77.094583000262844, 28.467287000025156 ], [ 77.094534000119154, 28.467558000186507 ], [ 77.094447999598614, 28.468028000441077 ], [ 77.093794999901434, 28.468027999599634 ], [ 77.091828000408526, 28.468028000253071 ], [ 77.090765000199582, 28.468028000125926 ], [ 77.088901000273481, 28.468026999790592 ], [ 77.088268000319246, 28.468026999859404 ], [ 77.087831000099058, 28.468023000246429 ], [ 77.087744999765135, 28.468021999999152 ], [ 77.087369999825626, 28.468021999805988 ], [ 77.086955000146247, 28.468022999652138 ], [ 77.086364999589676, 28.468021999672128 ], [ 77.085980999912138, 28.468024999571199 ], [ 77.085541999600082, 28.468171000202812 ], [ 77.085674999761068, 28.468342999666774 ], [ 77.086160684653009, 28.468169336640141 ], [ 77.086226653107047, 28.468327930194448 ], [ 77.0862910055112, 28.468482636863559 ], [ 77.086473281785572, 28.468655119162754 ], [ 77.086578742052296, 28.468754913716499 ], [ 77.086584514717785, 28.468760376314396 ], [ 77.086614754611375, 28.468788991002626 ], [ 77.086727928698537, 28.468858020906563 ], [ 77.086776642339913, 28.46888773440509 ], [ 77.086793680898907, 28.468978894262456 ], [ 77.086815186089069, 28.469093956192008 ], [ 77.086829507688179, 28.469170582261601 ], [ 77.086838423516753, 28.469218281105682 ], [ 77.086859590957502, 28.469331531797028 ], [ 77.086874512898476, 28.469411369992201 ], [ 77.086878090525218, 28.469430514142154 ], [ 77.0869361998746, 28.469527123517651 ], [ 77.086938421984939, 28.469530816068339 ], [ 77.086963120893586, 28.469564337815125 ], [ 77.086603658949144, 28.469733998591625 ], [ 77.086493567521345, 28.469785959254491 ], [ 77.086401382276492, 28.469829468954973 ], [ 77.086385993278171, 28.469836732526325 ], [ 77.086361856507125, 28.469848124087584 ], [ 77.086316628395693, 28.469869470863038 ], [ 77.08630799739673, 28.469854911423997 ], [ 77.086248005105446, 28.469753714295855 ], [ 77.086238164805337, 28.469737114270135 ], [ 77.086219979773873, 28.469706438570533 ], [ 77.086202012478239, 28.469714383246476 ], [ 77.086102891636841, 28.469758212120524 ], [ 77.086067838771072, 28.469773711636282 ], [ 77.085986328406506, 28.469816333596317 ], [ 77.085872637101872, 28.469875783373283 ], [ 77.085787165362817, 28.469920476405655 ], [ 77.085634630857044, 28.47000023619773 ], [ 77.085562199893985, 28.470038109485781 ], [ 77.085546188231717, 28.470046481565586 ], [ 77.085387428642008, 28.469737986913252 ], [ 77.085241769952958, 28.469454945509529 ], [ 77.08516709628762, 28.469309841406531 ], [ 77.085155651590426, 28.4692803281572 ], [ 77.08514314097819, 28.469248067388193 ], [ 77.085103361059083, 28.469145484119323 ], [ 77.085120376294768, 28.468966624030351 ], [ 77.085098229292853, 28.468829447142756 ], [ 77.08505573233225, 28.468631298133431 ], [ 77.085034730062077, 28.468533369875725 ], [ 77.084803363538029, 28.468593156066728 ], [ 77.084776626675094, 28.468652266836582 ], [ 77.084576095011442, 28.468738306243832 ], [ 77.084399850570037, 28.468813924572778 ], [ 77.084317387263397, 28.468849306233722 ], [ 77.0842458216663, 28.46888001179768 ], [ 77.084233981149239, 28.468885092110007 ], [ 77.084148951711612, 28.468694831517141 ], [ 77.084122305805323, 28.46863521000547 ], [ 77.084053430253334, 28.468652768647367 ], [ 77.083080608476351, 28.468900764668852 ], [ 77.083121751476781, 28.46897497710248 ], [ 77.083656167008741, 28.469938923014343 ], [ 77.083734622768532, 28.470069316034081 ], [ 77.083952579165469, 28.470431558320168 ], [ 77.084085045687246, 28.470651716302491 ], [ 77.084256622064231, 28.470936871940197 ], [ 77.084240911062892, 28.470943926360679 ], [ 77.084249963225247, 28.470959401670719 ], [ 77.084365104158707, 28.471119659638987 ], [ 77.084391429377447, 28.471156300680477 ], [ 77.084424716228611, 28.47120263077899 ], [ 77.084480849130713, 28.471280758235913 ], [ 77.08448487639329, 28.471286363180496 ], [ 77.084518441526626, 28.471333079698493 ], [ 77.084512150639625, 28.471338515295159 ], [ 77.084403668115826, 28.471432247848671 ], [ 77.084368992779318, 28.471457082181363 ], [ 77.084294408645988, 28.47151049996738 ], [ 77.084154018293944, 28.471611049611649 ], [ 77.084124292310463, 28.471632339419642 ], [ 77.084157827445324, 28.471662186348315 ], [ 77.08414399988169, 28.471673999701277 ], [ 77.084160271802091, 28.47168417047045 ], [ 77.083931997237443, 28.471830462234021 ], [ 77.083876798534263, 28.471809594428048 ], [ 77.08375781957777, 28.471894807782572 ], [ 77.083794978635169, 28.471930782086901 ], [ 77.083738999854702, 28.471966000268516 ], [ 77.083091000081168, 28.47233200014767 ], [ 77.082976999863845, 28.47241599962307 ], [ 77.082917000368994, 28.472346000401402 ], [ 77.082802406607257, 28.472220620881519 ], [ 77.082798667874599, 28.472222588412713 ], [ 77.082792142511849, 28.472226021625048 ], [ 77.082788279377965, 28.472220764222325 ], [ 77.082780402052705, 28.472210045094847 ], [ 77.082750503273942, 28.472169360053492 ], [ 77.082731695296602, 28.472151303616695 ], [ 77.082672643460143, 28.472094612803389 ], [ 77.082618323050099, 28.472042463146142 ], [ 77.082553686428241, 28.472072068283772 ], [ 77.082152689568716, 28.472255733930083 ], [ 77.081926778584858, 28.472359205414758 ], [ 77.081509006052642, 28.472552634089567 ], [ 77.081286838771703, 28.472655496805224 ], [ 77.080824737655732, 28.472821179261864 ], [ 77.080804602462749, 28.472828811741969 ], [ 77.08015836698489, 28.473073773596813 ], [ 77.080010693509834, 28.473147066215603 ], [ 77.079961307487508, 28.473166799835152 ], [ 77.0798166581977, 28.473224597911543 ], [ 77.079830142031341, 28.473260092734922 ], [ 77.079850472842054, 28.47331361443835 ], [ 77.079853353676, 28.473321799711361 ], [ 77.080060456562919, 28.473910367078503 ], [ 77.080071569512967, 28.473905692560397 ], [ 77.080079000199873, 28.473929999808345 ], [ 77.07992600040923, 28.473982000129837 ], [ 77.079146000454514, 28.474246000437173 ], [ 77.079008693659901, 28.47429279506882 ], [ 77.079042373577295, 28.474467382828834 ], [ 77.079059262558843, 28.474516407683492 ], [ 77.079146838068922, 28.474770621133818 ], [ 77.079435944002526, 28.47560981991689 ], [ 77.079497349204502, 28.47578806196703 ], [ 77.079622817448325, 28.476152257295013 ], [ 77.079947346730918, 28.47643519922007 ], [ 77.080094815463767, 28.476563769473966 ], [ 77.080120552940983, 28.476586208459203 ], [ 77.080171032599566, 28.476630219155293 ], [ 77.080856009601078, 28.476973822005377 ], [ 77.081234927057082, 28.477342373995988 ], [ 77.081471774861996, 28.477530943194058 ], [ 77.081639060539672, 28.477664128642168 ], [ 77.081902328789198, 28.477862469921956 ], [ 77.081923169432471, 28.477883102155381 ], [ 77.082074879023082, 28.47798347739699 ], [ 77.082226588913585, 28.478083853354843 ], [ 77.082383810730462, 28.478187874061575 ], [ 77.082475605517985, 28.478248607405035 ], [ 77.082741942285935, 28.478424820585001 ], [ 77.083418959239339, 28.478731917444737 ], [ 77.083414732089295, 28.478794171427733 ], [ 77.083843999740012, 28.478966999793915 ], [ 77.084159000372395, 28.47909400028777 ], [ 77.085249670050118, 28.479365126325042 ], [ 77.085383998598218, 28.479417924125006 ], [ 77.085817971943257, 28.479506394555894 ], [ 77.085856626563896, 28.479513897177043 ], [ 77.085928306665537, 28.479527809413064 ], [ 77.086000925046562, 28.479530954050105 ], [ 77.086069689051214, 28.479533933118081 ], [ 77.086106035542926, 28.47953550663572 ], [ 77.086192642642757, 28.479539257611712 ], [ 77.086588709245191, 28.479488841983073 ], [ 77.086631281391448, 28.479477075279441 ], [ 77.086786356315784, 28.47943421218109 ], [ 77.086997860494336, 28.479417439871831 ], [ 77.087077144854604, 28.479411153221854 ], [ 77.087160526166301, 28.479404541038196 ], [ 77.087264272884298, 28.479398798146931 ], [ 77.087509868318108, 28.479385203844281 ], [ 77.08754238103235, 28.479383404265224 ], [ 77.08757054218627, 28.47946829861268 ], [ 77.08808005337778, 28.479388071870723 ], [ 77.088452436408076, 28.479312114883363 ], [ 77.088770522723351, 28.479246084106205 ], [ 77.088883949350546, 28.479222537916201 ], [ 77.088885955051566, 28.479222121795978 ], [ 77.08888795973165, 28.479221705691405 ], [ 77.088892096939148, 28.479220675710319 ], [ 77.089727459604717, 28.47901266213967 ], [ 77.089729786827704, 28.479012082253025 ], [ 77.089832050789596, 28.478986617083649 ], [ 77.089991097026925, 28.478947012645428 ], [ 77.090111752033067, 28.478916967571546 ], [ 77.090462109001066, 28.478819615590783 ], [ 77.090812465324476, 28.478722265445086 ], [ 77.090934650303126, 28.478683909967764 ], [ 77.091542253970388, 28.478483541307327 ], [ 77.091564606273494, 28.478473101137158 ], [ 77.091570251170609, 28.478484734726457 ], [ 77.093241999591626, 28.477915000354987 ], [ 77.093869000152552, 28.478534999855132 ], [ 77.093951587632688, 28.478653118392245 ], [ 77.093956399018339, 28.478736359622694 ], [ 77.093959047031973, 28.478884637526164 ], [ 77.093964721996315, 28.478880338905672 ], [ 77.09417494081876, 28.478762036386595 ], [ 77.094346379493587, 28.4786655566989 ], [ 77.096213913017309, 28.477614555497659 ], [ 77.096539961771597, 28.477487290593427 ], [ 77.097806526385725, 28.47654969714436 ], [ 77.098943058585277, 28.475708337466987 ], [ 77.100680652478616, 28.474382736024495 ], [ 77.101219292621138, 28.47393239890831 ], [ 77.101264633497706, 28.473894491266694 ], [ 77.101811550185801, 28.473437227653289 ], [ 77.102058506784402, 28.473230751546229 ], [ 77.102778794564287, 28.472553092961164 ], [ 77.102830090364165, 28.472490110722326 ], [ 77.103408483261219, 28.472980100135903 ], [ 77.10393154232753, 28.473305264054726 ], [ 77.103974798494306, 28.473332154568595 ], [ 77.104952800672208, 28.473940125411602 ], [ 77.106661026689011, 28.471793631753066 ], [ 77.107225353016872, 28.472309464870136 ] ] ] ] } },
{ "type": "Feature", "properties": { "OBJECTID": 26157, "MC_Code": 12, "MC_Ward_No": "06", "MC_Name": "Gurugram", "Area": 28730471.162107289, "TotalPopul": 0, "GenPopulat": 0, "BCPopulati": 0, "SCPopulati": 0, "Notificati": "19/45/2023-6C I", "Notifica_1": "2023-12-14", "Remarks": "Updated in GIS Database", "created_us": null, "created_da": null, "last_edite": null, "last_edi_1": null, "Shape_STAr": 28.730471162099999, "Shape_STLe": 26743.944502099999 }, "geometry": { "type": "MultiPolygon", "coordinates": [ [ [ [ 76.990327051187151, 28.513700723283105 ], [ 76.990844613664692, 28.513442006207573 ], [ 76.990922042666966, 28.513565026578412 ], [ 76.991069050853639, 28.513537878082559 ], [ 76.991123299927835, 28.513596905930456 ], [ 76.991240669449937, 28.513724614019452 ], [ 76.991601160434811, 28.514251372845642 ], [ 76.991653035507468, 28.51434021865256 ], [ 76.992336689871095, 28.514892131605219 ], [ 76.992358411621623, 28.514940710209334 ], [ 76.992416647843967, 28.514988508646347 ], [ 76.992433647558869, 28.515020452868775 ], [ 76.992582275907594, 28.515299742890782 ], [ 76.992907761684123, 28.515742621417324 ], [ 76.992995307899307, 28.515706975787438 ], [ 76.9931342057683, 28.515689773413012 ], [ 76.993218168511362, 28.515821433980268 ], [ 76.993587263741986, 28.516347377428669 ], [ 76.993805147962817, 28.516620375925985 ], [ 76.994006240002406, 28.516872331130585 ], [ 76.994408391130008, 28.517397347244245 ], [ 76.994475402716972, 28.517484829843767 ], [ 76.994521863695738, 28.517545485596546 ], [ 76.994674609894943, 28.517393528865131 ], [ 76.994890262953433, 28.517178986944678 ], [ 76.995142582456396, 28.51704732851778 ], [ 76.995400873730304, 28.516938775304368 ], [ 76.995628342233303, 28.517379845335906 ], [ 76.995812931960998, 28.517746168957359 ], [ 76.995896800262884, 28.517907257750835 ], [ 76.995936047268088, 28.518019539306525 ], [ 76.996081408320777, 28.518435401066636 ], [ 76.996250784357741, 28.518879495522111 ], [ 76.996282581993071, 28.518962864697638 ], [ 76.996509994254723, 28.519286213483728 ], [ 76.996649909550769, 28.519485152048443 ], [ 76.997153267267194, 28.519187618538147 ], [ 76.997664553203037, 28.518945621526274 ], [ 76.997824517900099, 28.518869907521136 ], [ 76.998497425414087, 28.51851643816633 ], [ 76.998717474015564, 28.518400848921512 ], [ 76.998941775990787, 28.518283023849925 ], [ 76.998999031970769, 28.518252947374926 ], [ 76.999171991530517, 28.518158254341994 ], [ 76.999645172356466, 28.517907752264538 ], [ 76.999754610981583, 28.517854257041545 ], [ 76.99984818158579, 28.517808518360642 ], [ 77.000006946969393, 28.517755123177572 ], [ 77.000305301708025, 28.517697400783451 ], [ 77.000398278466633, 28.517711679219378 ], [ 77.000524996288462, 28.517680514961778 ], [ 77.000996271777339, 28.517538010969663 ], [ 77.001157485926086, 28.51748926254422 ], [ 77.001203332192304, 28.517507708935071 ], [ 77.001246966241396, 28.51754209199542 ], [ 77.001792175492156, 28.517391326627827 ], [ 77.001882826202362, 28.517366258461795 ], [ 77.002265280360888, 28.51728443546158 ], [ 77.002563656754688, 28.517220599796651 ], [ 77.00324662268433, 28.516972278272256 ], [ 77.00367105504867, 28.516771856012319 ], [ 77.003768473563895, 28.51672585311232 ], [ 77.003931745868528, 28.516648753279952 ], [ 77.004618354919728, 28.516339408865274 ], [ 77.004996676027147, 28.51616895735161 ], [ 77.005306575518915, 28.51602933347122 ], [ 77.00599624206825, 28.515733525814873 ], [ 77.006279240128322, 28.515646863991396 ], [ 77.006410202774575, 28.515606759686762 ], [ 77.006686404320547, 28.515527166348264 ], [ 77.007377816079213, 28.515335412216849 ], [ 77.007602752839304, 28.51527887377576 ], [ 77.008070231747482, 28.515173376103974 ], [ 77.008579782957099, 28.515054621684349 ], [ 77.008664149123689, 28.51502778228231 ], [ 77.008764245219965, 28.514995938527047 ], [ 77.009413495317105, 28.514726543547276 ], [ 77.009412479137453, 28.514724082511652 ], [ 77.010203887757157, 28.514503623438753 ], [ 77.010649088241806, 28.514947258609649 ], [ 77.011191257466109, 28.51548799371632 ], [ 77.011479473429546, 28.515805919388153 ], [ 77.011702736179487, 28.516055614628986 ], [ 77.012126649772654, 28.516595121953731 ], [ 77.012245645148909, 28.516759299665335 ], [ 77.012654479459655, 28.517111665958584 ], [ 77.013009494926067, 28.51741942112946 ], [ 77.013249586974652, 28.517200043198848 ], [ 77.01329857324167, 28.517147880959236 ], [ 77.013725610618877, 28.516693154086536 ], [ 77.014939999736896, 28.515400000338882 ], [ 77.0156879999506, 28.514602999606463 ], [ 77.017891999988834, 28.512346000083213 ], [ 77.013998000170375, 28.507758000134473 ], [ 77.00962599999697, 28.502784000191681 ], [ 77.008209999626843, 28.501081999858584 ], [ 77.006859999609745, 28.499576000359262 ], [ 77.005424000249832, 28.497942999841676 ], [ 77.005430999564155, 28.49792999999924 ], [ 77.005417999628378, 28.497936000361953 ], [ 77.005417000136887, 28.497936999588983 ], [ 77.005244106258274, 28.497782585570853 ], [ 77.00523039305736, 28.497788138042299 ], [ 77.004917456132773, 28.49792342404481 ], [ 77.004308685052834, 28.498151408317934 ], [ 77.004284871870155, 28.498160325695334 ], [ 77.004220096686012, 28.498170778512382 ], [ 77.003308674903664, 28.498415587320441 ], [ 77.003288331624134, 28.498420674279615 ], [ 77.003245509081424, 28.498431383197836 ], [ 77.002343299427437, 28.498732839977158 ], [ 77.002319111619926, 28.498740921539124 ], [ 77.001521007223928, 28.499116621875707 ], [ 77.00133966917204, 28.498868630422603 ], [ 77.001164411346167, 28.498628953738802 ], [ 77.00115022272395, 28.498609548968858 ], [ 77.00112281328903, 28.498572063373061 ], [ 77.000979955541553, 28.498399423953376 ], [ 77.000918390381358, 28.498318995277319 ], [ 77.000918730635831, 28.498292963439543 ], [ 77.000815663780983, 28.498152011732302 ], [ 77.000559000194087, 28.497801000162486 ], [ 77.000384326320585, 28.497607572413422 ], [ 77.000364674742457, 28.497585811595407 ], [ 77.000342637255258, 28.497561407687236 ], [ 77.000273590150073, 28.497469834558171 ], [ 77.000065312119332, 28.497240522292724 ], [ 77.000063075666546, 28.497240549797695 ], [ 76.999937293014938, 28.497033466375928 ], [ 76.999791526875327, 28.496793479902728 ], [ 76.999510054460401, 28.496330067413155 ], [ 76.9994844994376, 28.49628799360536 ], [ 76.999458950614766, 28.496296738961913 ], [ 76.999455708604302, 28.496299124688413 ], [ 76.998967999792541, 28.495170999586211 ], [ 76.997349799663482, 28.49255860437227 ], [ 76.997040236910848, 28.492058832674243 ], [ 76.996559935661523, 28.491402018968891 ], [ 76.996531934374502, 28.491357696550605 ], [ 76.996563111122882, 28.491356707024774 ], [ 76.996501916615884, 28.491300010861075 ], [ 76.996398021989734, 28.491146073338498 ], [ 76.996279257289487, 28.490970102755924 ], [ 76.996027759294947, 28.490597464020254 ], [ 76.996047278366618, 28.490591025916022 ], [ 76.995959447623761, 28.490463479025202 ], [ 76.995793139786983, 28.490221967230646 ], [ 76.995732190448962, 28.490133456919427 ], [ 76.995536999536611, 28.489850000183988 ], [ 76.995197999794073, 28.489355999562253 ], [ 76.995192384265835, 28.489345463876894 ], [ 76.995151909894815, 28.489269524902205 ], [ 76.995140708484186, 28.489248508135546 ], [ 76.995119999670791, 28.489209654027778 ], [ 76.995073584876096, 28.48912256959408 ], [ 76.994910772825961, 28.488817103339127 ], [ 76.994902606883201, 28.488801781935024 ], [ 76.994758103190904, 28.488530663236087 ], [ 76.994276999691706, 28.487627999745271 ], [ 76.994097004776549, 28.48746591039308 ], [ 76.992970000274013, 28.486451000307312 ], [ 76.992139000284823, 28.485674999785825 ], [ 76.99212799952916, 28.485670000393331 ], [ 76.992127000256929, 28.485668999877856 ], [ 76.992115449205627, 28.48565813685363 ], [ 76.99142045712928, 28.485004559805237 ], [ 76.987978999573258, 28.481768000171783 ], [ 76.985744999663268, 28.479689000133316 ], [ 76.984021000395558, 28.478074999782123 ], [ 76.981114999827952, 28.475440000438379 ], [ 76.980259000301984, 28.474700999950088 ], [ 76.978329000470936, 28.473040999652589 ], [ 76.977995137874458, 28.472753517778269 ], [ 76.977386000264943, 28.472229000010483 ], [ 76.977303993004227, 28.472157198020842 ], [ 76.976838358795248, 28.471749503247196 ], [ 76.976727000032369, 28.471652000353359 ], [ 76.976354638283766, 28.470939768495199 ], [ 76.975749729479134, 28.46978271162418 ], [ 76.975711701433127, 28.469727294535062 ], [ 76.975378000259937, 28.469241000432707 ], [ 76.975368042305689, 28.469229839272792 ], [ 76.975283243779302, 28.469122797278914 ], [ 76.9750829999128, 28.46887300019705 ], [ 76.974044977739382, 28.467746878843119 ], [ 76.973606307598729, 28.467270967679486 ], [ 76.973546564570654, 28.467216655557841 ], [ 76.973451558649288, 28.467109983308905 ], [ 76.973229831133992, 28.466878675973927 ], [ 76.972872151474704, 28.466505538500552 ], [ 76.971054632104796, 28.46473614207094 ], [ 76.97092608489109, 28.464609801292941 ], [ 76.970341920720017, 28.464035657462976 ], [ 76.969735812761257, 28.463439937084011 ], [ 76.969470820259389, 28.463179482063943 ], [ 76.969298192502194, 28.463008253142537 ], [ 76.968746271259519, 28.462447077479538 ], [ 76.968578999539602, 28.462276999942574 ], [ 76.968341275420045, 28.461956475419854 ], [ 76.968249251156081, 28.46183239694524 ], [ 76.96823915741092, 28.461818788117924 ], [ 76.967445000136692, 28.460748000411087 ], [ 76.967283041843473, 28.460495444597186 ], [ 76.966954777711877, 28.459983547930218 ], [ 76.966461435571077, 28.459214216902858 ], [ 76.96646140290683, 28.459214162330184 ], [ 76.966414468296776, 28.459140970591545 ], [ 76.966389274577011, 28.459101684424898 ], [ 76.966264128327666, 28.458906526604096 ], [ 76.96606500022753, 28.4585959999492 ], [ 76.9660562710759, 28.458578243733641 ], [ 76.966044412512346, 28.458572635438117 ], [ 76.96595396929618, 28.458395359729057 ], [ 76.965769986843597, 28.458034737425638 ], [ 76.964459000301048, 28.455465000065544 ], [ 76.964409002303583, 28.455001740207734 ], [ 76.964394999966672, 28.454872000009992 ], [ 76.963444229752838, 28.454251813111465 ], [ 76.963237928719707, 28.454117240587848 ], [ 76.962467416050558, 28.453614622287777 ], [ 76.961607999933619, 28.453053999707492 ], [ 76.961594645478996, 28.453046018551312 ], [ 76.961712167611793, 28.45297739238671 ], [ 76.961759427146688, 28.452929170747026 ], [ 76.96185890678403, 28.452827668424693 ], [ 76.961886834147663, 28.45280074469369 ], [ 76.961894981916743, 28.452792889272864 ], [ 76.96186086838766, 28.452765364249426 ], [ 76.961749912621983, 28.452669030275498 ], [ 76.961747608398895, 28.452667274090743 ], [ 76.961590177033344, 28.45254735341469 ], [ 76.961442930977384, 28.452432807325394 ], [ 76.961327081828131, 28.452345028612008 ], [ 76.961241555740756, 28.452280224804696 ], [ 76.96111293962457, 28.452181749990903 ], [ 76.961066362454844, 28.452188777881812 ], [ 76.961023245468112, 28.452262901916129 ], [ 76.960926897319681, 28.452428537520774 ], [ 76.960342725970889, 28.453432797739982 ], [ 76.959960320145171, 28.45409018484084 ], [ 76.959756577502475, 28.454440433820796 ], [ 76.959717966702314, 28.454506808794232 ], [ 76.959237253569768, 28.455333176918394 ], [ 76.95842723707672, 28.456725603659489 ], [ 76.958286746057226, 28.456967105495433 ], [ 76.957238891185511, 28.45876831083746 ], [ 76.956650410704796, 28.459779847757801 ], [ 76.95395598305511, 28.464167752968152 ], [ 76.953743691671718, 28.464612022845316 ], [ 76.952382506257521, 28.467220189752886 ], [ 76.949745921715206, 28.472271768879477 ], [ 76.938280795058617, 28.472409245869592 ], [ 76.935200433053751, 28.472405374080353 ], [ 76.935090600580494, 28.472400772259785 ], [ 76.935138083585457, 28.472441773065359 ], [ 76.935150464827089, 28.472452464257497 ], [ 76.935160260462538, 28.47246092275314 ], [ 76.935253125346733, 28.472561097543799 ], [ 76.93545875390943, 28.473002943108142 ], [ 76.935532221580146, 28.473109749300644 ], [ 76.935679368236393, 28.473323668055912 ], [ 76.935783221645167, 28.473463700405585 ], [ 76.935842718679396, 28.473543923457409 ], [ 76.9362644848473, 28.474067548258954 ], [ 76.936268012462449, 28.47407192782185 ], [ 76.936277942237695, 28.474084255543978 ], [ 76.936304779930495, 28.474112267731826 ], [ 76.936916184405035, 28.474750427864834 ], [ 76.937024311202791, 28.474863285230263 ], [ 76.937233745567383, 28.475163758261804 ], [ 76.937462561222034, 28.47551406136105 ], [ 76.937566239547323, 28.475705062168252 ], [ 76.937723776350268, 28.475965190234913 ], [ 76.937898697024792, 28.476246298849503 ], [ 76.937936156911178, 28.476319338880653 ], [ 76.937955237369792, 28.47635654105963 ], [ 76.938045193991385, 28.476497054672603 ], [ 76.938231118031595, 28.47678747011015 ], [ 76.938348684102948, 28.476985503891719 ], [ 76.938423710999615, 28.477111882187678 ], [ 76.938459024105583, 28.477160612676471 ], [ 76.938580598259307, 28.477328381796308 ], [ 76.938719362710728, 28.477481991795294 ], [ 76.938993692626624, 28.477861908686933 ], [ 76.93899842026282, 28.477868455720973 ], [ 76.939428985719232, 28.478372401762481 ], [ 76.939459382882035, 28.478407978572346 ], [ 76.939484990949026, 28.478437950421917 ], [ 76.93959224364167, 28.478574591203571 ], [ 76.939794990620285, 28.478832891970171 ], [ 76.93988521063865, 28.478947833203119 ], [ 76.94017566286054, 28.479350771678899 ], [ 76.940393089618922, 28.479652401847197 ], [ 76.940512549996356, 28.479818123672505 ], [ 76.940669264336421, 28.480028108678908 ], [ 76.940734893557675, 28.480116587850134 ], [ 76.941069773236606, 28.480568053401846 ], [ 76.941290033987741, 28.480865260380483 ], [ 76.941434045609057, 28.481062977423601 ], [ 76.941453150017779, 28.481108125047513 ], [ 76.941591082150325, 28.481322796946142 ], [ 76.941789308495274, 28.481648660612738 ], [ 76.941798616841609, 28.481661333337879 ], [ 76.942183503276709, 28.482163258108876 ], [ 76.942202688971278, 28.482188265094642 ], [ 76.94246632451059, 28.482729478442472 ], [ 76.942715585488799, 28.483241176675406 ], [ 76.942729929989284, 28.483270623898477 ], [ 76.942738084265798, 28.483283897785306 ], [ 76.942782578062719, 28.483356326735478 ], [ 76.943061850614995, 28.483810939239213 ], [ 76.943231807631179, 28.484080979851218 ], [ 76.943260866695638, 28.484126088614158 ], [ 76.943306094465669, 28.484185965578629 ], [ 76.943381776226914, 28.484351321341784 ], [ 76.943740900476342, 28.48489120063876 ], [ 76.943760949103037, 28.484908626759484 ], [ 76.943761104844199, 28.484911329869227 ], [ 76.943782061949548, 28.485033090672875 ], [ 76.943835302547527, 28.485433956281589 ], [ 76.943895127079813, 28.485816301965613 ], [ 76.944015739688638, 28.486156912053367 ], [ 76.944119612802297, 28.486518190419424 ], [ 76.944166296581997, 28.486672094074802 ], [ 76.944283947014114, 28.487059955115626 ], [ 76.944444846559747, 28.487601686538575 ], [ 76.944468227254248, 28.487693154769794 ], [ 76.944470326955511, 28.487709970360314 ], [ 76.944360472380779, 28.488096578526616 ], [ 76.944329339573841, 28.488213487786229 ], [ 76.94418593597868, 28.488691343469974 ], [ 76.944148293332432, 28.488794809212873 ], [ 76.944118503359135, 28.489022688348982 ], [ 76.944097663269204, 28.489182102217317 ], [ 76.944090659870781, 28.489235676532267 ], [ 76.944058904083761, 28.489417103984284 ], [ 76.943991508314852, 28.489839396437457 ], [ 76.943972455191926, 28.489958781316844 ], [ 76.943935972996556, 28.490307692178749 ], [ 76.943862209578626, 28.490821705994367 ], [ 76.943855049637065, 28.490872878592764 ], [ 76.943827765947646, 28.491005093899012 ], [ 76.943812455235658, 28.49107929089098 ], [ 76.943743829253506, 28.491411852807332 ], [ 76.943631545103855, 28.491955982101118 ], [ 76.943521040407575, 28.49239771538296 ], [ 76.943495378397699, 28.492500294035256 ], [ 76.943324215779711, 28.493044907768358 ], [ 76.943141180353152, 28.493589570157592 ], [ 76.943013934435157, 28.493939885930981 ], [ 76.943004305815421, 28.493966394746927 ], [ 76.943002923386885, 28.493975125184466 ], [ 76.943001516212746, 28.493984010282748 ], [ 76.942994507751465, 28.494028259417949 ], [ 76.942977770881626, 28.494133939084183 ], [ 76.942896266474477, 28.494528940810913 ], [ 76.942873026579804, 28.494641569720908 ], [ 76.942868727977071, 28.494662403057287 ], [ 76.942865576666179, 28.494677672160091 ], [ 76.942818143502677, 28.494948696952623 ], [ 76.942770461353945, 28.495221140218316 ], [ 76.942697116660653, 28.495731662407472 ], [ 76.942692421175138, 28.495764346046766 ], [ 76.942678437889427, 28.495876951773859 ], [ 76.942310081552975, 28.496280883322708 ], [ 76.942291055952325, 28.496301746668752 ], [ 76.941755763027302, 28.496816853731683 ], [ 76.941739862894465, 28.496832695719391 ], [ 76.941558851506826, 28.497023905737436 ], [ 76.941211617242217, 28.49738398116444 ], [ 76.941189244760764, 28.497407180615891 ], [ 76.940783616232466, 28.497822885337118 ], [ 76.940780128259604, 28.497826867727273 ], [ 76.940765951266584, 28.497843055875691 ], [ 76.940758579109286, 28.497851473894524 ], [ 76.940202979460153, 28.498492867320987 ], [ 76.940195189724676, 28.498501859773555 ], [ 76.939953519321492, 28.498760803903703 ], [ 76.939939792066866, 28.499033751477079 ], [ 76.939939151538795, 28.499046478766115 ], [ 76.939913007773129, 28.499578149906878 ], [ 76.939912496424427, 28.499588558039033 ], [ 76.939897392897223, 28.499895719118491 ], [ 76.939886238845162, 28.500122556204264 ], [ 76.93988584494609, 28.500130562328344 ], [ 76.939876166531448, 28.500250621383625 ], [ 76.939842586944792, 28.500667213431221 ], [ 76.939842147454698, 28.500672671884946 ], [ 76.939798682704534, 28.501211884149647 ], [ 76.939798455450429, 28.501214705526277 ], [ 76.939737725663534, 28.50175681091935 ], [ 76.939737722189221, 28.501756844357001 ], [ 76.939704393870656, 28.502271127975007 ], [ 76.939703555928659, 28.502284065624906 ], [ 76.939708028022466, 28.502298577016536 ], [ 76.93982082235398, 28.502838720216232 ], [ 76.939821856878893, 28.502843729895563 ], [ 76.939932395170004, 28.503378803983754 ], [ 76.939933626327146, 28.503386185014421 ], [ 76.93997888940666, 28.503657565529434 ], [ 76.939997711529017, 28.50377041093741 ], [ 76.940023205266314, 28.503919036070815 ], [ 76.940025467113259, 28.503928926337448 ], [ 76.940082075092775, 28.504176481689349 ], [ 76.94015106559506, 28.504478190628589 ], [ 76.940195486058172, 28.504699501882492 ], [ 76.940214691325465, 28.504830743979582 ], [ 76.940241497551227, 28.505013928558668 ], [ 76.940249598194868, 28.505069286634484 ], [ 76.94034657807066, 28.505528374862667 ], [ 76.940353329068287, 28.505556369506206 ], [ 76.940525200875854, 28.505832573851333 ], [ 76.940862394127478, 28.505668849963641 ], [ 76.941165487763683, 28.505514648919711 ], [ 76.941540422726945, 28.505322850760912 ], [ 76.942218720495035, 28.504989949703521 ], [ 76.944258231694207, 28.504010580972928 ], [ 76.944931026531094, 28.504291746172143 ], [ 76.945619006259079, 28.50445014032994 ], [ 76.94604346321978, 28.504540213094639 ], [ 76.946306613382262, 28.50457088546338 ], [ 76.94699407977842, 28.504675602851854 ], [ 76.947139015202112, 28.504714961079994 ], [ 76.947679849345377, 28.504630291063439 ], [ 76.948365773705916, 28.504598889163017 ], [ 76.948725797696298, 28.504609713905509 ], [ 76.949051888453951, 28.504583818607507 ], [ 76.949737725624701, 28.504545453722756 ], [ 76.949843655282379, 28.5045367054433 ], [ 76.950424474174426, 28.50458270226726 ], [ 76.951111425771742, 28.504635072737866 ], [ 76.951480121293088, 28.504654589958061 ], [ 76.951798210746048, 28.504672316475382 ], [ 76.952485392751939, 28.504739807670084 ], [ 76.95306592482423, 28.50478910353203 ], [ 76.953172882441578, 28.504829448759448 ], [ 76.953215712036268, 28.504867295866323 ], [ 76.953863727845075, 28.505177316806382 ], [ 76.954017785125487, 28.505256447535082 ], [ 76.954178479064936, 28.505338985638513 ], [ 76.954554772563924, 28.505532262841179 ], [ 76.955098796631589, 28.505797970924633 ], [ 76.955246126401562, 28.50590239220913 ], [ 76.955280846831471, 28.505932249293615 ], [ 76.955939610511365, 28.506423925487756 ], [ 76.956008867068903, 28.506468517218252 ], [ 76.956041184887439, 28.506492433161121 ], [ 76.956633050874686, 28.506930431951673 ], [ 76.956719894760468, 28.507005106906771 ], [ 76.956866721990309, 28.507109630996133 ], [ 76.957326741811087, 28.507444008316607 ], [ 76.957455984284394, 28.5075415191648 ], [ 76.957662128024936, 28.507688747023948 ], [ 76.958020287396891, 28.507935581287192 ], [ 76.958193965795203, 28.50807802799817 ], [ 76.958477801645259, 28.508285011440861 ], [ 76.958714269948857, 28.508447854529379 ], [ 76.9589304066171, 28.508614676557738 ], [ 76.959307462186004, 28.508901311794382 ], [ 76.959408656082672, 28.508977782990065 ], [ 76.959668739452198, 28.509151421666626 ], [ 76.960095087885747, 28.5094915192212 ], [ 76.960372725592578, 28.509688696023652 ], [ 76.960900320236618, 28.510118889865691 ], [ 76.96149325724241, 28.510600212083634 ], [ 76.96170182951451, 28.510764543350081 ], [ 76.962187520870614, 28.511077256086644 ], [ 76.962881482969991, 28.511524058557793 ], [ 76.962943307149374, 28.511564273624455 ], [ 76.963576209603588, 28.512012968901992 ], [ 76.963781447988595, 28.512162123722714 ], [ 76.96427058706368, 28.512468749921453 ], [ 76.964643087816583, 28.512699612587443 ], [ 76.964896943772487, 28.512995905085841 ], [ 76.964965753531871, 28.512967204204379 ], [ 76.965522334547259, 28.512686326054492 ], [ 76.965816673773574, 28.512545412515646 ], [ 76.965824999051691, 28.512554675785253 ], [ 76.966185696418606, 28.512900228378115 ], [ 76.966341593741461, 28.513049578971735 ], [ 76.966740214737044, 28.51343145722414 ], [ 76.967026746527338, 28.51370595201238 ], [ 76.96711282533559, 28.513788413824219 ], [ 76.967316302747207, 28.513963769841325 ], [ 76.967714232099027, 28.514306700548499 ], [ 76.967934885055755, 28.514496855562133 ], [ 76.968403725627226, 28.514900890244299 ], [ 76.968555064208815, 28.515031310128553 ], [ 76.968713441463791, 28.515167793700147 ], [ 76.969095209238276, 28.515500924401856 ], [ 76.969171188197365, 28.515567223579861 ], [ 76.969788713369539, 28.516106068916454 ], [ 76.970404352665426, 28.516643259235096 ], [ 76.970484247364325, 28.516712973119596 ], [ 76.970889775815039, 28.517066820295774 ], [ 76.971180591671157, 28.51714855238874 ], [ 76.971289779317502, 28.517179239100127 ], [ 76.971876184116681, 28.517344041087483 ], [ 76.972572287297226, 28.517539668499623 ], [ 76.97295039681039, 28.517645928467456 ], [ 76.973142541230771, 28.517701440078547 ], [ 76.973268932839176, 28.517737955373761 ], [ 76.973966140941343, 28.517939379660721 ], [ 76.974284554307587, 28.518031367999853 ], [ 76.974663789475187, 28.518135247008789 ], [ 76.974990602985613, 28.518224766261991 ], [ 76.975361861393992, 28.518326457323507 ], [ 76.976061300239877, 28.518561414281923 ], [ 76.976151470190132, 28.518580864882068 ], [ 76.976273850935357, 28.518758157988408 ], [ 76.976720297957584, 28.519306261888094 ], [ 76.976773793913736, 28.519364815682373 ], [ 76.976817339999599, 28.51941247923483 ], [ 76.977221613720673, 28.519854973011945 ], [ 76.97741693387843, 28.520068756815199 ], [ 76.977488348019122, 28.520139420848086 ], [ 76.977756370462529, 28.520404625327235 ], [ 76.978031760811746, 28.520714821271561 ], [ 76.978205447335583, 28.520910456480014 ], [ 76.978252933776744, 28.520956393646347 ], [ 76.978454653978233, 28.521151527200406 ], [ 76.978729747254107, 28.520987107550837 ], [ 76.978796176302254, 28.520947403797063 ], [ 76.978888887909847, 28.520891991263596 ], [ 76.978903350819664, 28.520883347009075 ], [ 76.978902499787921, 28.52085222688148 ], [ 76.979170119481211, 28.520693083132112 ], [ 76.979391516644569, 28.520528148922583 ], [ 76.979586893224862, 28.520374598907807 ], [ 76.980012134942498, 28.520026418594007 ], [ 76.980096795739655, 28.519947577223615 ], [ 76.980266482691334, 28.519805471058451 ], [ 76.980439603096698, 28.519665882759693 ], [ 76.980490239143293, 28.519625054967669 ], [ 76.980520995761395, 28.519600255215359 ], [ 76.981218245167653, 28.51906129583179 ], [ 76.981627794220884, 28.51867266285463 ], [ 76.982214189105122, 28.518110478462901 ], [ 76.982289348926201, 28.518040455233116 ], [ 76.982791779541017, 28.5175502132474 ], [ 76.98295700300234, 28.517402612329583 ], [ 76.983356029652796, 28.516991924528011 ], [ 76.983374056636222, 28.516973371244418 ], [ 76.983461516771939, 28.51693212378165 ], [ 76.983625557751495, 28.516850632196764 ], [ 76.984301205929825, 28.516520687722256 ], [ 76.984341264399106, 28.516498974507019 ], [ 76.985424077476722, 28.515912033038369 ], [ 76.985510997871643, 28.515864916900998 ], [ 76.985644886961794, 28.515787174516714 ], [ 76.98610511909159, 28.51558360460627 ], [ 76.986317685354422, 28.515489581154068 ], [ 76.986928933117042, 28.515261132596091 ], [ 76.986991443576798, 28.515237770029405 ], [ 76.98766101399444, 28.514926161334202 ], [ 76.988328472014459, 28.514600138048046 ], [ 76.988848965000784, 28.51435471420832 ], [ 76.988992102846822, 28.514229803840898 ], [ 76.989078545411928, 28.514183517268648 ], [ 76.989387374880508, 28.514018151699297 ], [ 76.98965845578374, 28.513935108792854 ], [ 76.990327051187151, 28.513700723283105 ] ] ] ] } },
{ "type": "Feature", "properties": { "OBJECTID": 26160, "MC_Code": 12, "MC_Ward_No": "35", "MC_Name": "Gurugram", "Area": 1306136.7000504199, "TotalPopul": 0, "GenPopulat": 0, "BCPopulati": 0, "SCPopulati": 0, "Notificati": "19/45/2023-6C I", "Notifica_1": "2023-12-14", "Remarks": "Updated in GIS Database", "created_us": null, "created_da": null, "last_edite": null, "last_edi_1": null, "Shape_STAr": 1.3061367000499999, "Shape_STLe": 6061.6222941400001 }, "geometry": { "type": "MultiPolygon", "coordinates": [ [ [ [ 77.019918748988616, 28.485356772461383 ], [ 77.020218897782016, 28.484893523011202 ], [ 77.020350278923445, 28.484690747733111 ], [ 77.020863799033378, 28.48402350275455 ], [ 77.020916000059856, 28.483942999709576 ], [ 77.02101838783598, 28.483822635021927 ], [ 77.021557874945401, 28.483121635967652 ], [ 77.02164262540397, 28.483024161586478 ], [ 77.022445138578661, 28.482242256881047 ], [ 77.022851189124992, 28.481925840688611 ], [ 77.023019466784632, 28.481850217361114 ], [ 77.023638503594071, 28.481572023565555 ], [ 77.023779163460659, 28.481497311303773 ], [ 77.024902036711111, 28.480900873940918 ], [ 77.024896777014419, 28.480625238086908 ], [ 77.024864886247116, 28.479964597810689 ], [ 77.024841000038236, 28.47997499956179 ], [ 77.024834000371811, 28.479942999776025 ], [ 77.02472300010362, 28.47997500035396 ], [ 77.024722867494788, 28.479974687406624 ], [ 77.024706121599621, 28.479979875438008 ], [ 77.024591575206344, 28.479730137089902 ], [ 77.024568910016839, 28.479680721409039 ], [ 77.024394240711459, 28.479299898661694 ], [ 77.024327058428625, 28.479153509952575 ], [ 77.024324283724241, 28.479147463972218 ], [ 77.024291675635723, 28.479076411595027 ], [ 77.024173688372812, 28.479127462542301 ], [ 77.02389562915414, 28.479247771365081 ], [ 77.023708777795818, 28.479328616166256 ], [ 77.023688343406178, 28.479296276703799 ], [ 77.023031739976688, 28.478257159683949 ], [ 77.023001385852808, 28.478273537124885 ], [ 77.022997914550871, 28.478275409742203 ], [ 77.022556020817561, 28.478513833434853 ], [ 77.022174379928188, 28.478719744435935 ], [ 77.021977176685013, 28.478430424011314 ], [ 77.021721284882815, 28.478616877201162 ], [ 77.021683554204785, 28.47864436922416 ], [ 77.0210270515811, 28.477684436449721 ], [ 77.021742247924649, 28.477392374161045 ], [ 77.021874687664479, 28.477339037671207 ], [ 77.021635647628742, 28.476939651050728 ], [ 77.021256999713103, 28.476307000179023 ], [ 77.02121600357097, 28.476234791201939 ], [ 77.021149537622165, 28.476277871721582 ], [ 77.020347869859336, 28.476638591378087 ], [ 77.02029954901225, 28.476660333560325 ], [ 77.019828158280831, 28.476014055790294 ], [ 77.019827999956107, 28.476014000391675 ], [ 77.019712000356222, 28.476015000149676 ], [ 77.019706000491468, 28.476018000299046 ], [ 77.019587153200177, 28.47608380816834 ], [ 77.019463999620825, 28.476151999873888 ], [ 77.019258000236235, 28.476249999772723 ], [ 77.019145560713923, 28.476300134669362 ], [ 77.019026999622639, 28.47635299979439 ], [ 77.018741999780332, 28.476455000225769 ], [ 77.018569999902965, 28.476508999609898 ], [ 77.018414999907449, 28.476546000393249 ], [ 77.018320999620812, 28.476554000404946 ], [ 77.018197999844006, 28.476539000219713 ], [ 77.018001999586133, 28.476498000185504 ], [ 77.017908000107624, 28.476482999660302 ], [ 77.017885148515589, 28.476483736803949 ], [ 77.017823480015892, 28.476472843900723 ], [ 77.017683608746637, 28.476448136132461 ], [ 77.01550097311771, 28.481078697645884 ], [ 77.01475400034046, 28.480826999745922 ], [ 77.014710083198622, 28.480813344668157 ], [ 77.014635000415637, 28.480789999942051 ], [ 77.014540341183363, 28.480755277792959 ], [ 77.014537704520521, 28.480760888039658 ], [ 77.014519202274371, 28.480800770436439 ], [ 77.01434533730847, 28.481176493654981 ], [ 77.014325193536934, 28.48122002513426 ], [ 77.014203812706299, 28.481483630934335 ], [ 77.014115015566603, 28.481676475329074 ], [ 77.013965956664691, 28.482011164795484 ], [ 77.013697512160334, 28.482616069521264 ], [ 77.013342287238302, 28.48341651388187 ], [ 77.013341129687376, 28.483419129824835 ], [ 77.013323700119784, 28.483458535082583 ], [ 77.013282265894901, 28.483552209202056 ], [ 77.013228288657501, 28.483674238969087 ], [ 77.012908522381423, 28.484397158740403 ], [ 77.012885653387897, 28.484448860654055 ], [ 77.012867523276682, 28.484489848145877 ], [ 77.01280348464941, 28.484634625470214 ], [ 77.012796998600578, 28.484649288319236 ], [ 77.01277429599611, 28.484700614175225 ], [ 77.012746706515728, 28.484762985995676 ], [ 77.012703970311136, 28.484857636643717 ], [ 77.012636965662281, 28.485006038384888 ], [ 77.012102338244688, 28.486190102811378 ], [ 77.011748267176316, 28.486974267681937 ], [ 77.011183568542634, 28.488244463935757 ], [ 77.011103867480003, 28.488423736744075 ], [ 77.010970535814579, 28.488634436403458 ], [ 77.010764004852305, 28.489094145122571 ], [ 77.011298416595579, 28.489699751706723 ], [ 77.011756674972403, 28.490219051821224 ], [ 77.012330973288044, 28.490869840079863 ], [ 77.012540456501753, 28.491089673974543 ], [ 77.013348764585928, 28.491937911017494 ], [ 77.014208735889781, 28.492840355851939 ], [ 77.014469531021717, 28.493137194737979 ], [ 77.014704643318098, 28.493047532173623 ], [ 77.016199910514345, 28.49249729280746 ], [ 77.016157790269006, 28.492407350750799 ], [ 77.015745628445046, 28.491558678250545 ], [ 77.01571798235112, 28.491501751571814 ], [ 77.015831796448737, 28.491457621830314 ], [ 77.015955879376861, 28.491414400837645 ], [ 77.016215004321694, 28.491324140476713 ], [ 77.016418250154445, 28.49125334427054 ], [ 77.0164488567397, 28.491316676022809 ], [ 77.01668822467586, 28.491811981854401 ], [ 77.016755000107011, 28.491778999594707 ], [ 77.017894000446219, 28.491373000323172 ], [ 77.018444999609684, 28.492551999614392 ], [ 77.018465181488054, 28.492594834334085 ], [ 77.019309574054461, 28.492305542153165 ], [ 77.019543878917929, 28.492866969190985 ], [ 77.019555150152385, 28.492891273605945 ], [ 77.019657000288959, 28.492889999952769 ], [ 77.019812341340767, 28.492904936095137 ], [ 77.019830644633657, 28.492906696153177 ], [ 77.019865000018683, 28.492909999770266 ], [ 77.019858999667647, 28.492878000244499 ], [ 77.019798999755309, 28.492435999927594 ], [ 77.019725999687921, 28.49182999986763 ], [ 77.01972267571675, 28.491795383418594 ], [ 77.019673000077759, 28.491277999986497 ], [ 77.019661000312311, 28.491080999751421 ], [ 77.019662999651203, 28.491007000211749 ], [ 77.019686999904039, 28.490034999711991 ], [ 77.019688400089279, 28.489935325272228 ], [ 77.019692000055272, 28.489678999591263 ], [ 77.019708999898683, 28.48951099962558 ], [ 77.019710999907716, 28.489490999832462 ], [ 77.019735767287912, 28.489312866453481 ], [ 77.019735395428242, 28.489096144692368 ], [ 77.019745439109741, 28.489046128452376 ], [ 77.019786894190702, 28.489029286168293 ], [ 77.019798999513128, 28.488969000236175 ], [ 77.019810000141604, 28.488740999629179 ], [ 77.01981600047786, 28.488543000013834 ], [ 77.019816000418103, 28.488532000277896 ], [ 77.019821000306436, 28.488354999848358 ], [ 77.019830000402209, 28.488034000415041 ], [ 77.019828000076572, 28.487878999715477 ], [ 77.019822000145879, 28.487261000152031 ], [ 77.019808000396225, 28.486241999789414 ], [ 77.019803999911161, 28.486110999907993 ], [ 77.019801999499549, 28.486046000326127 ], [ 77.019798860758314, 28.485630011330599 ], [ 77.019798202821505, 28.485542823570825 ], [ 77.019797999589272, 28.485516000397027 ], [ 77.019809000217165, 28.48546900003889 ], [ 77.019878000327793, 28.485395999860419 ], [ 77.019918748988616, 28.485356772461383 ] ] ] ] } },
{ "type": "Feature", "properties": { "OBJECTID": 26161, "MC_Code": 12, "MC_Ward_No": "14", "MC_Name": "Gurugram", "Area": 5837825.9275338799, "TotalPopul": 0, "GenPopulat": 0, "BCPopulati": 0, "SCPopulati": 0, "Notificati": "19/45/2023-6C I", "Notifica_1": "2023-12-14", "Remarks": "Updated in GIS Database", "created_us": null, "created_da": null, "last_edite": null, "last_edi_1": null, "Shape_STAr": 5.83782592753, "Shape_STLe": 15145.3818216 }, "geometry": { "type": "MultiPolygon", "coordinates": [ [ [ [ 77.058420135674481, 28.43849142484148 ], [ 77.058663596531417, 28.438319977946307 ], [ 77.058710861898874, 28.43828669240667 ], [ 77.058750999623655, 28.438330999604116 ], [ 77.058958999993223, 28.438553000442397 ], [ 77.059627999788432, 28.439234999580886 ], [ 77.061169103772642, 28.438067556723023 ], [ 77.063035444391943, 28.439880976374152 ], [ 77.063225590299126, 28.44008225408384 ], [ 77.063250999792373, 28.44006299971414 ], [ 77.063357076876102, 28.439982691674835 ], [ 77.06367500031277, 28.439742000053748 ], [ 77.064036999844859, 28.439468000192218 ], [ 77.064860999923894, 28.438839000287718 ], [ 77.065450999567815, 28.438389000050279 ], [ 77.066616000383078, 28.4375010003391 ], [ 77.067292999651059, 28.436983999982701 ], [ 77.067423999869234, 28.437109999564235 ], [ 77.067529999642275, 28.4372120001536 ], [ 77.067636999880293, 28.437349000182113 ], [ 77.067822999616538, 28.437629000214127 ], [ 77.067917000354853, 28.43775200000071 ], [ 77.067981000300847, 28.437835999616823 ], [ 77.068166000031638, 28.438057999615388 ], [ 77.06827799993539, 28.438192000358235 ], [ 77.069577999868258, 28.439531000159608 ], [ 77.06965400015676, 28.439609999604372 ], [ 77.069739999496733, 28.439695999798698 ], [ 77.070198783749078, 28.440160011646956 ], [ 77.070247375806133, 28.440164911918689 ], [ 77.070262097103793, 28.440164298094899 ], [ 77.070441267026993, 28.440156825243644 ], [ 77.070622692457789, 28.440177306838603 ], [ 77.07094506662456, 28.440252316489733 ], [ 77.071302826948738, 28.440335559245575 ], [ 77.071627565060197, 28.440385569625732 ], [ 77.071661170035924, 28.440390744513099 ], [ 77.071731957692293, 28.440401646159664 ], [ 77.071997486224689, 28.440442536689506 ], [ 77.072025092355787, 28.440535524493576 ], [ 77.072187948178879, 28.440879323304923 ], [ 77.072275908464604, 28.441065012037274 ], [ 77.072891287862632, 28.440942940492594 ], [ 77.072947575629343, 28.44092862345914 ], [ 77.072946933764499, 28.440967058762389 ], [ 77.073235124902254, 28.440849695382852 ], [ 77.073409614200386, 28.440713395143945 ], [ 77.073689834565855, 28.440414844771908 ], [ 77.073899526468196, 28.440191431766713 ], [ 77.074211047943933, 28.439851911376859 ], [ 77.074350457352381, 28.439699970274528 ], [ 77.074405260801981, 28.43964024126424 ], [ 77.074666837794638, 28.439444316493677 ], [ 77.074760784570415, 28.439373949143782 ], [ 77.07527004531272, 28.439003861392798 ], [ 77.075915432893538, 28.438752336747722 ], [ 77.075986034032027, 28.438724820774969 ], [ 77.075862244596109, 28.438452193376023 ], [ 77.07584532085437, 28.438414920314585 ], [ 77.075669071684629, 28.438026755415553 ], [ 77.075666874080568, 28.438013124716505 ], [ 77.075710458826123, 28.43799302325808 ], [ 77.075704556243551, 28.437976815135301 ], [ 77.075692133400025, 28.437938905806121 ], [ 77.075683509284687, 28.437925052816709 ], [ 77.075641468990511, 28.437857522833138 ], [ 77.075588449966816, 28.437741809908644 ], [ 77.075586983821424, 28.43773860999713 ], [ 77.075351223476616, 28.437427356117805 ], [ 77.075332130945782, 28.437395947016814 ], [ 77.075123851196324, 28.437053314911413 ], [ 77.075082267127755, 28.436984906096757 ], [ 77.075054131506917, 28.436925118015822 ], [ 77.075048117306864, 28.436927920385916 ], [ 77.074963984601936, 28.436807623114671 ], [ 77.074771370572336, 28.436462248343275 ], [ 77.074641383553811, 28.436244857342192 ], [ 77.074608584531177, 28.436190002997968 ], [ 77.074479313675951, 28.435973808229814 ], [ 77.074401354937123, 28.435803001404764 ], [ 77.074184000417034, 28.435372000133821 ], [ 77.073993665590933, 28.434975050819705 ], [ 77.073860473966647, 28.434730930604701 ], [ 77.073822160583617, 28.434682628999191 ], [ 77.073808370101915, 28.434665242512104 ], [ 77.073756339899219, 28.434573862553133 ], [ 77.073751437376686, 28.434565251278084 ], [ 77.073597926741073, 28.434335275207044 ], [ 77.073533749163602, 28.434239130888951 ], [ 77.073458893225023, 28.434133054697231 ], [ 77.073347553941304, 28.433975279446486 ], [ 77.073254107129941, 28.433842859936018 ], [ 77.073223934220081, 28.433800102646497 ], [ 77.073089950081325, 28.433610238202743 ], [ 77.073072209480827, 28.433583226014143 ], [ 77.072931854528235, 28.433369511954268 ], [ 77.072785176394319, 28.433146169444797 ], [ 77.072709795420209, 28.43303365890857 ], [ 77.072695356597649, 28.433012107906425 ], [ 77.072559229529176, 28.432808929769578 ], [ 77.072558623926724, 28.432808025817842 ], [ 77.072497523444369, 28.432716830353769 ], [ 77.072392929010306, 28.43255090883196 ], [ 77.072350831149592, 28.432484127453147 ], [ 77.072177666455232, 28.432209430682196 ], [ 77.07215645912521, 28.432175788356144 ], [ 77.071964978319073, 28.431934302266889 ], [ 77.071871114647223, 28.431815925814117 ], [ 77.071862387788372, 28.431804919201777 ], [ 77.071791288964661, 28.431702780325505 ], [ 77.07171900148397, 28.431598934213056 ], [ 77.071690930031295, 28.431558607038433 ], [ 77.071607784152775, 28.43138478936406 ], [ 77.071345421266244, 28.430836307948361 ], [ 77.071345060527406, 28.430835553662188 ], [ 77.07129404888596, 28.430728910086607 ], [ 77.071252252905353, 28.43066801333158 ], [ 77.071187476205438, 28.430573632788725 ], [ 77.071122777335702, 28.430479363818584 ], [ 77.071117302951322, 28.430466998340375 ], [ 77.071121402789856, 28.430463768699521 ], [ 77.07127843293452, 28.430415997754476 ], [ 77.071737150468351, 28.430276448233482 ], [ 77.071801863952686, 28.430256760038329 ], [ 77.072270460028804, 28.43011254301808 ], [ 77.072283781096601, 28.429940416707826 ], [ 77.072280244877533, 28.429856175013963 ], [ 77.072279864111763, 28.429847112215018 ], [ 77.072323372009109, 28.429848393325507 ], [ 77.072342008333223, 28.429373257914559 ], [ 77.072420271870683, 28.42889457507567 ], [ 77.072514983716161, 28.428510817759019 ], [ 77.072577588879099, 28.428257152712767 ], [ 77.072589433317219, 28.428182808336722 ], [ 77.072594805152093, 28.428187396176259 ], [ 77.072609695951087, 28.428127058572162 ], [ 77.072756851942302, 28.427836630818437 ], [ 77.07276413852766, 28.427822251007321 ], [ 77.072948818802175, 28.427536756760869 ], [ 77.072956321124309, 28.427526063355611 ], [ 77.073028748153064, 28.427422829655651 ], [ 77.073166260401948, 28.427226825730571 ], [ 77.073204232593156, 28.427172701037176 ], [ 77.073251695483577, 28.427100764679448 ], [ 77.073293362290983, 28.427037613437509 ], [ 77.073385070271925, 28.426897818658801 ], [ 77.073454095472314, 28.426792600885211 ], [ 77.073620819235202, 28.426538455359122 ], [ 77.073882542002934, 28.426139496996402 ], [ 77.073887671828288, 28.426131676680129 ], [ 77.074146875850047, 28.425736555127902 ], [ 77.074168158333165, 28.425704113505951 ], [ 77.074224999765534, 28.425770000189353 ], [ 77.07462900047382, 28.425618000288221 ], [ 77.075379999597686, 28.425269999732887 ], [ 77.075381532251669, 28.42512549337372 ], [ 77.07553469292283, 28.425061757470164 ], [ 77.076214962429816, 28.424824572831319 ], [ 77.076690590225454, 28.42461655205198 ], [ 77.076809364694455, 28.424544629991356 ], [ 77.07689462992056, 28.424542396733667 ], [ 77.077574293608137, 28.424260216515496 ], [ 77.077744926017132, 28.424236542798752 ], [ 77.077784722737405, 28.424218669738838 ], [ 77.077934705251735, 28.424137228776271 ], [ 77.078458394348331, 28.42385286241306 ], [ 77.079442558947179, 28.423318446775333 ], [ 77.079957716325964, 28.423060983284003 ], [ 77.080622845629222, 28.422763416184441 ], [ 77.081272031278374, 28.422421425438255 ], [ 77.081388251329912, 28.422370886323375 ], [ 77.081842684179648, 28.422147326250876 ], [ 77.082448669702387, 28.421849203339903 ], [ 77.083153956144457, 28.421538591858269 ], [ 77.083167338544456, 28.421530363381819 ], [ 77.083207647085274, 28.421505578022227 ], [ 77.083388023891885, 28.421404342377571 ], [ 77.083445309098067, 28.421372191120877 ], [ 77.083684996756034, 28.421264294750284 ], [ 77.083685101974552, 28.4212642471199 ], [ 77.083995685791649, 28.421068654144776 ], [ 77.08410151327945, 28.421002008053808 ], [ 77.084308078132281, 28.420868164650212 ], [ 77.084331691926721, 28.420852863813323 ], [ 77.084362677478595, 28.420836853633102 ], [ 77.084601886860725, 28.420713255919335 ], [ 77.084694051948134, 28.420662399430114 ], [ 77.085017734766637, 28.420453380647839 ], [ 77.085040745782621, 28.420438841483559 ], [ 77.085209994197086, 28.420331908767078 ], [ 77.085241277384895, 28.420312143690424 ], [ 77.085358955891635, 28.420234222585471 ], [ 77.085562776351793, 28.420123872269325 ], [ 77.085675961363478, 28.420053966706764 ], [ 77.085718640125094, 28.420028158057995 ], [ 77.085837713821576, 28.419956149903378 ], [ 77.085898145845476, 28.41991960465004 ], [ 77.085900295461471, 28.419917578427924 ], [ 77.085903447086295, 28.419794821156074 ], [ 77.085899383148458, 28.419777506077519 ], [ 77.085889687222178, 28.419736197331886 ], [ 77.085776619973004, 28.419254481556045 ], [ 77.085757396552523, 28.419196425989739 ], [ 77.085750235072211, 28.419174796433076 ], [ 77.085598537778893, 28.418713938128839 ], [ 77.085579881436288, 28.418657308566033 ], [ 77.085531311674316, 28.418509879552914 ], [ 77.085499604433949, 28.418413636661857 ], [ 77.085478342573467, 28.418349098240348 ], [ 77.085421397381879, 28.418176247587748 ], [ 77.085420000491226, 28.418162000204397 ], [ 77.085412999638677, 28.418087999654663 ], [ 77.085399000083925, 28.41725000035564 ], [ 77.085248999548881, 28.417200999970103 ], [ 77.085196999681017, 28.417156999611286 ], [ 77.085157000392229, 28.417087000202841 ], [ 77.085136999689908, 28.417017000335395 ], [ 77.085106999515887, 28.416756999671424 ], [ 77.085108170158975, 28.416740800880945 ], [ 77.085113000205041, 28.416674000252748 ], [ 77.085048331309892, 28.416674263535185 ], [ 77.085039465618664, 28.416625651021118 ], [ 77.084984302757363, 28.416499181319079 ], [ 77.084819535945769, 28.41595987796963 ], [ 77.084807223715856, 28.415885427211233 ], [ 77.084766549740849, 28.415639475159647 ], [ 77.084760832502752, 28.415604904522752 ], [ 77.084743652916188, 28.415501018883024 ], [ 77.084741175631336, 28.415496580284813 ], [ 77.084743631183287, 28.415471519729589 ], [ 77.084724892978912, 28.415419561783104 ], [ 77.084548665016982, 28.414930907057041 ], [ 77.084542808254625, 28.414880507784723 ], [ 77.084529566266212, 28.414766549369812 ], [ 77.084507597304395, 28.414728777002917 ], [ 77.084407403567738, 28.414594977363482 ], [ 77.08437186848036, 28.414496344627 ], [ 77.084370986694694, 28.414493897431175 ], [ 77.084310629465691, 28.414390122381921 ], [ 77.084306457797354, 28.414360298751195 ], [ 77.084303935896457, 28.414342273299926 ], [ 77.084272851041618, 28.414120052950459 ], [ 77.084268934635332, 28.414092057170951 ], [ 77.084266826579466, 28.413985788571999 ], [ 77.084263761082781, 28.413831263628037 ], [ 77.084263164659674, 28.41380117861609 ], [ 77.084246617554655, 28.413705100201163 ], [ 77.084192750261025, 28.41339232986989 ], [ 77.084144766664608, 28.413276981263824 ], [ 77.084110812224694, 28.413013101922914 ], [ 77.084104398198164, 28.412963256156107 ], [ 77.084097984179209, 28.412913410388342 ], [ 77.084080574371839, 28.412844815265213 ], [ 77.084088914721136, 28.412675811679701 ], [ 77.08407014529908, 28.412595635899773 ], [ 77.083995108484686, 28.412199819898895 ], [ 77.083991360525189, 28.412180051821512 ], [ 77.083975315660368, 28.412010620227917 ], [ 77.083845387899686, 28.411820930852045 ], [ 77.083759846851805, 28.411806819087353 ], [ 77.083075088468419, 28.411787044538237 ], [ 77.082972126815605, 28.411788619932445 ], [ 77.082399199560172, 28.411797384747285 ], [ 77.082390921934675, 28.411797511363236 ], [ 77.082322556270611, 28.411800069410106 ], [ 77.082191886910209, 28.411804958235638 ], [ 77.081707050851776, 28.41182309717837 ], [ 77.081540935836813, 28.41184785475297 ], [ 77.081509185141158, 28.411852555980349 ], [ 77.081024657810758, 28.411924291722524 ], [ 77.081007860681041, 28.41192715626843 ], [ 77.08082725824454, 28.411958351610171 ], [ 77.080762603241538, 28.411969519207776 ], [ 77.080561358851057, 28.41200357702316 ], [ 77.080342558873298, 28.412040605346906 ], [ 77.080145463329018, 28.41207421385446 ], [ 77.07992917491201, 28.412111094865445 ], [ 77.079660458223145, 28.412156915628035 ], [ 77.079463788063805, 28.41219920807799 ], [ 77.079411219344252, 28.412210512565686 ], [ 77.076136517932014, 28.412780981398434 ], [ 77.076124939684547, 28.412782997861051 ], [ 77.076122014198134, 28.412782139224792 ], [ 77.075803288286508, 28.412811804213494 ], [ 77.074555000391356, 28.41235900034221 ], [ 77.074066000048518, 28.412743999615596 ], [ 77.073374000130357, 28.413302999560013 ], [ 77.072975999924637, 28.413621000236482 ], [ 77.071704999945538, 28.414677999556709 ], [ 77.071373000286343, 28.414836000039063 ], [ 77.071199999730467, 28.414993999870994 ], [ 77.071061000489323, 28.415143999920044 ], [ 77.070605000199166, 28.415554000327933 ], [ 77.067178000501528, 28.415527999579542 ], [ 77.067179000263167, 28.415743000256654 ], [ 77.066510000058841, 28.415742000247953 ], [ 77.0665130000841, 28.416029999710965 ], [ 77.066834999810865, 28.41603199964575 ], [ 77.066845000339228, 28.416565000237661 ], [ 77.066496000113986, 28.416574000276601 ], [ 77.066490000444702, 28.41857299962281 ], [ 77.066092999525409, 28.418574999850524 ], [ 77.065941000226616, 28.418361999577339 ], [ 77.065930000129356, 28.418346999809771 ], [ 77.065057999907253, 28.418321000152108 ], [ 77.065041000461335, 28.419461000203491 ], [ 77.065430999845205, 28.419454000055392 ], [ 77.062935000377692, 28.421365999786897 ], [ 77.062323999623942, 28.421852000447291 ], [ 77.062313999603077, 28.421556999832895 ], [ 77.061593000126365, 28.421545999780573 ], [ 77.061598000336545, 28.420869000083783 ], [ 77.062303000025807, 28.420870000103157 ], [ 77.062313000176275, 28.419397000405549 ], [ 77.061571000426923, 28.419401000049437 ], [ 77.06157400014115, 28.419334999864422 ], [ 77.061210000134679, 28.419340999678074 ], [ 77.061209000256639, 28.419319999928049 ], [ 77.06091199968462, 28.419318000143058 ], [ 77.060915999862416, 28.421016000345208 ], [ 77.060233999495694, 28.421003000177702 ], [ 77.060248999679658, 28.42072699967893 ], [ 77.060255000041749, 28.420620999705918 ], [ 77.059655000089663, 28.420614000309996 ], [ 77.059545999607693, 28.420614000162001 ], [ 77.059550000329338, 28.420440000248878 ], [ 77.058869000360573, 28.420435999678972 ], [ 77.05887200042973, 28.420559000091949 ], [ 77.058815999739736, 28.420984000107119 ], [ 77.058802999546145, 28.421568000311229 ], [ 77.05817599980179, 28.421555999685378 ], [ 77.058158000350275, 28.422972000085721 ], [ 77.057644913847696, 28.422963578723135 ], [ 77.056757000388927, 28.422949000207932 ], [ 77.056760999853523, 28.422873000394919 ], [ 77.056469999866081, 28.422871999653065 ], [ 77.056470000385389, 28.422813000148594 ], [ 77.056218000291494, 28.422805999981165 ], [ 77.056218000078488, 28.42277700013733 ], [ 77.056116000103785, 28.422765000340192 ], [ 77.05535799990146, 28.422754000368545 ], [ 77.053956999782457, 28.42275799972289 ], [ 77.053980000076095, 28.422981999613807 ], [ 77.054008000096303, 28.423058000167924 ], [ 77.054734000344538, 28.423975000421152 ], [ 77.055339999574088, 28.424705999794003 ], [ 77.055347000207917, 28.424713999917252 ], [ 77.054703000074724, 28.424723000230145 ], [ 77.054702000113636, 28.424449999977316 ], [ 77.054280069745531, 28.424452323913815 ], [ 77.053794000442466, 28.42445499992423 ], [ 77.053820999992695, 28.424717999654952 ], [ 77.053905000100428, 28.425502000413918 ], [ 77.053843999907002, 28.425781000384099 ], [ 77.053665000146594, 28.426448000307879 ], [ 77.053736000192771, 28.426801999844301 ], [ 77.054190999584293, 28.428747999901248 ], [ 77.055275000183485, 28.428382999723759 ], [ 77.058057999788261, 28.427444999648852 ], [ 77.058437000030452, 28.427819000165567 ], [ 77.057261999932663, 28.428714999661775 ], [ 77.053960000415643, 28.431205999580861 ], [ 77.05389499954353, 28.431255000320778 ], [ 77.052265999747249, 28.432496000378567 ], [ 77.051456000172109, 28.433106000335883 ], [ 77.051089000190998, 28.433382999678827 ], [ 77.050452999677702, 28.433860999734186 ], [ 77.049300999997158, 28.434677000322342 ], [ 77.049743999645699, 28.4351339998396 ], [ 77.051258000219391, 28.436706000031421 ], [ 77.051523999755986, 28.436981999887095 ], [ 77.051572000338012, 28.43703200013827 ], [ 77.051947999961072, 28.437421999590029 ], [ 77.052633000428003, 28.438130999820093 ], [ 77.052960583167433, 28.438470459376212 ], [ 77.052958021390964, 28.438472392971917 ], [ 77.05295197914424, 28.438476951692369 ], [ 77.052953335432562, 28.438475977440394 ], [ 77.052957488462894, 28.438480320063324 ], [ 77.053409187689212, 28.438952606118981 ], [ 77.053683553113956, 28.439239473771778 ], [ 77.054044237218548, 28.439616589447677 ], [ 77.054911760206195, 28.440510104398193 ], [ 77.055003272087077, 28.440604357065808 ], [ 77.055838181905912, 28.441464259041833 ], [ 77.055968411267557, 28.441598384661585 ], [ 77.055988000016256, 28.441575999965305 ], [ 77.056890000370046, 28.440783000240561 ], [ 77.056901603300545, 28.440251258540179 ], [ 77.05691299982513, 28.439729000033783 ], [ 77.056893099675946, 28.439566760286052 ], [ 77.058420135674481, 28.43849142484148 ] ] ] ] } },
{ "type": "Feature", "properties": { "OBJECTID": 26162, "MC_Code": 12, "MC_Ward_No": "10", "MC_Name": "Gurugram", "Area": 1957469.7945706099, "TotalPopul": 0, "GenPopulat": 0, "BCPopulati": 0, "SCPopulati": 0, "Notificati": "19/45/2023-6C I", "Notifica_1": "2023-12-14", "Remarks": "Updated in GIS Database", "created_us": null, "created_da": null, "last_edite": null, "last_edi_1": null, "Shape_STAr": 1.9574697945699999, "Shape_STLe": 6918.30627396 }, "geometry": { "type": "MultiPolygon", "coordinates": [ [ [ [ 77.010606221146503, 28.446940705866044 ], [ 77.01104813466354, 28.446711920201359 ], [ 77.011945857196025, 28.446226793971302 ], [ 77.013077285790004, 28.44563802971539 ], [ 77.013130239926539, 28.445694871988678 ], [ 77.013172595114497, 28.445672515358368 ], [ 77.013195808037764, 28.4456602633336 ], [ 77.013304669299288, 28.445602803137159 ], [ 77.013548673208717, 28.445474011271262 ], [ 77.013651000044575, 28.445419999810888 ], [ 77.013816999678369, 28.445333000063794 ], [ 77.013895000488716, 28.445304000219092 ], [ 77.01440099982149, 28.445115999636176 ], [ 77.014734999544331, 28.444991000313497 ], [ 77.015034605279197, 28.444879473006516 ], [ 77.015189000341138, 28.444822000139375 ], [ 77.015923000282896, 28.444549000357707 ], [ 77.015948999622253, 28.444539000398869 ], [ 77.016769000049052, 28.444233999875834 ], [ 77.01680752537726, 28.444209545893084 ], [ 77.016938425609908, 28.444126456606465 ], [ 77.017029192442209, 28.444068842206981 ], [ 77.017051000193121, 28.444054999664402 ], [ 77.015421233040911, 28.442114888728888 ], [ 77.014814000261865, 28.441392000435076 ], [ 77.01456799997176, 28.441102000352938 ], [ 77.014386000097645, 28.440880999890549 ], [ 77.014206000053065, 28.44066199986484 ], [ 77.014151207266437, 28.440596101018869 ], [ 77.0140579997136, 28.440484000356097 ], [ 77.013847000265088, 28.440234000443105 ], [ 77.013755999601571, 28.440125999710339 ], [ 77.013398000478603, 28.439699000194818 ], [ 77.01317200038757, 28.439442000352525 ], [ 77.013065107112908, 28.439318968036957 ], [ 77.012714999624791, 28.438915999722347 ], [ 77.012357999808799, 28.438514000404322 ], [ 77.012086999815537, 28.438201999857963 ], [ 77.011720999805391, 28.437774000142099 ], [ 77.011313000414916, 28.437275000275712 ], [ 77.010947000435465, 28.436836999980386 ], [ 77.010511000177758, 28.436316999864072 ], [ 77.010302000098108, 28.436082000304467 ], [ 77.010188000495319, 28.435937000343536 ], [ 77.009636800564124, 28.436122572876968 ], [ 77.00932592498539, 28.4362272337349 ], [ 77.009324938990503, 28.436227565928331 ], [ 77.009330004325989, 28.43634114782018 ], [ 77.009032472087839, 28.43651639444418 ], [ 77.009023017960374, 28.436521961771074 ], [ 77.008445369521539, 28.436862192403623 ], [ 77.008358840776978, 28.436915997298978 ], [ 77.008392763043645, 28.436960306327052 ], [ 77.008394470063621, 28.436963015302137 ], [ 77.008395624770259, 28.436965939071676 ], [ 77.008396190844721, 28.436968992446914 ], [ 77.008396150202287, 28.436972082751033 ], [ 77.0083955062927, 28.436975122403503 ], [ 77.008394278758601, 28.436978016365874 ], [ 77.008392500765837, 28.436980682935534 ], [ 77.008390226946588, 28.436983041897825 ], [ 77.008387524316277, 28.436985020074165 ], [ 77.008083093822592, 28.437171457538984 ], [ 77.007460422671627, 28.437552784620106 ], [ 77.006481838493031, 28.438183888762122 ], [ 77.006187233996855, 28.438373882408669 ], [ 77.006167366698051, 28.438444532029838 ], [ 77.006145635164998, 28.438418346312812 ], [ 77.005673257621325, 28.438725181636187 ], [ 77.005604000258657, 28.438768000214939 ], [ 77.005545999584271, 28.438805000404138 ], [ 77.005480000142725, 28.438845999552822 ], [ 77.005415000042746, 28.438891000379492 ], [ 77.005368290847414, 28.438923271697437 ], [ 77.00439111344258, 28.439557987296631 ], [ 77.003860808852068, 28.439902434282875 ], [ 77.003638304261031, 28.440069108377447 ], [ 77.002718819886354, 28.440757865737119 ], [ 77.002551545955839, 28.440884127425281 ], [ 77.002238814856639, 28.44112018307602 ], [ 77.002146215130367, 28.441190077969559 ], [ 77.000981625604936, 28.442460660601085 ], [ 77.000166297063089, 28.443355989444829 ], [ 77.000139570161551, 28.443385338493176 ], [ 76.999565739440769, 28.44401546070474 ], [ 76.999023795536601, 28.445002309414139 ], [ 76.998919734696528, 28.445195872486117 ], [ 76.998765954975909, 28.445481916147443 ], [ 76.997516518425257, 28.447805913729258 ], [ 76.997195116950451, 28.448312013433338 ], [ 76.997279304712961, 28.448344060340535 ], [ 76.997260999971218, 28.448372000243697 ], [ 76.99724000041968, 28.448428000070734 ], [ 76.997047328505261, 28.448796378475738 ], [ 76.996921999527487, 28.449035999819724 ], [ 76.99675071194828, 28.449342266086578 ], [ 76.997579522104118, 28.44933009651853 ], [ 76.99823831802243, 28.449320420414377 ], [ 76.998240506993213, 28.449413038945728 ], [ 76.998246000192708, 28.449412999759311 ], [ 76.998258106937399, 28.450041448781761 ], [ 76.998278000021088, 28.451074000155437 ], [ 76.998946000082299, 28.451085999770495 ], [ 76.99898020998522, 28.451748010235352 ], [ 76.998943936264112, 28.451749514266112 ], [ 76.998943935851159, 28.451752748359183 ], [ 76.998928408660362, 28.451753634371922 ], [ 76.998692506573249, 28.45176124913959 ], [ 76.998441627127704, 28.451769347042777 ], [ 76.998437027239987, 28.451843970991025 ], [ 76.998437178888523, 28.451897900601029 ], [ 76.998437280300593, 28.451933852165592 ], [ 76.998439112270717, 28.452583600679539 ], [ 76.998477000421587, 28.453794000197988 ], [ 76.99907399985922, 28.45379200021199 ], [ 77.000860000481381, 28.453766000214596 ], [ 77.000908999526217, 28.453758999819655 ], [ 77.000958999837707, 28.453740000338591 ], [ 77.00156199981501, 28.453479000323426 ], [ 77.001720000189749, 28.453410000131903 ], [ 77.001824000417557, 28.453384999862468 ], [ 77.004319999908816, 28.453351000073265 ], [ 77.004263431379385, 28.452540877086893 ], [ 77.00423433442711, 28.451984220037279 ], [ 77.004228084555976, 28.451864646612684 ], [ 77.004183462951161, 28.451010951641862 ], [ 77.00419966937983, 28.451026327400989 ], [ 77.004539869508648, 28.451097404569744 ], [ 77.004591102168121, 28.451108108698349 ], [ 77.005032282925598, 28.451200281715661 ], [ 77.00562162667778, 28.451405029804004 ], [ 77.005922064502002, 28.45150940589982 ], [ 77.005926747080636, 28.451510987271888 ], [ 77.006063000174464, 28.451556999949197 ], [ 77.006435000023401, 28.451712999551479 ], [ 77.006514000379767, 28.451747000282388 ], [ 77.006533529876833, 28.451755199840118 ], [ 77.006645000151394, 28.451801999808648 ], [ 77.006643999559543, 28.451803999774558 ], [ 77.007060999577973, 28.451977000226719 ], [ 77.007088881811626, 28.451988971059524 ], [ 77.007217760652011, 28.452044302696851 ], [ 77.007435999486916, 28.452137999635273 ], [ 77.007789999835722, 28.452300000060081 ], [ 77.007947000150466, 28.452368999981491 ], [ 77.007963380947103, 28.45233770326092 ], [ 77.00792630695409, 28.452322793045763 ], [ 77.007970767775475, 28.452248664314361 ], [ 77.00804729902471, 28.452078137081731 ], [ 77.008086352093471, 28.452086155561499 ], [ 77.008082976650869, 28.451907567759449 ], [ 77.008486205216911, 28.451914838346582 ], [ 77.008515663620486, 28.451917606749415 ], [ 77.008474252613652, 28.451068737081805 ], [ 77.008468031506865, 28.450959464983416 ], [ 77.008433015119877, 28.450344360457031 ], [ 77.008430597124089, 28.450301891143578 ], [ 77.008301609473477, 28.450295167206171 ], [ 77.008214701668251, 28.450290637277714 ], [ 77.008217114577533, 28.449850179655591 ], [ 77.008217534886683, 28.449773561721912 ], [ 77.00821813708933, 28.449759290945369 ], [ 77.007784616763161, 28.449769143908725 ], [ 77.00778799997704, 28.449286999732177 ], [ 77.007770779253363, 28.449287172700046 ], [ 77.007771063906418, 28.449225456614624 ], [ 77.007099928073856, 28.449225090254 ], [ 77.007074600059923, 28.44885578181464 ], [ 77.007004488422311, 28.448854000900848 ], [ 77.006985412473668, 28.448853516243531 ], [ 77.006956374451207, 28.448731116425193 ], [ 77.006947472393307, 28.44869359383863 ], [ 77.007158903568723, 28.448592838260151 ], [ 77.007158374517473, 28.448564830312179 ], [ 77.007807113019382, 28.448256555291806 ], [ 77.0078075443611, 28.448284840798419 ], [ 77.008495873774706, 28.44799575899625 ], [ 77.008695512975578, 28.44789241579279 ], [ 77.009259486033415, 28.447614373349207 ], [ 77.009376039356795, 28.447556911738506 ], [ 77.009447854048872, 28.447521489750976 ], [ 77.009458623813273, 28.447516177252751 ], [ 77.009728198524783, 28.447383211658771 ], [ 77.010222728782708, 28.44713924403823 ], [ 77.010606221146503, 28.446940705866044 ] ] ] ] } },
{ "type": "Feature", "properties": { "OBJECTID": 26163, "MC_Code": 12, "MC_Ward_No": "17", "MC_Name": "Gurugram", "Area": 20674031.612116981, "TotalPopul": 0, "GenPopulat": 0, "BCPopulati": 0, "SCPopulati": 0, "Notificati": "19/45/2023-6C I", "Notifica_1": "2023-12-14", "Remarks": "Updated in GIS Database", "created_us": null, "created_da": null, "last_edite": null, "last_edi_1": null, "Shape_STAr": 20.674031612099999, "Shape_STLe": 30066.138924800001 }, "geometry": { "type": "MultiPolygon", "coordinates": [ [ [ [ 76.976030607806351, 28.438540178979373 ], [ 76.976010193701228, 28.438134230974701 ], [ 76.976199914968547, 28.438133057432456 ], [ 76.976894804785459, 28.43812875893493 ], [ 76.977120467626534, 28.438130786005143 ], [ 76.977570498541397, 28.438134826255517 ], [ 76.977585321223088, 28.438134959135539 ], [ 76.977586891341673, 28.438162617602067 ], [ 76.977587427426641, 28.438172063101717 ], [ 76.978636972257107, 28.43817276489877 ], [ 76.978636595364989, 28.438127449461469 ], [ 76.978636578615124, 28.43812539770266 ], [ 76.979600291457118, 28.438097197272608 ], [ 76.979600455780968, 28.438099497743949 ], [ 76.979605732843837, 28.438173404021423 ], [ 76.980413913884533, 28.438173932667322 ], [ 76.980471367511242, 28.43800839759837 ], [ 76.98053291054643, 28.43783107661724 ], [ 76.980537303416355, 28.437818419126774 ], [ 76.980622213135703, 28.437832932312205 ], [ 76.980655020174638, 28.437886025152959 ], [ 76.980669000442361, 28.437888999808973 ], [ 76.980940999552402, 28.438340000407759 ], [ 76.981173999889549, 28.438277999584567 ], [ 76.982833539667951, 28.43751140837497 ], [ 76.9836960002757, 28.43711300002326 ], [ 76.984681999651016, 28.433955999644013 ], [ 76.984692999564487, 28.433922000168266 ], [ 76.984732999853392, 28.43391699962638 ], [ 76.990715000305244, 28.433176999972339 ], [ 76.990622000482674, 28.433050999576377 ], [ 76.990021000340363, 28.43236800023497 ], [ 76.988412999626945, 28.430597999719559 ], [ 76.989798999543311, 28.429868000180679 ], [ 76.990651000048572, 28.429419999735146 ], [ 76.991202000248165, 28.429150999638775 ], [ 76.991589999976, 28.428975999909177 ], [ 76.991980000096135, 28.428755000255368 ], [ 76.992371999731972, 28.428538000257351 ], [ 76.992815000065292, 28.428295000385276 ], [ 76.992998000156405, 28.428198999911327 ], [ 76.993277999826944, 28.428060999749157 ], [ 76.99329500000087, 28.428013999739807 ], [ 76.994463999692968, 28.427350000207319 ], [ 76.994688999575416, 28.427222000250154 ], [ 76.995303000419966, 28.426860999770245 ], [ 76.995673999693338, 28.426608999579305 ], [ 76.99653699963136, 28.426030999994584 ], [ 76.997429000234447, 28.425548999737455 ], [ 76.997637000094116, 28.425441000243719 ], [ 76.998326000309405, 28.425148000346141 ], [ 77.000239999670612, 28.424473000105849 ], [ 77.000495420838504, 28.424415717456156 ], [ 77.00051200031632, 28.42441199963795 ], [ 77.005899088776019, 28.421917362189212 ], [ 77.006498000422837, 28.421640000347438 ], [ 77.006603298470836, 28.421581328987312 ], [ 77.006911861617354, 28.421993507308805 ], [ 77.007395357281467, 28.421650106074708 ], [ 77.007399514069562, 28.421647153579745 ], [ 77.007680092038768, 28.421500099911309 ], [ 77.008676168553819, 28.420978036409739 ], [ 77.008861208894601, 28.420881051384612 ], [ 77.008887321514209, 28.420915309731363 ], [ 77.009889000160385, 28.420335000096724 ], [ 77.009088999599413, 28.419284999651904 ], [ 77.00908288377606, 28.419283657860646 ], [ 77.009082350154983, 28.419257832724668 ], [ 77.009062243503735, 28.41862008528345 ], [ 77.009062491859694, 28.418386058578982 ], [ 77.009820000378497, 28.418384999879375 ], [ 77.009820050126535, 28.41837715124505 ], [ 77.00982699955037, 28.417284000440116 ], [ 77.010478999651468, 28.417289999634001 ], [ 77.011803000285354, 28.417301000026523 ], [ 77.011827132427754, 28.417220642123009 ], [ 77.011802074447118, 28.41722509928281 ], [ 77.011800999611765, 28.417136999820553 ], [ 77.012554999639221, 28.41697799959374 ], [ 77.01321599952891, 28.416728999645422 ], [ 77.013213000472689, 28.416482999887233 ], [ 77.01358899997868, 28.416479999579199 ], [ 77.013587999895876, 28.416204999768194 ], [ 77.013442999570017, 28.416197999911976 ], [ 77.013436999685212, 28.416174999770522 ], [ 77.013414999732106, 28.415818000149908 ], [ 77.013549000224288, 28.41564799998908 ], [ 77.013901000227094, 28.415649000374213 ], [ 77.014557000251159, 28.415653999867736 ], [ 77.015260999570657, 28.415656999750571 ], [ 77.015285999868965, 28.415343000166828 ], [ 77.015289999967024, 28.414865000290728 ], [ 77.015285000097833, 28.414045000105755 ], [ 77.015281000246333, 28.413485000427166 ], [ 77.015002000085062, 28.412961999588436 ], [ 77.014992999775743, 28.412945000450161 ], [ 77.014773999714535, 28.412533999856311 ], [ 77.01470100009378, 28.41239699985648 ], [ 77.014011000302702, 28.412395000170246 ], [ 77.013179999929122, 28.412426999771245 ], [ 77.012566999891462, 28.412426999759489 ], [ 77.012567999853871, 28.411267999976971 ], [ 77.009139999529992, 28.411292000083257 ], [ 77.009138999899704, 28.412037000348285 ], [ 77.008410000026515, 28.412043000361798 ], [ 77.008416000145203, 28.412912000370813 ], [ 77.007746000483735, 28.412917000283564 ], [ 77.007740999540758, 28.413179000424709 ], [ 77.007528000313755, 28.41318199985577 ], [ 77.007518999705439, 28.413430999882785 ], [ 77.007124000065389, 28.413437000035795 ], [ 77.007127000210247, 28.413737999967125 ], [ 77.006339000057878, 28.413724999787703 ], [ 77.006198000449118, 28.413722999909893 ], [ 77.005657505915721, 28.413036985079547 ], [ 77.005653007623891, 28.412842609454884 ], [ 77.005509120157441, 28.412848646368023 ], [ 77.004967585934807, 28.412161297377438 ], [ 77.004967782829809, 28.412103164652326 ], [ 77.004921747556395, 28.41210311619988 ], [ 77.004686580653896, 28.411804623363373 ], [ 77.004695200660493, 28.411720252888376 ], [ 77.004623482972519, 28.411721308906667 ], [ 77.004343000069085, 28.411349000027375 ], [ 77.00432718956715, 28.410798614951535 ], [ 77.004326007401843, 28.410670757336643 ], [ 77.004323514634237, 28.410670680336008 ], [ 77.004310999632864, 28.410235000335923 ], [ 77.003660535519273, 28.410192977957067 ], [ 77.003660161426822, 28.409711268699169 ], [ 77.003660018446425, 28.409528022612818 ], [ 77.003604917012851, 28.409527528676886 ], [ 77.003468315875679, 28.40952630385199 ], [ 77.002955509104027, 28.409521706609276 ], [ 77.002903792552075, 28.409521242903644 ], [ 77.002902977877682, 28.409502031663056 ], [ 77.002881375135118, 28.408992566251765 ], [ 77.002957835376378, 28.408993006161328 ], [ 77.002964999747107, 28.408954000418941 ], [ 77.002966326638386, 28.408634191157926 ], [ 77.002966999632122, 28.408471999771866 ], [ 77.002981999831434, 28.407967000397651 ], [ 77.002203999694999, 28.407969999893272 ], [ 77.001637999969319, 28.406856999742129 ], [ 77.001552000225729, 28.406687999831576 ], [ 77.000736999494194, 28.403492999712384 ], [ 77.000507999857703, 28.402530000105681 ], [ 77.000511783119293, 28.402524956205944 ], [ 77.000514000304435, 28.40252199994362 ], [ 77.004863999869087, 28.40160099991251 ], [ 77.009435000177248, 28.401158999864826 ], [ 77.009445999827946, 28.401164000014049 ], [ 77.009442999538905, 28.401158000208046 ], [ 77.010498999762618, 28.401055999781555 ], [ 77.013658000268251, 28.400990000294311 ], [ 77.015405000451651, 28.400951000207666 ], [ 77.016236000183341, 28.400934000219408 ], [ 77.016237119495614, 28.400934960009621 ], [ 77.016243000246902, 28.400940000197121 ], [ 77.01616699978004, 28.400731999698341 ], [ 77.015835000445151, 28.399763999546423 ], [ 77.01501400016393, 28.396928999788376 ], [ 77.014718000275337, 28.395931999548221 ], [ 77.014628136372252, 28.394878694105568 ], [ 77.015572482646434, 28.394507466454424 ], [ 77.015961167878345, 28.394501713712494 ], [ 77.020821894009785, 28.394544279509251 ], [ 77.020896600317641, 28.390513036582902 ], [ 77.020862935707953, 28.389720775531366 ], [ 77.02149663191561, 28.389464579978458 ], [ 77.021910904123018, 28.389297093132619 ], [ 77.022330857824088, 28.389127307206632 ], [ 77.022330877688859, 28.389107553169708 ], [ 77.022330954862355, 28.389030190193953 ], [ 77.022330979109455, 28.389005722120235 ], [ 77.022997091478288, 28.388730561666318 ], [ 77.023706347926051, 28.388288746669637 ], [ 77.023702861436902, 28.388367499382653 ], [ 77.023702805655844, 28.388368752697946 ], [ 77.023702632650213, 28.388414593750358 ], [ 77.023702591745234, 28.388425546396643 ], [ 77.02370232903948, 28.388495186928438 ], [ 77.023729705126399, 28.388486643553961 ], [ 77.023751000036384, 28.388479999770691 ], [ 77.024021128884925, 28.388311746203051 ], [ 77.024337000321282, 28.388114999560756 ], [ 77.024409132766252, 28.388078007007586 ], [ 77.024740121833034, 28.387908262838145 ], [ 77.025312544408308, 28.387614699657885 ], [ 77.025465999641654, 28.387536000062166 ], [ 77.025781456069254, 28.387468851685078 ], [ 77.025867726182085, 28.387450488663998 ], [ 77.025916999998145, 28.387440000344728 ], [ 77.026153824341506, 28.387321788849849 ], [ 77.026159866570026, 28.387320100882754 ], [ 77.026160764406029, 28.387318325204749 ], [ 77.026480825163461, 28.387158565396835 ], [ 77.026480891247246, 28.387146000756001 ], [ 77.0265306253619, 28.387118793534331 ], [ 77.026534729482776, 28.387116548748367 ], [ 77.026564678645698, 28.3871167095778 ], [ 77.026910181480318, 28.386944249367879 ], [ 77.027101000095399, 28.386849000285455 ], [ 77.027408812240921, 28.386678559771305 ], [ 77.027809759949662, 28.386456546147535 ], [ 77.028799314919112, 28.385908598852009 ], [ 77.028798907424999, 28.38589700590104 ], [ 77.028798562656291, 28.385872417937147 ], [ 77.028798019451955, 28.385833605314666 ], [ 77.028830711736362, 28.385815695519749 ], [ 77.029396429761505, 28.385505781846462 ], [ 77.029434075036121, 28.385485158703442 ], [ 77.029460677870119, 28.385470585295899 ], [ 77.029615147617292, 28.385385962825421 ], [ 77.029652322211547, 28.385365596592987 ], [ 77.029689310002723, 28.385345334199204 ], [ 77.029871691823459, 28.385245420056346 ], [ 77.029871578442837, 28.385275939774701 ], [ 77.029871433421334, 28.385314920550947 ], [ 77.029967000245236, 28.38526200023249 ], [ 77.029975189778796, 28.385257186791698 ], [ 77.030692232238763, 28.384835741741249 ], [ 77.03070843761077, 28.384826216625644 ], [ 77.030952286783602, 28.384682890564761 ], [ 77.031961000316485, 28.384090000175345 ], [ 77.032214713062544, 28.3838701883023 ], [ 77.03254113776083, 28.383587378925956 ], [ 77.032592527828484, 28.383537554160245 ], [ 77.032928657394038, 28.383211661852354 ], [ 77.033032689013737, 28.383110797720747 ], [ 77.033059758813181, 28.383084552697969 ], [ 77.03313577674912, 28.383010849065418 ], [ 77.033395103133756, 28.382759418199875 ], [ 77.033514500437221, 28.382643654620626 ], [ 77.033698328903043, 28.382465421180466 ], [ 77.034096065661942, 28.382079787615442 ], [ 77.033806746545039, 28.380976924466285 ], [ 77.033550173974263, 28.379998862333377 ], [ 77.03323866306593, 28.379473342819111 ], [ 77.031708430242972, 28.376891740867187 ], [ 77.030970440428135, 28.375646649548656 ], [ 77.030619257173754, 28.375054162037081 ], [ 77.030551747685195, 28.374940266080774 ], [ 77.030477403229341, 28.374701455259139 ], [ 77.030420655791644, 28.374695959956227 ], [ 77.030407663062007, 28.374677603600315 ], [ 77.030120824787687, 28.374609865049685 ], [ 77.030109374968234, 28.374607161602469 ], [ 77.030071953957062, 28.374550006421231 ], [ 77.030066399280656, 28.374541522102465 ], [ 77.030056274086576, 28.374530800329513 ], [ 77.029871071427877, 28.374303952061677 ], [ 77.029713230052025, 28.374117358425021 ], [ 77.029416139067365, 28.37376614601801 ], [ 77.029102189155097, 28.373446376982983 ], [ 77.028892817167431, 28.37322935656978 ], [ 77.028482662787951, 28.372842153255405 ], [ 77.028415169362219, 28.372801281785833 ], [ 77.028355044893871, 28.372732996731141 ], [ 77.028319305817789, 28.372692406901958 ], [ 77.028262211795322, 28.372627564344967 ], [ 77.028019827768759, 28.372352279712441 ], [ 77.027834168229035, 28.372155949604785 ], [ 77.027706804900575, 28.372021265127028 ], [ 77.027612679370748, 28.371921729503104 ], [ 77.02758893595059, 28.371900943012609 ], [ 77.027479226639812, 28.371804896718682 ], [ 77.027411756034965, 28.371753797824717 ], [ 77.027401057845736, 28.371745695811075 ], [ 77.027235451890604, 28.371620275050233 ], [ 77.027114439002162, 28.371528626001925 ], [ 77.027011905635973, 28.371454838660011 ], [ 77.02692818059333, 28.371394586734898 ], [ 77.026654165795833, 28.371256847853566 ], [ 77.026420390363739, 28.371087815018711 ], [ 77.026319416262837, 28.37101480433164 ], [ 77.026317411520111, 28.371013355159473 ], [ 77.026243367716688, 28.370975088521192 ], [ 77.025885043118592, 28.370742840403139 ], [ 77.025832526092529, 28.370708801432279 ], [ 77.025758357523429, 28.370650795236745 ], [ 77.025635739005537, 28.370554897730713 ], [ 77.025605850242343, 28.370531522178386 ], [ 77.02551773018628, 28.370462604229687 ], [ 77.024903888387556, 28.37004420595753 ], [ 77.024873992410107, 28.370057443084001 ], [ 77.024843536961896, 28.370070928547616 ], [ 77.02476370404365, 28.370106277569686 ], [ 77.024528860326399, 28.370230595871327 ], [ 77.024476291426595, 28.370251274113237 ], [ 77.024329544537224, 28.370308995912389 ], [ 77.023974065940024, 28.370459539671828 ], [ 77.02390762581858, 28.370494616199 ], [ 77.023562976086353, 28.370676572015807 ], [ 77.023345884718879, 28.370796541518896 ], [ 77.022989438956884, 28.370941765061634 ], [ 77.022772287406198, 28.371030237351867 ], [ 77.022682016705986, 28.371067015187002 ], [ 77.022555710608586, 28.371112026846781 ], [ 77.02253711916542, 28.371118595918777 ], [ 77.022439934849572, 28.371152933333491 ], [ 77.022432258087704, 28.371155646095449 ], [ 77.022126068476837, 28.371279255153446 ], [ 77.022020570440716, 28.371321844200537 ], [ 77.021708557673747, 28.371433741167781 ], [ 77.021508370328334, 28.371514729126449 ], [ 77.021439193040393, 28.37154617877114 ], [ 77.021043150949779, 28.371726226126668 ], [ 77.020924737211558, 28.371789498750378 ], [ 77.020752106241986, 28.371881740094192 ], [ 77.020720929399559, 28.371898399079196 ], [ 77.020651641586795, 28.371934808505333 ], [ 77.020223813530137, 28.372141737306539 ], [ 77.020217308947352, 28.372144883754796 ], [ 77.02007346075969, 28.372214458619069 ], [ 77.020065012065302, 28.372218545275615 ], [ 77.019810748034814, 28.372341523908911 ], [ 77.01937794596202, 28.372544033688431 ], [ 77.019083239809618, 28.372681927366926 ], [ 77.018917695712318, 28.372761794639246 ], [ 77.018885405172114, 28.372777373341449 ], [ 77.018746651046314, 28.372846124221958 ], [ 77.018679738538481, 28.372878679563247 ], [ 77.01846755903135, 28.372981912874241 ], [ 77.018251706370975, 28.373086932825867 ], [ 77.018013239015275, 28.373229922572936 ], [ 77.017737130190824, 28.373355088914114 ], [ 77.01759923048904, 28.373419956652317 ], [ 77.017486540028614, 28.373472965624668 ], [ 77.017316591594607, 28.373563912391024 ], [ 77.017153728182763, 28.373651066980095 ], [ 77.017064929704304, 28.373698853632092 ], [ 77.016629385074509, 28.373930141572206 ], [ 77.016293173951681, 28.374108678342161 ], [ 77.016238964088402, 28.374033304079756 ], [ 77.015942500061556, 28.374189659912478 ], [ 77.015726946188309, 28.374507717098062 ], [ 77.015595596325383, 28.374667081648422 ], [ 77.015254311543941, 28.374870664178857 ], [ 77.015219943784885, 28.374891326957361 ], [ 77.014945057774156, 28.375036791213642 ], [ 77.014566959402714, 28.375278602260927 ], [ 77.014267215475073, 28.375361919997562 ], [ 77.013999948967225, 28.375595806045606 ], [ 77.013879756665531, 28.375636358416905 ], [ 77.013395646459969, 28.375881112935836 ], [ 77.013192708759576, 28.375942765772937 ], [ 77.012889189445332, 28.376139242442878 ], [ 77.012612625882483, 28.376318269070769 ], [ 77.012505293184986, 28.376365863739 ], [ 77.01181782476533, 28.376804128975532 ], [ 77.011241718784333, 28.377227493036614 ], [ 77.011130209497779, 28.377287901559466 ], [ 77.010974600516093, 28.377380022377427 ], [ 77.010675264009066, 28.377557230130652 ], [ 77.010447132038436, 28.3776601860868 ], [ 77.010442929511484, 28.377662082622862 ], [ 77.010383020734935, 28.377689119186869 ], [ 77.010307389066242, 28.377703492800968 ], [ 77.010375781971888, 28.377771507089246 ], [ 77.010442293468572, 28.377865478793019 ], [ 77.010612412973273, 28.378105834026844 ], [ 77.010653801011685, 28.378211809749743 ], [ 77.010696726479054, 28.378314959996015 ], [ 77.010698169319895, 28.37831842817922 ], [ 77.010728902867697, 28.378394355074331 ], [ 77.010919449244767, 28.378865100919207 ], [ 77.0109195330962, 28.378865327079556 ], [ 77.010989379403981, 28.37905236509242 ], [ 77.011010897378753, 28.3791099852298 ], [ 77.011102344945797, 28.379354869464411 ], [ 77.011123578359118, 28.379411731272793 ], [ 77.011125444264266, 28.379415611003527 ], [ 77.01120898349258, 28.379589325335669 ], [ 77.011225833080175, 28.379624364787237 ], [ 77.01135275352047, 28.379958421880673 ], [ 77.011355954692007, 28.379966013205266 ], [ 77.011583303584445, 28.380505115140409 ], [ 77.011588946251692, 28.380516426985526 ], [ 77.011710661235213, 28.380760437848103 ], [ 77.011804911836109, 28.380949387115759 ], [ 77.011856052709675, 28.381051911137686 ], [ 77.011865025552751, 28.381067047675245 ], [ 77.012150744701444, 28.38154903523812 ], [ 77.012180264517824, 28.381598831590992 ], [ 77.012201773115962, 28.381617959128814 ], [ 77.012221208266496, 28.381635242158708 ], [ 77.012488174482826, 28.381872645395521 ], [ 77.012488033082931, 28.38191815591092 ], [ 77.012761779731747, 28.3821463760192 ], [ 77.012776452253604, 28.382163611115431 ], [ 77.012761436055342, 28.382170962610342 ], [ 77.012710450424578, 28.382182338599339 ], [ 77.012482227284522, 28.382289508202977 ], [ 77.011790553348717, 28.382620360340596 ], [ 77.011375499809901, 28.382831761477419 ], [ 77.011167947140279, 28.382944123737026 ], [ 77.01113550207053, 28.382953414380165 ], [ 77.011098818455409, 28.38296632564078 ], [ 77.010407135505943, 28.383297171161257 ], [ 77.009853785140123, 28.383561846288448 ], [ 77.009715447111262, 28.383628015190212 ], [ 77.009607539641422, 28.38368097009581 ], [ 77.009542170878476, 28.383725609215215 ], [ 77.009023198355749, 28.384110004339103 ], [ 77.008771452201756, 28.384292084265443 ], [ 77.008331220646539, 28.384516416035563 ], [ 77.007639406490711, 28.38487747952308 ], [ 77.007501071477776, 28.384942133850551 ], [ 77.006947642539686, 28.385223424150688 ], [ 77.00684025086089, 28.385271963069595 ], [ 77.006728922361845, 28.385322282531178 ], [ 77.006255931136252, 28.38555425077837 ], [ 77.005734440422387, 28.385780906407895 ], [ 77.005564326765167, 28.385854842934378 ], [ 77.005312442965433, 28.385954146768299 ], [ 77.004872823579078, 28.386127462037592 ], [ 77.004812823519359, 28.386151872678827 ], [ 77.004628553269768, 28.386214170958446 ], [ 77.004536087894166, 28.386249275009064 ], [ 77.004181377317707, 28.386383937945421 ], [ 77.004119868284874, 28.386407289447934 ], [ 77.004030525010435, 28.386437027737681 ], [ 77.003668994762648, 28.386557358940259 ], [ 77.003508279057371, 28.386613277813495 ], [ 77.003490003198408, 28.386619637635874 ], [ 77.0034280701678, 28.386641185810795 ], [ 77.003037418587681, 28.386788209082674 ], [ 77.002798541778461, 28.386878110225958 ], [ 77.002735657468534, 28.386901776418799 ], [ 77.002671830859242, 28.386925092780075 ], [ 77.002563572909409, 28.386969600346088 ], [ 77.002491736715328, 28.386999133523119 ], [ 77.002418159064618, 28.387041118862143 ], [ 77.002106871112701, 28.387191493786368 ], [ 77.0018131632429, 28.387330935488553 ], [ 77.001415130654834, 28.38752229533279 ], [ 77.000935848789823, 28.387712571785393 ], [ 77.000838992725065, 28.387737550089433 ], [ 77.000785675058779, 28.387601941975248 ], [ 77.000752877808267, 28.387525836432026 ], [ 77.000694042256342, 28.387389313094033 ], [ 77.000585253005326, 28.387054535242058 ], [ 77.000398507407027, 28.386479852399312 ], [ 77.000302226923097, 28.38587073267659 ], [ 77.000257913524806, 28.38559038188917 ], [ 77.000228368738718, 28.385393211749744 ], [ 77.000092828543373, 28.384488655622178 ], [ 76.99995993579563, 28.384305002472502 ], [ 76.999229848168241, 28.383296040502334 ], [ 76.999145037649981, 28.383168739833724 ], [ 76.998325252875262, 28.381978351894013 ], [ 76.99825456961419, 28.381857769992301 ], [ 76.998093142923324, 28.381582388879224 ], [ 76.997629831297758, 28.380748165433388 ], [ 76.997604603179667, 28.380715209668033 ], [ 76.997404516106258, 28.380453832617238 ], [ 76.997211458593043, 28.380194173175884 ], [ 76.997097768392464, 28.380041259882514 ], [ 76.996939666241218, 28.380111923363508 ], [ 76.996848724167549, 28.380162143480373 ], [ 76.996836635334802, 28.380168021880245 ], [ 76.996591030120484, 28.380287440596263 ], [ 76.996371000249511, 28.38041690297247 ], [ 76.996314591699601, 28.380454492375577 ], [ 76.996025297540129, 28.380647268340308 ], [ 76.995935888923924, 28.380706846522251 ], [ 76.99590715190736, 28.380725996361026 ], [ 76.995637608479996, 28.380879579809886 ], [ 76.995516289388874, 28.380965517064336 ], [ 76.995284085611118, 28.381141698900919 ], [ 76.995002698522455, 28.381373068994364 ], [ 76.994910768952337, 28.381437032011785 ], [ 76.994886827408251, 28.381453689446058 ], [ 76.995168077065429, 28.382076882850203 ], [ 76.995419270296594, 28.382633470027752 ], [ 76.995850580386758, 28.383809804444891 ], [ 76.996132309480259, 28.384578164387566 ], [ 76.996478980254054, 28.385636679330716 ], [ 76.996502289836442, 28.385707851944446 ], [ 76.99734447678486, 28.388279258828028 ], [ 76.998045631845642, 28.390903403569521 ], [ 76.99827531870902, 28.391812683784121 ], [ 76.99868736664402, 28.393443847593993 ], [ 76.998534392913939, 28.393559238430377 ], [ 76.997747870517117, 28.394152524959726 ], [ 76.993887519329903, 28.397064293892079 ], [ 76.993833002344985, 28.397105413808433 ], [ 76.993421637455484, 28.397415680758986 ], [ 76.992935516977553, 28.397782326396602 ], [ 76.990251687567991, 28.400039060981751 ], [ 76.989766603505359, 28.400446934794001 ], [ 76.989604571076626, 28.400583176140401 ], [ 76.989585481092533, 28.400599226791105 ], [ 76.988587146878288, 28.40143863933142 ], [ 76.98808685104575, 28.401859288053643 ], [ 76.987720448365522, 28.401551854876399 ], [ 76.987658000305515, 28.401486000408493 ], [ 76.987652323775649, 28.401480297221401 ], [ 76.987605598940348, 28.401433348136287 ], [ 76.987449000462789, 28.401275999572587 ], [ 76.987344000226585, 28.401169000337553 ], [ 76.987011911914394, 28.400829344809253 ], [ 76.986843810531383, 28.400651852599282 ], [ 76.98641019487988, 28.400212034669963 ], [ 76.986144999750337, 28.399938000112385 ], [ 76.985977000084134, 28.399764000135541 ], [ 76.985899000275637, 28.399685000126855 ], [ 76.985653000233086, 28.399433000392108 ], [ 76.985346000080881, 28.399117000349872 ], [ 76.984966058027013, 28.39873382848252 ], [ 76.98477111296593, 28.39853328449767 ], [ 76.98459101657798, 28.398354841444728 ], [ 76.98431950850717, 28.398085822816714 ], [ 76.983316165137964, 28.397115389752237 ], [ 76.98050642775469, 28.399268853684251 ], [ 76.97900997843378, 28.400415719247125 ], [ 76.977230364088314, 28.401674052606904 ], [ 76.97703623012687, 28.401811317801897 ], [ 76.975813357353445, 28.402675954322266 ], [ 76.975683841982558, 28.40276752741811 ], [ 76.974675301916065, 28.403747720178121 ], [ 76.974262611257046, 28.404148803641093 ], [ 76.973014942687442, 28.405361356100375 ], [ 76.971278616554258, 28.407048750843742 ], [ 76.970046284044344, 28.408395978281437 ], [ 76.968199298577076, 28.410852268265469 ], [ 76.965052759740118, 28.416328831109734 ], [ 76.964381507545625, 28.417497069775514 ], [ 76.96433736770139, 28.417605154300702 ], [ 76.962986337809951, 28.420913315193818 ], [ 76.962719562631264, 28.421566522003733 ], [ 76.962715709873578, 28.421588568617999 ], [ 76.96270768024344, 28.421634513696553 ], [ 76.962520555512697, 28.42270530139395 ], [ 76.962325065518542, 28.423823942736973 ], [ 76.961840124151479, 28.426598802393283 ], [ 76.961277818032457, 28.429938605031619 ], [ 76.961274826988188, 28.429956369112485 ], [ 76.961372461648281, 28.430028043192426 ], [ 76.961820465131666, 28.430451399038152 ], [ 76.963110242634187, 28.431417862427839 ], [ 76.963117771237918, 28.431423502892631 ], [ 76.963797004376232, 28.431932457177769 ], [ 76.964977432009476, 28.432719291346352 ], [ 76.966103276253605, 28.433378052378842 ], [ 76.966134159177457, 28.433396123006428 ], [ 76.966386471683521, 28.433543754896725 ], [ 76.967385499663891, 28.434068902608189 ], [ 76.967855741526463, 28.434333503575711 ], [ 76.96849181622234, 28.434672248251101 ], [ 76.971517672367142, 28.436327879554781 ], [ 76.973925287995101, 28.437627833639915 ], [ 76.975091912941394, 28.438257706147972 ], [ 76.975625614675224, 28.438418308851119 ], [ 76.976002653602706, 28.438531766933764 ], [ 76.976030607806351, 28.438540178979373 ] ] ] ] } },
{ "type": "Feature", "properties": { "OBJECTID": 26164, "MC_Code": 12, "MC_Ward_No": "04", "MC_Name": "Gurugram", "Area": 5465884.3006529203, "TotalPopul": 0, "GenPopulat": 0, "BCPopulati": 0, "SCPopulati": 0, "Notificati": "19/45/2023-6C I", "Notifica_1": "2023-12-14", "Remarks": "Updated in GIS Database", "created_us": null, "created_da": null, "last_edite": null, "last_edi_1": null, "Shape_STAr": 5.46588430065, "Shape_STLe": 16092.5792004 }, "geometry": { "type": "MultiPolygon", "coordinates": [ [ [ [ 77.016180614793569, 28.495236183869608 ], [ 77.016393950630189, 28.495479881752765 ], [ 77.016542000468718, 28.495649000048832 ], [ 77.017937999623626, 28.497275000011065 ], [ 77.01795399984627, 28.497292999926959 ], [ 77.017962999718208, 28.497304000450715 ], [ 77.018046999940282, 28.497402000450204 ], [ 77.018827299482965, 28.498349146976032 ], [ 77.019181574455871, 28.498779165930326 ], [ 77.01942527052519, 28.499074962290479 ], [ 77.019858423096835, 28.499600713635076 ], [ 77.020104999595262, 28.499900000315623 ], [ 77.020343160014889, 28.500183226976326 ], [ 77.021162000025654, 28.501157000207794 ], [ 77.021384000079166, 28.501418999965551 ], [ 77.022082000173185, 28.502237999692518 ], [ 77.022982000021813, 28.503304000427054 ], [ 77.024223999827072, 28.504771000026253 ], [ 77.02451399992745, 28.50511300044807 ], [ 77.024828547330884, 28.505490635518058 ], [ 77.025633160133779, 28.506456611593649 ], [ 77.025974999626584, 28.506866999993264 ], [ 77.026250000388444, 28.507189999771033 ], [ 77.026854000491326, 28.507897000246192 ], [ 77.026963999973745, 28.508025999838061 ], [ 77.027019999771696, 28.508090999917265 ], [ 77.027086241979177, 28.507967887921531 ], [ 77.028262918502605, 28.50935099298875 ], [ 77.030469673855208, 28.51193750633167 ], [ 77.032629541936217, 28.51444435618329 ], [ 77.034019886947149, 28.516074660672061 ], [ 77.035658462813572, 28.518000213929582 ], [ 77.035896114612058, 28.518010038916159 ], [ 77.03633573414406, 28.51853894532594 ], [ 77.036133952566331, 28.518555357882256 ], [ 77.036149294897569, 28.518573290344658 ], [ 77.038320293701929, 28.521110796100771 ], [ 77.038302320705938, 28.52122708976157 ], [ 77.038791017687885, 28.52167938827138 ], [ 77.038956065578546, 28.521871436637898 ], [ 77.040475918658316, 28.523639880626828 ], [ 77.040896860928527, 28.524157220176534 ], [ 77.041761179863386, 28.525128001617187 ], [ 77.04206423952715, 28.525468384424062 ], [ 77.042064759184626, 28.525468205163513 ], [ 77.042068510993445, 28.525466938696265 ], [ 77.042160677065027, 28.525435832964991 ], [ 77.042672230952959, 28.525263183558046 ], [ 77.042778172695947, 28.525210061391782 ], [ 77.042838345329187, 28.525179888577789 ], [ 77.043164982402502, 28.525016099130099 ], [ 77.04344083245779, 28.524887561757353 ], [ 77.043497885198633, 28.524860976417099 ], [ 77.043313920981021, 28.524501309306398 ], [ 77.043309736235003, 28.524469114306289 ], [ 77.043343482582443, 28.524438488010475 ], [ 77.043627563332876, 28.524147462837469 ], [ 77.043665356625397, 28.524108745586496 ], [ 77.043600398423763, 28.52400013234346 ], [ 77.043508235866867, 28.523846030615683 ], [ 77.043726103580667, 28.523640121066723 ], [ 77.044010512086302, 28.523371324048497 ], [ 77.044275012119115, 28.523113084946377 ], [ 77.044564898634832, 28.522902804527835 ], [ 77.044592542993357, 28.522883840597146 ], [ 77.044686481864971, 28.522819396459624 ], [ 77.044799432966528, 28.522762569631475 ], [ 77.044800843486954, 28.522761859902669 ], [ 77.045198803192292, 28.522561642533255 ], [ 77.045365992728847, 28.522471439953151 ], [ 77.045462114392564, 28.522419128754709 ], [ 77.046045785508326, 28.522139848998215 ], [ 77.046065697754088, 28.522128098224851 ], [ 77.046242951403258, 28.522023512087635 ], [ 77.046724373286281, 28.5217394528642 ], [ 77.046797954767399, 28.521694766007176 ], [ 77.046879419837836, 28.52164529155273 ], [ 77.046928608361569, 28.521620828396248 ], [ 77.046989061777694, 28.521590761501287 ], [ 77.047042979040512, 28.521563945898642 ], [ 77.047371338324311, 28.52140063706096 ], [ 77.047403749683838, 28.521384517097836 ], [ 77.048243216064989, 28.52091741593976 ], [ 77.048230472208843, 28.520887524867618 ], [ 77.048110002795127, 28.520604943366635 ], [ 77.047916578484106, 28.520210780632659 ], [ 77.04784346702823, 28.520061794233804 ], [ 77.047759265039417, 28.5198783610509 ], [ 77.047594070199324, 28.519518484392716 ], [ 77.047361812017158, 28.518975012147159 ], [ 77.047308561985631, 28.518873080150694 ], [ 77.047201442738455, 28.518668032512661 ], [ 77.047151858381127, 28.518573117768135 ], [ 77.047078147756267, 28.518432021865621 ], [ 77.046951222906941, 28.518194817844236 ], [ 77.046928548378716, 28.518152441643295 ], [ 77.046926444463907, 28.518148509348279 ], [ 77.046851406612035, 28.518008273380516 ], [ 77.046787633599649, 28.517889091669048 ], [ 77.046726960161777, 28.517770058116589 ], [ 77.046510830367055, 28.517346035315903 ], [ 77.04643585929513, 28.51715656606326 ], [ 77.046395192589856, 28.517053794328145 ], [ 77.046295718765876, 28.51680240160935 ], [ 77.046277791968421, 28.516757098717072 ], [ 77.046252727078311, 28.516693754479775 ], [ 77.046314356692264, 28.516674731198126 ], [ 77.046394275904575, 28.51664822708441 ], [ 77.046928883875808, 28.516547255528717 ], [ 77.047595516340337, 28.51644929597407 ], [ 77.047611969747749, 28.516446877780332 ], [ 77.047746023518172, 28.51642262651794 ], [ 77.048188240334213, 28.516306449806375 ], [ 77.048294403805428, 28.516278558951718 ], [ 77.048622809454855, 28.516179341430508 ], [ 77.048643282519564, 28.516173419133597 ], [ 77.048918151842699, 28.516093905343599 ], [ 77.048976518058552, 28.516077021747236 ], [ 77.049579104234937, 28.515932890216728 ], [ 77.049658759520668, 28.515889067695369 ], [ 77.050309953641445, 28.515630254029748 ], [ 77.050340207813463, 28.515618230158655 ], [ 77.050672913939081, 28.515482884287124 ], [ 77.051021587782657, 28.515341040546421 ], [ 77.051212872088612, 28.515276232060117 ], [ 77.051704009303776, 28.515172705179243 ], [ 77.051788896571594, 28.5151640100996 ], [ 77.051923415744213, 28.515142568495417 ], [ 77.052117004491649, 28.51508074860946 ], [ 77.052207193603124, 28.515051948340243 ], [ 77.052386336046865, 28.514994743480425 ], [ 77.052706763056392, 28.514892419139439 ], [ 77.053068277255079, 28.514776972831118 ], [ 77.053836921118375, 28.514531510497211 ], [ 77.05443178390081, 28.514303060460122 ], [ 77.0549437097892, 28.514085757805965 ], [ 77.055113872269857, 28.51410145661422 ], [ 77.05531157003351, 28.513983069883036 ], [ 77.055794928745229, 28.513792881404338 ], [ 77.055813580991185, 28.513783091099175 ], [ 77.055955393167494, 28.513708656073526 ], [ 77.056475512023439, 28.513435653917576 ], [ 77.056812049663947, 28.513277858261251 ], [ 77.057156458435614, 28.51311637111861 ], [ 77.057299592381426, 28.51306486221516 ], [ 77.057761535792594, 28.512887819956578 ], [ 77.057838203821348, 28.512880746287291 ], [ 77.057882398693849, 28.512857932319758 ], [ 77.058520370308358, 28.512688998090329 ], [ 77.058928765638498, 28.51256104424322 ], [ 77.059202324899204, 28.512475333664369 ], [ 77.059418055659549, 28.512415759516138 ], [ 77.059483970402198, 28.512397556959506 ], [ 77.059700452755891, 28.512337775168888 ], [ 77.059884418809034, 28.51227676358733 ], [ 77.060214948870737, 28.512174571103234 ], [ 77.060419029868953, 28.512302861980594 ], [ 77.060470438548847, 28.512335179156473 ], [ 77.060515249953824, 28.512363346359695 ], [ 77.060541117548354, 28.512334939837363 ], [ 77.060568699491029, 28.512304650283468 ], [ 77.060644456419695, 28.512287636939924 ], [ 77.060705205564318, 28.512273994098859 ], [ 77.060719365194942, 28.512270822304941 ], [ 77.060812710255448, 28.512249910106924 ], [ 77.060829301860792, 28.512246193385341 ], [ 77.060978220360568, 28.51221283107428 ], [ 77.061031871084793, 28.512182303793168 ], [ 77.061251813059144, 28.512211754713295 ], [ 77.061278776138465, 28.512227444223061 ], [ 77.061317000457478, 28.512217999542212 ], [ 77.061318975304914, 28.512159447286333 ], [ 77.061362999786382, 28.51085399991614 ], [ 77.061371999630524, 28.509869000254501 ], [ 77.061376000279878, 28.509494000128896 ], [ 77.062096000247195, 28.509508999997195 ], [ 77.06281300000856, 28.509543999590775 ], [ 77.062817000039487, 28.509385000371431 ], [ 77.062655999911087, 28.509291999977357 ], [ 77.062465000004323, 28.50912900001823 ], [ 77.062303999963149, 28.508960000326958 ], [ 77.062060000396087, 28.508723000209645 ], [ 77.061781999726492, 28.508452999977063 ], [ 77.061360999844723, 28.507936999729768 ], [ 77.061225000367813, 28.507771000306185 ], [ 77.060878999789381, 28.507333000271153 ], [ 77.06049299982628, 28.506840999756704 ], [ 77.060153999974929, 28.506409000276108 ], [ 77.059803999943625, 28.505963999622498 ], [ 77.059480000053668, 28.505557000287396 ], [ 77.058058999687958, 28.503782999915924 ], [ 77.05786600039815, 28.503542999854879 ], [ 77.05751499953827, 28.503108000154793 ], [ 77.057424999708985, 28.502995999828268 ], [ 77.056807999847493, 28.502583999677036 ], [ 77.052333000355716, 28.502625000295243 ], [ 77.051788464417854, 28.502630007303253 ], [ 77.051790000398114, 28.502559000159057 ], [ 77.047603999993811, 28.502595999720398 ], [ 77.047604999938898, 28.502662000374858 ], [ 77.047168999879744, 28.502671999715755 ], [ 77.046913000479222, 28.502673000084155 ], [ 77.045539999772942, 28.502678999764818 ], [ 77.045394999822079, 28.502635999563225 ], [ 77.043726999618997, 28.502644999702984 ], [ 77.041419999517188, 28.502640000345227 ], [ 77.041419000474605, 28.502987999984878 ], [ 77.040922000113397, 28.502992999937884 ], [ 77.04120699964831, 28.503436999949738 ], [ 77.041443999800421, 28.503845000327146 ], [ 77.041552275334652, 28.503955588509207 ], [ 77.041565999529368, 28.503952000268047 ], [ 77.041678000394981, 28.504084000140661 ], [ 77.041869999743739, 28.50435199972183 ], [ 77.042001128093517, 28.504535493995377 ], [ 77.042160322773199, 28.504788876339369 ], [ 77.042431183348214, 28.505171459056175 ], [ 77.042487241252886, 28.505250639238497 ], [ 77.042658562249855, 28.505119769293749 ], [ 77.042779913816815, 28.50511262979294 ], [ 77.042820893798208, 28.505120532656271 ], [ 77.04284027260654, 28.50511983068786 ], [ 77.043980096876396, 28.50512283567695 ], [ 77.044546543805481, 28.505121658029015 ], [ 77.044597489031119, 28.505122797971243 ], [ 77.044758557510121, 28.50512640056747 ], [ 77.044813582339984, 28.505156651027903 ], [ 77.044883200988878, 28.50519492384149 ], [ 77.0452444622954, 28.505541524799412 ], [ 77.045247000402924, 28.505536000314606 ], [ 77.045218000045779, 28.50517800005256 ], [ 77.045328999738771, 28.505164999971313 ], [ 77.045566999865756, 28.505158000273742 ], [ 77.045552000120111, 28.505056999871321 ], [ 77.045642000153578, 28.505038000200621 ], [ 77.045809999998355, 28.504967000271186 ], [ 77.045793999833194, 28.504914000003623 ], [ 77.045788999791085, 28.50484700019528 ], [ 77.046036999723768, 28.50482999999215 ], [ 77.04629499968334, 28.504817000414249 ], [ 77.046630999739918, 28.505514000371225 ], [ 77.046401999529806, 28.505570000104029 ], [ 77.045889999928448, 28.505693000065563 ], [ 77.045799999832781, 28.505735999653819 ], [ 77.045329999923695, 28.505297999980488 ], [ 77.0453457165667, 28.505525901200837 ], [ 77.045349999729922, 28.505588000343796 ], [ 77.0453241432933, 28.505617971291304 ], [ 77.04581204432273, 28.506086066231475 ], [ 77.046095565014696, 28.506335512001993 ], [ 77.046231817547834, 28.506276780627783 ], [ 77.046246131871357, 28.506273170387352 ], [ 77.046495938371649, 28.506210156601622 ], [ 77.046818502152092, 28.506129630670419 ], [ 77.046863975438555, 28.506118225644453 ], [ 77.046862999514175, 28.506047000046756 ], [ 77.046892274809736, 28.506045870460142 ], [ 77.047562999520949, 28.506019999712787 ], [ 77.047602999819063, 28.506911000281196 ], [ 77.046893999542945, 28.507134000075379 ], [ 77.046900000382905, 28.507359000099452 ], [ 77.046876000189116, 28.507394000118421 ], [ 77.046685000339238, 28.507448000364231 ], [ 77.046079000038617, 28.507474000333929 ], [ 77.0460149995655, 28.50733500030433 ], [ 77.045946000017238, 28.507338000306774 ], [ 77.045929000288567, 28.50730399962417 ], [ 77.04590945589517, 28.507253378128016 ], [ 77.04521112939446, 28.507493049084569 ], [ 77.044678639027666, 28.507691653327665 ], [ 77.044277269535542, 28.50784135131812 ], [ 77.044163665346787, 28.507867344838257 ], [ 77.044194000057303, 28.507918999846147 ], [ 77.044341999907161, 28.508239999895363 ], [ 77.044269999547865, 28.508266999752564 ], [ 77.044217999839177, 28.508285999767676 ], [ 77.044266999912438, 28.508938999681579 ], [ 77.044138999667339, 28.508985000151711 ], [ 77.04378799988406, 28.509077999659795 ], [ 77.04351400036785, 28.508856999589558 ], [ 77.043473000045282, 28.508846000441874 ], [ 77.043346999971618, 28.508562000422494 ], [ 77.043284000443137, 28.508391000239772 ], [ 77.042586999956271, 28.508635000141993 ], [ 77.042549999698096, 28.508147999740814 ], [ 77.042539000116847, 28.508093999876014 ], [ 77.042540642185187, 28.508068949461592 ], [ 77.042357974594069, 28.508059606248921 ], [ 77.042057712222558, 28.50804424781003 ], [ 77.042021586701665, 28.508042399633037 ], [ 77.042044240379255, 28.507254194362098 ], [ 77.042027948778994, 28.507071932966443 ], [ 77.042023568156694, 28.507022920984564 ], [ 77.041732164742427, 28.507048788597476 ], [ 77.041725706336152, 28.506894709487213 ], [ 77.041722038229707, 28.506807213344072 ], [ 77.041687158639732, 28.505975102572002 ], [ 77.041664160346926, 28.505842093703812 ], [ 77.041608413398833, 28.505519684006906 ], [ 77.041495999581542, 28.505515000044628 ], [ 77.041493403004722, 28.50546721457766 ], [ 77.041486000081932, 28.505330999866558 ], [ 77.041951398927324, 28.505145554241938 ], [ 77.041832888952072, 28.504893720419499 ], [ 77.04186985042891, 28.504878778751639 ], [ 77.041836088203993, 28.50481909501466 ], [ 77.041685000344827, 28.504552000156277 ], [ 77.041543000491345, 28.504283999724052 ], [ 77.041257999827593, 28.504287999771133 ], [ 77.041130000101802, 28.504065999593156 ], [ 77.040943771588687, 28.503832544336049 ], [ 77.04093770465164, 28.50372296215447 ], [ 77.038113585945467, 28.503751767257963 ], [ 77.036322999521673, 28.503770000068712 ], [ 77.036225999896843, 28.503654000359138 ], [ 77.034612999652964, 28.50357799985338 ], [ 77.034310999690973, 28.503575000261929 ], [ 77.034297000055474, 28.503574999640406 ], [ 77.034105000099601, 28.503581000189129 ], [ 77.033824999884374, 28.503588000246921 ], [ 77.033725999721213, 28.503591000015586 ], [ 77.033598000013654, 28.503594999569462 ], [ 77.033337000262733, 28.503580999830834 ], [ 77.033033000280838, 28.50356400027059 ], [ 77.032307999749094, 28.503489000436048 ], [ 77.031787000228078, 28.5034219997988 ], [ 77.031534999684524, 28.503389999924529 ], [ 77.03117600030086, 28.503313999846522 ], [ 77.031133999637163, 28.503301000450282 ], [ 77.030567000028555, 28.503120000093279 ], [ 77.030516000139897, 28.50310300042322 ], [ 77.030085000101693, 28.502956999666406 ], [ 77.029829999763081, 28.502871000388872 ], [ 77.029637000050556, 28.502777999761062 ], [ 77.029343000130353, 28.502500000193919 ], [ 77.028928000226585, 28.502113999606326 ], [ 77.028895931329728, 28.502091560543622 ], [ 77.02817200008954, 28.501584999653232 ], [ 77.027193999873049, 28.500865000273027 ], [ 77.026533000482374, 28.500377999691814 ], [ 77.026231999925713, 28.500169000038486 ], [ 77.026123000384857, 28.500092999597364 ], [ 77.026077999756097, 28.500061999824698 ], [ 77.025092000281319, 28.499377999983015 ], [ 77.024983000341152, 28.499302000370356 ], [ 77.024713000229269, 28.499115000101401 ], [ 77.023824000218482, 28.498494000094365 ], [ 77.023492999786299, 28.498263999905319 ], [ 77.023312000143633, 28.498137999574237 ], [ 77.023180000340716, 28.49802899977022 ], [ 77.023045999716771, 28.497882999660554 ], [ 77.022655999585112, 28.497431000211677 ], [ 77.022576000254773, 28.497330000181645 ], [ 77.021783000460914, 28.496325000192343 ], [ 77.021679999973472, 28.496189000118839 ], [ 77.021372999756153, 28.49578200007856 ], [ 77.021190999675881, 28.495541999718114 ], [ 77.021148999838118, 28.495485999778261 ], [ 77.020832610620459, 28.49507646881348 ], [ 77.020832075044723, 28.495048362061823 ], [ 77.020620797976406, 28.49453952944048 ], [ 77.020333481667947, 28.493740861127076 ], [ 77.02013843755762, 28.493830670384725 ], [ 77.020052076151984, 28.493598504598861 ], [ 77.020025241465959, 28.49361189563604 ], [ 77.019980121923155, 28.493634959223606 ], [ 77.019733457193993, 28.493761048383565 ], [ 77.01971566689177, 28.493770143264818 ], [ 77.01924235238323, 28.494012087872921 ], [ 77.019144631044853, 28.49406203981404 ], [ 77.018807900069447, 28.494178676125422 ], [ 77.018549242578857, 28.494203086022139 ], [ 77.018340796655096, 28.494332695406314 ], [ 77.018302999661643, 28.49434940989601 ], [ 77.018289272975451, 28.494355479998219 ], [ 77.018182597529446, 28.494397938442624 ], [ 77.018058539454572, 28.494447316157093 ], [ 77.017386292593187, 28.494734032084992 ], [ 77.017299512175668, 28.494771635784261 ], [ 77.017247913722002, 28.494793788552549 ], [ 77.016808935405663, 28.494982255004796 ], [ 77.01650380283597, 28.49513430716717 ], [ 77.016400426312771, 28.495166894043482 ], [ 77.016180614793569, 28.495236183869608 ] ] ] ] } },
{ "type": "Feature", "properties": { "OBJECTID": 26165, "MC_Code": 12, "MC_Ward_No": "12", "MC_Name": "Gurugram", "Area": 3976951.7524670199, "TotalPopul": 0, "GenPopulat": 0, "BCPopulati": 0, "SCPopulati": 0, "Notificati": "19/45/2023-6C I", "Notifica_1": "2023-12-14", "Remarks": "Updated in GIS Database", "created_us": null, "created_da": null, "last_edite": null, "last_edi_1": null, "Shape_STAr": 3.9769517524700002, "Shape_STLe": 16759.029691200001 }, "geometry": { "type": "MultiPolygon", "coordinates": [ [ [ [ 77.035354000246613, 28.445864000386617 ], [ 77.035388016587859, 28.445877785680139 ], [ 77.035696999723186, 28.446002999789901 ], [ 77.035937000369387, 28.446106999779751 ], [ 77.035947274499293, 28.446090446570679 ], [ 77.036063000485328, 28.445904000168436 ], [ 77.036122640171541, 28.445782317060523 ], [ 77.036139692936544, 28.445747522288521 ], [ 77.036434999606556, 28.44514499964006 ], [ 77.036700999765358, 28.444601999739753 ], [ 77.037080999948898, 28.443965000190861 ], [ 77.037285000122992, 28.443729999832328 ], [ 77.037451000315116, 28.443574000293964 ], [ 77.037543000402906, 28.44350599958242 ], [ 77.037740000479829, 28.443365999828291 ], [ 77.039437000505998, 28.442088999989775 ], [ 77.03999600022162, 28.441668000255799 ], [ 77.04026999976783, 28.441462999812888 ], [ 77.041460000306401, 28.440571999866325 ], [ 77.041638999644746, 28.440755999642363 ], [ 77.042446000146455, 28.441581000000141 ], [ 77.042681000488813, 28.44182099961904 ], [ 77.042869999523319, 28.442018000186547 ], [ 77.042940000088265, 28.442090999967178 ], [ 77.043926200353525, 28.443119549993522 ], [ 77.045631004879212, 28.444940471447843 ], [ 77.046499952008659, 28.445868569331971 ], [ 77.046205254904763, 28.446696684864669 ], [ 77.046238710060265, 28.446748686908492 ], [ 77.046649999637424, 28.447388000280121 ], [ 77.046682581298441, 28.447357416564348 ], [ 77.047562999526903, 28.446531000283006 ], [ 77.047700000372373, 28.446399999858134 ], [ 77.048908999569861, 28.447335000052604 ], [ 77.049916999665299, 28.448113999742514 ], [ 77.050151999905665, 28.448356000048332 ], [ 77.050165999680644, 28.44837199981535 ], [ 77.050293000178172, 28.448509000129441 ], [ 77.050293999598168, 28.448510000212245 ], [ 77.05043099974165, 28.448657000224873 ], [ 77.050762999938286, 28.449015999811543 ], [ 77.050921000301301, 28.449187999965442 ], [ 77.051076000147688, 28.449062999782857 ], [ 77.051621999816518, 28.448674999978021 ], [ 77.051634000003588, 28.448666000295574 ], [ 77.052108000447177, 28.448328000182485 ], [ 77.052336000411415, 28.44866499976682 ], [ 77.052335000026474, 28.448749000373311 ], [ 77.052348000309209, 28.44910100033416 ], [ 77.052652999815493, 28.449098999630397 ], [ 77.052648999905415, 28.449529999778719 ], [ 77.052614999721996, 28.449718999711866 ], [ 77.052636000013919, 28.449733000427795 ], [ 77.055023999915576, 28.449769999815633 ], [ 77.054753999773595, 28.44927800030425 ], [ 77.054993999483884, 28.449031999576626 ], [ 77.05478299976096, 28.44869300015154 ], [ 77.054547999533725, 28.448292000432737 ], [ 77.054394999796003, 28.448070000210233 ], [ 77.054413999888325, 28.447385999720257 ], [ 77.054420000157464, 28.447052000223515 ], [ 77.053732999554015, 28.447036999835163 ], [ 77.05362800016151, 28.446841999556543 ], [ 77.05386799964181, 28.446827000201345 ], [ 77.055168000512211, 28.446568000156677 ], [ 77.055248000313043, 28.446552000159294 ], [ 77.055872999691616, 28.446374000328632 ], [ 77.056107999731239, 28.446263000198076 ], [ 77.056334999702571, 28.446054999659307 ], [ 77.056668000065514, 28.445576000222978 ], [ 77.057085000001962, 28.444979999753453 ], [ 77.057701999735471, 28.444494999586297 ], [ 77.058346999566368, 28.444010999758511 ], [ 77.058759999767105, 28.44444099975783 ], [ 77.061002999964998, 28.446778000095261 ], [ 77.063938192749532, 28.449836646874775 ], [ 77.060793628031462, 28.452221797938982 ], [ 77.058370000423366, 28.454059999577883 ], [ 77.057990000120455, 28.454331999979001 ], [ 77.056608999810805, 28.455324000218873 ], [ 77.056268475954283, 28.455580932660343 ], [ 77.055984820361232, 28.455794955114939 ], [ 77.055944999733867, 28.455824999861914 ], [ 77.056058370901013, 28.455940845973867 ], [ 77.056728121541099, 28.456191141018472 ], [ 77.057062870685257, 28.456187736817878 ], [ 77.057098462997217, 28.4561873744323 ], [ 77.057321439839697, 28.456174966405808 ], [ 77.057389845741668, 28.456171159591126 ], [ 77.057752093223598, 28.456083269416634 ], [ 77.057785208906523, 28.456075234650246 ], [ 77.057904969451101, 28.456050447849744 ], [ 77.057922611554687, 28.456046796187838 ], [ 77.05835386243038, 28.456004011861214 ], [ 77.058399245749285, 28.455999508960534 ], [ 77.058647392050418, 28.455898311072673 ], [ 77.058682871129832, 28.455882155268597 ], [ 77.058724325524238, 28.455856899048857 ], [ 77.059080845532947, 28.455639683508529 ], [ 77.05916102729951, 28.455590831831188 ], [ 77.059220244778956, 28.45555475265137 ], [ 77.059399824126814, 28.455699386250988 ], [ 77.059777509259391, 28.455631777344397 ], [ 77.059846505556322, 28.455619425950541 ], [ 77.060066869305402, 28.45557997807007 ], [ 77.06017485587472, 28.455560647289214 ], [ 77.060305885243466, 28.455693785530865 ], [ 77.06041440078512, 28.455628975387292 ], [ 77.060532786454857, 28.455558270370439 ], [ 77.060648103590893, 28.455489397495818 ], [ 77.060699757096486, 28.455485969182192 ], [ 77.0610766288912, 28.455319541122396 ], [ 77.061200409303822, 28.455293639317716 ], [ 77.061220951109746, 28.455286685811707 ], [ 77.061685893561844, 28.455129305564661 ], [ 77.061890697183671, 28.455059980194942 ], [ 77.06190875443825, 28.455054904142713 ], [ 77.062042712295309, 28.455017243996856 ], [ 77.062324936774502, 28.454937900244438 ], [ 77.062579732131752, 28.454976344826246 ], [ 77.062624785898649, 28.454984246503166 ], [ 77.063125109374994, 28.455146143148827 ], [ 77.063266486325915, 28.455166607699432 ], [ 77.063279199061483, 28.455168447830651 ], [ 77.063780618882319, 28.455224450192578 ], [ 77.063954628502756, 28.455190190449837 ], [ 77.064119313963289, 28.455157765705103 ], [ 77.064569512641796, 28.455036053656332 ], [ 77.064652037826363, 28.45501374281622 ], [ 77.0647003002628, 28.455005437655135 ], [ 77.064957777112568, 28.454961129673539 ], [ 77.065338819384436, 28.454895556114398 ], [ 77.065535142236698, 28.454968628121783 ], [ 77.066019985402562, 28.455149087440642 ], [ 77.06602228196509, 28.455149942268367 ], [ 77.066107722343645, 28.455180988968038 ], [ 77.06659084551336, 28.45535297670617 ], [ 77.06670593469839, 28.455383291870024 ], [ 77.066706380852736, 28.455383395176639 ], [ 77.067390258180197, 28.455541522705893 ], [ 77.067393402984933, 28.45554225994341 ], [ 77.067768421047376, 28.45563013933754 ], [ 77.068080454996633, 28.455697946246644 ], [ 77.068366683986994, 28.455760145172725 ], [ 77.068541331403694, 28.455819556870164 ], [ 77.068766849558344, 28.455933176292483 ], [ 77.069049110131203, 28.456088855788238 ], [ 77.069440441714647, 28.456331679419147 ], [ 77.069451845930558, 28.456338090306232 ], [ 77.070074694335247, 28.45668821505582 ], [ 77.070122777754591, 28.456715243827009 ], [ 77.070137009635133, 28.456723243955143 ], [ 77.070180639564114, 28.456747769711118 ], [ 77.070370892332363, 28.456765188076758 ], [ 77.069786000911023, 28.456100588980867 ], [ 77.069310000249104, 28.455578999826056 ], [ 77.069012999498, 28.455257999754981 ], [ 77.068109999687195, 28.454229000413356 ], [ 77.068042000463763, 28.454154999753566 ], [ 77.067687999693746, 28.453768999934635 ], [ 77.066481000162568, 28.452474000333392 ], [ 77.064390999797098, 28.450307000274972 ], [ 77.064173000012502, 28.450081000368098 ], [ 77.064280818986845, 28.450004870779413 ], [ 77.064468999526667, 28.449871999966263 ], [ 77.064980999634102, 28.449489000255632 ], [ 77.065539999614074, 28.449069999630584 ], [ 77.065476521733316, 28.448986300740941 ], [ 77.065574090968639, 28.448921236115744 ], [ 77.065721104283739, 28.448823200423686 ], [ 77.064692968822413, 28.447585343766903 ], [ 77.065160078414564, 28.447198691075556 ], [ 77.063152342429916, 28.445017654892141 ], [ 77.063007018214719, 28.444859782081437 ], [ 77.062968163198477, 28.444588206556389 ], [ 77.062857983107804, 28.444521912406902 ], [ 77.062833551734315, 28.444325633902739 ], [ 77.062779096387203, 28.444176956591683 ], [ 77.062773618819406, 28.44416200019252 ], [ 77.062761491876131, 28.444122051185257 ], [ 77.062721013138457, 28.443922724193687 ], [ 77.062724786036512, 28.443870945224106 ], [ 77.06270480564784, 28.443800296446227 ], [ 77.062684992997376, 28.443730240671091 ], [ 77.062625064388158, 28.443668426100469 ], [ 77.062554220266904, 28.443595353249567 ], [ 77.062476391210623, 28.443515074515908 ], [ 77.062405942123718, 28.443442408865835 ], [ 77.06280340719097, 28.443127917241611 ], [ 77.062820177329158, 28.443114648370884 ], [ 77.062933426971099, 28.443019482911431 ], [ 77.062912100676144, 28.443009509589071 ], [ 77.062755736801634, 28.442897986001185 ], [ 77.062488771402343, 28.442721154921752 ], [ 77.062430771723783, 28.442682737788878 ], [ 77.062449632085148, 28.44266807202127 ], [ 77.062772929744057, 28.442416681900824 ], [ 77.062810850411182, 28.442387194745304 ], [ 77.062768749380453, 28.442353728804513 ], [ 77.062496636680564, 28.442137423934923 ], [ 77.062307948848314, 28.441946710508539 ], [ 77.06251456343729, 28.441776150038681 ], [ 77.062732687252137, 28.441596087186333 ], [ 77.062983283118612, 28.441389218200339 ], [ 77.062485072771466, 28.440967674887894 ], [ 77.062299999868557, 28.440786000425113 ], [ 77.062410000429892, 28.44070000023639 ], [ 77.062606999763574, 28.440551000017212 ], [ 77.063225590299126, 28.44008225408384 ], [ 77.063035444391943, 28.439880976374152 ], [ 77.061169103772642, 28.438067556723023 ], [ 77.060462439232907, 28.43860288604894 ], [ 77.059627999788432, 28.439234999580886 ], [ 77.058958999993223, 28.438553000442397 ], [ 77.058750999623655, 28.438330999604116 ], [ 77.058710861898874, 28.43828669240667 ], [ 77.058663596531417, 28.438319977946307 ], [ 77.058420135674481, 28.43849142484148 ], [ 77.056893099675946, 28.439566760286052 ], [ 77.05691299982513, 28.439729000033783 ], [ 77.056890000370046, 28.440783000240561 ], [ 77.056414507297163, 28.441201035224637 ], [ 77.055988000016256, 28.441575999965305 ], [ 77.055968411267557, 28.441598384661585 ], [ 77.055838181905912, 28.441464259041833 ], [ 77.05531999891663, 28.440930567098235 ], [ 77.055003272087077, 28.440604357065808 ], [ 77.054911760206195, 28.440510104398193 ], [ 77.054044237218548, 28.439616589447677 ], [ 77.053683553113956, 28.439239473771778 ], [ 77.053409187689212, 28.438952606118981 ], [ 77.052957488462894, 28.438480320063324 ], [ 77.052953335432562, 28.438475977440394 ], [ 77.05295197914424, 28.438476951692369 ], [ 77.052958021390964, 28.438472392971917 ], [ 77.052960583167433, 28.438470459376212 ], [ 77.052958309121053, 28.438468103355902 ], [ 77.052633000428003, 28.438130999820093 ], [ 77.052233015966152, 28.437717003423078 ], [ 77.052106948932291, 28.437586518801609 ], [ 77.051947999961072, 28.437421999590029 ], [ 77.051572000338012, 28.43703200013827 ], [ 77.051523999755986, 28.436981999887095 ], [ 77.051324565084471, 28.436775067874617 ], [ 77.051258000219391, 28.436706000031421 ], [ 77.05123375530863, 28.436680827123915 ], [ 77.049743999645699, 28.4351339998396 ], [ 77.049300999997158, 28.434677000322342 ], [ 77.048618830650852, 28.433964397887895 ], [ 77.046989653356107, 28.432315674701513 ], [ 77.045987576282329, 28.431229382694944 ], [ 77.045686301226752, 28.430902781662784 ], [ 77.045384127365807, 28.430638731192765 ], [ 77.045070521531258, 28.430482289047973 ], [ 77.044439428958498, 28.430318678982186 ], [ 77.042788028041258, 28.429973352543598 ], [ 77.04276451062762, 28.429968434897464 ], [ 77.042590216756011, 28.429931987165414 ], [ 77.042500973426996, 28.42991332500177 ], [ 77.041818810270968, 28.429755006949069 ], [ 77.038320772697688, 28.428956055772183 ], [ 77.037276507484805, 28.428717526192081 ], [ 77.037264409159462, 28.428748319835286 ], [ 77.037039000411838, 28.428697000260364 ], [ 77.037001594830926, 28.428819236062537 ], [ 77.036982999566774, 28.428880000430727 ], [ 77.036845000442696, 28.429362999879636 ], [ 77.036819999590236, 28.429391999608292 ], [ 77.036708000053494, 28.429384999686377 ], [ 77.036473999818085, 28.429460999836511 ], [ 77.036392000077086, 28.429487000271507 ], [ 77.036361999605091, 28.429497999578128 ], [ 77.03630499990814, 28.429390999815052 ], [ 77.036145000397084, 28.429136000366853 ], [ 77.036096601304294, 28.429158294504326 ], [ 77.035802000067932, 28.429293999721317 ], [ 77.035767218888765, 28.429313991139384 ], [ 77.035614693600806, 28.429040045157354 ], [ 77.035579834994465, 28.428977436599215 ], [ 77.034792049068599, 28.42937067240549 ], [ 77.035063859664334, 28.429815145659092 ], [ 77.035100876271414, 28.429875676422814 ], [ 77.035154495019697, 28.429963356329583 ], [ 77.034768744267595, 28.430150768786806 ], [ 77.034832988432271, 28.430257072562139 ], [ 77.035038631214249, 28.43058971942521 ], [ 77.035021293364849, 28.43059763161186 ], [ 77.034795656325798, 28.430700609010216 ], [ 77.034829841797716, 28.43076302568873 ], [ 77.034445727029777, 28.430928936713954 ], [ 77.034459422518296, 28.430967002839513 ], [ 77.034439000091737, 28.430972000428589 ], [ 77.034565000414247, 28.431181999700367 ], [ 77.034494999552678, 28.431218999887736 ], [ 77.034656999677651, 28.431476999646062 ], [ 77.03475900005887, 28.431426999759395 ], [ 77.034861000340641, 28.431376999800801 ], [ 77.035038604237741, 28.431677117963101 ], [ 77.034647034268303, 28.431853461421948 ], [ 77.03495268596869, 28.432357935348882 ], [ 77.034285143317987, 28.432694486597878 ], [ 77.034290999760614, 28.432771000340697 ], [ 77.034492999776049, 28.433103000230144 ], [ 77.034048000214383, 28.433300000111768 ], [ 77.034174999819328, 28.433553999959759 ], [ 77.033874000452656, 28.433662999727396 ], [ 77.033572999581452, 28.43321100011029 ], [ 77.033081000085659, 28.433448999574615 ], [ 77.03300999970061, 28.433352999846118 ], [ 77.032720999843022, 28.433496999914532 ], [ 77.032686000437593, 28.43345099977531 ], [ 77.032251999657205, 28.433653999975686 ], [ 77.032482999549345, 28.434050000167165 ], [ 77.032761000284395, 28.434011000120272 ], [ 77.032857000200778, 28.43403599968914 ], [ 77.032990999925033, 28.434300999647785 ], [ 77.03351899961541, 28.43424200035258 ], [ 77.033423999773845, 28.43445099973022 ], [ 77.033434000234749, 28.434577999958982 ], [ 77.033549000272586, 28.434789999779809 ], [ 77.033726000164876, 28.435037000268739 ], [ 77.033844999756496, 28.435173000156627 ], [ 77.033841000470389, 28.435209999817644 ], [ 77.033418737146647, 28.435370051186108 ], [ 77.033478156543879, 28.435383518839409 ], [ 77.033691704628922, 28.435439416489579 ], [ 77.033629000068132, 28.435487000229607 ], [ 77.033366272893034, 28.435605426999921 ], [ 77.032837000010431, 28.435844000074393 ], [ 77.032976000174827, 28.436075999906091 ], [ 77.03390800035308, 28.435651999892322 ], [ 77.033834999669352, 28.435549000321426 ], [ 77.033855000123609, 28.43553699957377 ], [ 77.033884372166867, 28.435489847201826 ], [ 77.033961350389959, 28.435509996732797 ], [ 77.034149582835909, 28.435580820800599 ], [ 77.034412964908057, 28.435679919877163 ], [ 77.034804536894143, 28.435817314201106 ], [ 77.035026594552406, 28.43584741844813 ], [ 77.035214144934542, 28.435911717211429 ], [ 77.035164354039225, 28.43606896976814 ], [ 77.035057000020103, 28.436420000353849 ], [ 77.034956000387723, 28.436823999939719 ], [ 77.034867999703067, 28.437212000240013 ], [ 77.034825999520464, 28.437412000018767 ], [ 77.034659000226625, 28.438203000150889 ], [ 77.03455600032099, 28.438832000027908 ], [ 77.034528999674293, 28.438997000320366 ], [ 77.034497000126763, 28.439207999998121 ], [ 77.034287999828294, 28.440983999864606 ], [ 77.034264000241023, 28.441190999711761 ], [ 77.034249000073586, 28.441313999795128 ], [ 77.034064000349133, 28.442952999745188 ], [ 77.033974999977772, 28.443740000253982 ], [ 77.03395299969867, 28.44389899985805 ], [ 77.033901000025907, 28.444280000381426 ], [ 77.033847999779439, 28.444663999937337 ], [ 77.033840000302973, 28.44471300027671 ], [ 77.033823999584527, 28.444955000202796 ], [ 77.033798000240466, 28.445364000138422 ], [ 77.033795300909844, 28.44558976538061 ], [ 77.03382084784873, 28.445588270835415 ], [ 77.03431851111462, 28.445621416758289 ], [ 77.034663689248319, 28.445683361910085 ], [ 77.03492025395316, 28.44572940392268 ], [ 77.03509604548853, 28.445785167575089 ], [ 77.035253779357674, 28.445835203186313 ], [ 77.035302999753469, 28.445849000155732 ], [ 77.035352565899956, 28.445863577887213 ], [ 77.035354000246613, 28.445864000386617 ] ] ] ] } },
{ "type": "Feature", "properties": { "OBJECTID": 26166, "MC_Code": 12, "MC_Ward_No": "36", "MC_Name": "Gurugram", "Area": 6253424.5595797403, "TotalPopul": 0, "GenPopulat": 0, "BCPopulati": 0, "SCPopulati": 0, "Notificati": "19/45/2023-6C I", "Notifica_1": "2023-12-14", "Remarks": "Updated in GIS Database", "created_us": null, "created_da": null, "last_edite": null, "last_edi_1": null, "Shape_STAr": 6.25342455958, "Shape_STLe": 18737.039111900001 }, "geometry": { "type": "MultiPolygon", "coordinates": [ [ [ [ 77.024289885907365, 28.471031826292638 ], [ 77.024264776401239, 28.4710427757819 ], [ 77.024248960758655, 28.471016989054178 ], [ 77.024176881002475, 28.470850145090306 ], [ 77.024197366980573, 28.470842431731604 ], [ 77.024177792750166, 28.470804023722394 ], [ 77.024050562756159, 28.470571703584749 ], [ 77.023988124045061, 28.470464122717178 ], [ 77.023972872998058, 28.470438749848618 ], [ 77.023965205753797, 28.470426633422701 ], [ 77.023915554062398, 28.470348171660078 ], [ 77.023812553275505, 28.470204589430587 ], [ 77.023753640179294, 28.470126580378935 ], [ 77.023671605175039, 28.470017956434614 ], [ 77.023623081027168, 28.469959945959587 ], [ 77.023581665240343, 28.469900162110235 ], [ 77.023541905469258, 28.469842769213088 ], [ 77.023473280875095, 28.469888870564485 ], [ 77.023128405629663, 28.470120553410364 ], [ 77.023084720422801, 28.470150551753946 ], [ 77.022941045602934, 28.470249211220342 ], [ 77.022992694508829, 28.470331023886168 ], [ 77.023003682207246, 28.47034842931868 ], [ 77.023390387456644, 28.470988864550069 ], [ 77.02343220967407, 28.471069631244177 ], [ 77.023546524369095, 28.471251289994886 ], [ 77.023292000206112, 28.47138899969649 ], [ 77.023353283466022, 28.471482200946067 ], [ 77.023326085700901, 28.471498094687387 ], [ 77.023079429536949, 28.471631923188344 ], [ 77.022834496662426, 28.471766402390021 ], [ 77.02259808893065, 28.471894547018969 ], [ 77.022450096187754, 28.471973019551516 ], [ 77.022498519530558, 28.472064418282802 ], [ 77.022505383752602, 28.472077375101779 ], [ 77.022384347241115, 28.472134565986565 ], [ 77.022259949966511, 28.472185599432564 ], [ 77.02224877736009, 28.472194837028823 ], [ 77.022226187673269, 28.472200425662919 ], [ 77.022208752797823, 28.472210828404005 ], [ 77.022253993097152, 28.472254095840054 ], [ 77.022227999969616, 28.472258999676733 ], [ 77.022334339338769, 28.472340680347237 ], [ 77.022408921037325, 28.472445007000911 ], [ 77.022489024680496, 28.472565099582827 ], [ 77.022513990559531, 28.472599108941242 ], [ 77.022545765772264, 28.472618054086844 ], [ 77.022630337817461, 28.47274572126808 ], [ 77.022640733074013, 28.472761446316781 ], [ 77.022720999794444, 28.472848000164852 ], [ 77.023040999860754, 28.473351000297775 ], [ 77.022884999688799, 28.473436999964683 ], [ 77.022784000386721, 28.473464999588412 ], [ 77.022708000255633, 28.4734019997478 ], [ 77.022628000120832, 28.473426999602886 ], [ 77.022472999620973, 28.473512000368199 ], [ 77.022185999601092, 28.4736849997993 ], [ 77.022017999744207, 28.473535000007299 ], [ 77.022036000428685, 28.473501000315579 ], [ 77.021961999524393, 28.473462999928021 ], [ 77.021838999967088, 28.473626000362987 ], [ 77.021919000472366, 28.473669999798716 ], [ 77.0218010002922, 28.473802000221706 ], [ 77.021680000458176, 28.473937000381717 ], [ 77.021573000000359, 28.474003999878747 ], [ 77.021550999656426, 28.474039000149507 ], [ 77.021668999950535, 28.474202999691251 ], [ 77.020868999927927, 28.474404000355829 ], [ 77.021016999927355, 28.474773999754191 ], [ 77.021044000191964, 28.474908999980926 ], [ 77.02111700040183, 28.475137999908618 ], [ 77.021125000290453, 28.475336999924998 ], [ 77.021070999929506, 28.475341999614066 ], [ 77.02102000031104, 28.475345999976394 ], [ 77.020925999661202, 28.475339000041757 ], [ 77.02094799967351, 28.475506000055564 ], [ 77.020818000283001, 28.47554999960494 ], [ 77.020835999750133, 28.475656000108369 ], [ 77.020942000253228, 28.475629000405846 ], [ 77.020966999729396, 28.475826999658203 ], [ 77.021049999685999, 28.475964999662043 ], [ 77.021132000083341, 28.475919000113521 ], [ 77.021190999802684, 28.475992999732011 ], [ 77.021164000075458, 28.476008000414204 ], [ 77.021121000479326, 28.476028999623914 ], [ 77.021169000235872, 28.476152000232371 ], [ 77.021256999713103, 28.476307000179023 ], [ 77.021635647628742, 28.476939651050728 ], [ 77.021874687664479, 28.477339037671207 ], [ 77.021742247924649, 28.477392374161045 ], [ 77.0210270515811, 28.477684436449721 ], [ 77.021598164631953, 28.47851951475522 ], [ 77.02161797430567, 28.478548480011931 ], [ 77.021683554204785, 28.47864436922416 ], [ 77.021721284882815, 28.478616877201162 ], [ 77.021977176685013, 28.478430424011314 ], [ 77.022174379928188, 28.478719744435935 ], [ 77.022556020817561, 28.478513833434853 ], [ 77.022997914550871, 28.478275409742203 ], [ 77.023001385852808, 28.478273537124885 ], [ 77.023031739976688, 28.478257159683949 ], [ 77.023688343406178, 28.479296276703799 ], [ 77.023708777795818, 28.479328616166256 ], [ 77.02389562915414, 28.479247771365081 ], [ 77.024291675635723, 28.479076411595027 ], [ 77.024324283724241, 28.479147463972218 ], [ 77.024327058428625, 28.479153509952575 ], [ 77.024394240711459, 28.479299898661694 ], [ 77.024568910016839, 28.479680721409039 ], [ 77.024591575206344, 28.479730137089902 ], [ 77.024706121599621, 28.479979875438008 ], [ 77.024722867494788, 28.479974687406624 ], [ 77.02472300010362, 28.47997500035396 ], [ 77.024834000371811, 28.479942999776025 ], [ 77.024841000038236, 28.47997499956179 ], [ 77.024864886247116, 28.479964597810689 ], [ 77.024896777014419, 28.480625238086908 ], [ 77.024902036711111, 28.480900873940918 ], [ 77.023779163460659, 28.481497311303773 ], [ 77.023638503594071, 28.481572023565555 ], [ 77.023019466784632, 28.481850217361114 ], [ 77.022851189124992, 28.481925840688611 ], [ 77.022445138578661, 28.482242256881047 ], [ 77.02164262540397, 28.483024161586478 ], [ 77.021557874945401, 28.483121635967652 ], [ 77.02101838783598, 28.483822635021927 ], [ 77.020916000059856, 28.483942999709576 ], [ 77.020863799033378, 28.48402350275455 ], [ 77.020350278923445, 28.484690747733111 ], [ 77.020218897782016, 28.484893523011202 ], [ 77.019918748988616, 28.485356772461383 ], [ 77.019878000327793, 28.485395999860419 ], [ 77.019809000217165, 28.48546900003889 ], [ 77.019797999589272, 28.485516000397027 ], [ 77.019801999499549, 28.486046000326127 ], [ 77.019803999911161, 28.486110999907993 ], [ 77.019808000396225, 28.486241999789414 ], [ 77.019822000145879, 28.487261000152031 ], [ 77.019828000076572, 28.487878999715477 ], [ 77.019830000402209, 28.488034000415041 ], [ 77.019821000306436, 28.488354999848358 ], [ 77.019816000418103, 28.488532000277896 ], [ 77.01981600047786, 28.488543000013834 ], [ 77.019810000141604, 28.488740999629179 ], [ 77.019798999513128, 28.488969000236175 ], [ 77.019786894190702, 28.489029286168293 ], [ 77.019745439109741, 28.489046128452376 ], [ 77.019735395428242, 28.489096144692368 ], [ 77.019735767287912, 28.489312866453481 ], [ 77.019710999907716, 28.489490999832462 ], [ 77.019708999898683, 28.48951099962558 ], [ 77.019692000055272, 28.489678999591263 ], [ 77.019688400089279, 28.489935325272228 ], [ 77.019686999904039, 28.490034999711991 ], [ 77.019662999651203, 28.491007000211749 ], [ 77.019661000312311, 28.491080999751421 ], [ 77.019673000077759, 28.491277999986497 ], [ 77.01972267571675, 28.491795383418594 ], [ 77.019725999687921, 28.49182999986763 ], [ 77.019798999755309, 28.492435999927594 ], [ 77.019858999667647, 28.492878000244499 ], [ 77.019865000018683, 28.492909999770266 ], [ 77.019830644633657, 28.492906696153177 ], [ 77.019812341340767, 28.492904936095137 ], [ 77.019657000288959, 28.492889999952769 ], [ 77.019555150152385, 28.492891273605945 ], [ 77.019543878917929, 28.492866969190985 ], [ 77.019309574054461, 28.492305542153165 ], [ 77.018465181488054, 28.492594834334085 ], [ 77.018444999609684, 28.492551999614392 ], [ 77.018079179815246, 28.491769241462546 ], [ 77.017894000446219, 28.491373000323172 ], [ 77.017054661851247, 28.491672185959271 ], [ 77.016755000107011, 28.491778999594707 ], [ 77.01668822467586, 28.491811981854401 ], [ 77.0164488567397, 28.491316676022809 ], [ 77.016418250154445, 28.49125334427054 ], [ 77.016215004321694, 28.491324140476713 ], [ 77.016203548732236, 28.491328131019767 ], [ 77.015955879376861, 28.491414400837645 ], [ 77.015831796448737, 28.491457621830314 ], [ 77.01571798235112, 28.491501751571814 ], [ 77.015745628445046, 28.491558678250545 ], [ 77.016157790269006, 28.492407350750799 ], [ 77.016199910514345, 28.49249729280746 ], [ 77.014704643318098, 28.493047532173623 ], [ 77.014469531021717, 28.493137194737979 ], [ 77.014528974853206, 28.493204853064952 ], [ 77.015614701110664, 28.494440618141784 ], [ 77.015531803262178, 28.494495022792911 ], [ 77.016180614793569, 28.495236183869608 ], [ 77.01650380283597, 28.49513430716717 ], [ 77.016808935405663, 28.494982255004796 ], [ 77.017247913722002, 28.494793788552549 ], [ 77.017299512175668, 28.494771635784261 ], [ 77.017386292593187, 28.494734032084992 ], [ 77.018058539454572, 28.494447316157093 ], [ 77.018182597529446, 28.494397938442624 ], [ 77.018289272975451, 28.494355479998219 ], [ 77.018302999661643, 28.49434940989601 ], [ 77.018340796655096, 28.494332695406314 ], [ 77.018549242578857, 28.494203086022139 ], [ 77.018807900069447, 28.494178676125422 ], [ 77.019144631044853, 28.49406203981404 ], [ 77.01924235238323, 28.494012087872921 ], [ 77.01971566689177, 28.493770143264818 ], [ 77.019733457193993, 28.493761048383565 ], [ 77.019812950657055, 28.493720413097016 ], [ 77.019915394325608, 28.493668047079922 ], [ 77.019980121923155, 28.493634959223606 ], [ 77.020025241465959, 28.49361189563604 ], [ 77.020052076151984, 28.493598504598861 ], [ 77.02013843755762, 28.493830670384725 ], [ 77.020333481667947, 28.493740861127076 ], [ 77.020620797976406, 28.49453952944048 ], [ 77.020832075044723, 28.495048362061823 ], [ 77.020832610620459, 28.49507646881348 ], [ 77.021148999838118, 28.495485999778261 ], [ 77.021190999675881, 28.495541999718114 ], [ 77.021225741244123, 28.495587813528505 ], [ 77.021372999756153, 28.49578200007856 ], [ 77.021679999973472, 28.496189000118839 ], [ 77.021783000460914, 28.496325000192343 ], [ 77.022576000254773, 28.497330000181645 ], [ 77.022655999585112, 28.497431000211677 ], [ 77.023045999716771, 28.497882999660554 ], [ 77.023180000340716, 28.49802899977022 ], [ 77.023312000143633, 28.498137999574237 ], [ 77.023492999786299, 28.498263999905319 ], [ 77.023824000218482, 28.498494000094365 ], [ 77.024713000229269, 28.499115000101401 ], [ 77.024983000341152, 28.499302000370356 ], [ 77.025092000281319, 28.499377999983015 ], [ 77.026077999756097, 28.500061999824698 ], [ 77.026123000384857, 28.500092999597364 ], [ 77.026231999925713, 28.500169000038486 ], [ 77.026533000482374, 28.500377999691814 ], [ 77.027193999873049, 28.500865000273027 ], [ 77.02817200008954, 28.501584999653232 ], [ 77.028895931329728, 28.502091560543622 ], [ 77.028928000226585, 28.502113999606326 ], [ 77.029318999615143, 28.500934000244595 ], [ 77.02947200021255, 28.500473999954629 ], [ 77.029543000312373, 28.500260000322598 ], [ 77.02990899982052, 28.49896599963758 ], [ 77.03019949962939, 28.49808845586341 ], [ 77.030533000250543, 28.497080999647974 ], [ 77.030929000078331, 28.495726000306085 ], [ 77.03168000009714, 28.493676999633134 ], [ 77.031570950132249, 28.493609393337756 ], [ 77.03184529652917, 28.493508989691666 ], [ 77.032165413236129, 28.493404154473406 ], [ 77.032345795067386, 28.493318578413909 ], [ 77.032730840913416, 28.493170734705753 ], [ 77.033027917658742, 28.493129661321383 ], [ 77.033709806720125, 28.492916128197152 ], [ 77.034003759639518, 28.492854803750433 ], [ 77.034392260832533, 28.492762982242191 ], [ 77.034605156522503, 28.492707479193989 ], [ 77.034760090118255, 28.492685096499798 ], [ 77.035074996961029, 28.492640028625043 ], [ 77.035537516384366, 28.492565391497607 ], [ 77.035571125335451, 28.492559967536746 ], [ 77.035657386162271, 28.492576745884939 ], [ 77.035758015663504, 28.492547266411162 ], [ 77.036238661435547, 28.492379989732594 ], [ 77.03643975783838, 28.492319199633734 ], [ 77.036479210959328, 28.492303398355183 ], [ 77.037121344068851, 28.492074876904141 ], [ 77.0377588143552, 28.491876212660838 ], [ 77.037803785773491, 28.491921714332541 ], [ 77.038111704263528, 28.492285224368498 ], [ 77.038489789139575, 28.492145989123316 ], [ 77.038616310347763, 28.492211038404939 ], [ 77.038824560586534, 28.49212351364049 ], [ 77.039173228093304, 28.492098503458891 ], [ 77.039421052117746, 28.492085396404747 ], [ 77.039854240671716, 28.491794354528338 ], [ 77.039922198306215, 28.491748841309775 ], [ 77.040533820578659, 28.491339226254663 ], [ 77.04068640327192, 28.491202852074238 ], [ 77.041212966204398, 28.490838801480535 ], [ 77.041287576926223, 28.490776944471854 ], [ 77.041408795389458, 28.490892903824037 ], [ 77.041412917966497, 28.490896847429667 ], [ 77.041428181492321, 28.490911448274368 ], [ 77.041729289865032, 28.491199490187434 ], [ 77.041901684964557, 28.491349914231236 ], [ 77.042027844057486, 28.491440986812719 ], [ 77.042029777386517, 28.491442571163848 ], [ 77.042166962063803, 28.491556486055984 ], [ 77.042259196390972, 28.491647234434023 ], [ 77.042339062556209, 28.491725813644621 ], [ 77.042514874733854, 28.491834646698699 ], [ 77.042593463137777, 28.491883295050517 ], [ 77.042751924391297, 28.49198639065375 ], [ 77.043188858191684, 28.492306933701023 ], [ 77.043221591643103, 28.492319662768196 ], [ 77.043278855661299, 28.492341931690707 ], [ 77.043537917430399, 28.492500303028077 ], [ 77.043583594657548, 28.492528226928712 ], [ 77.043956311248323, 28.492756074554627 ], [ 77.043966733735957, 28.492762446286978 ], [ 77.044055138104142, 28.492808766918845 ], [ 77.044549205737269, 28.493067636548574 ], [ 77.044636252731223, 28.493113245398824 ], [ 77.044654044314612, 28.493122566966477 ], [ 77.04489335675585, 28.49327455532838 ], [ 77.045032468514989, 28.493362905229322 ], [ 77.045317295756874, 28.493528732034974 ], [ 77.045341932673978, 28.493543074915038 ], [ 77.045444864637247, 28.493608304822502 ], [ 77.04575192199195, 28.493802890477884 ], [ 77.045910802257538, 28.493903574693011 ], [ 77.045998412031565, 28.49394774121534 ], [ 77.046029827375605, 28.493963578157679 ], [ 77.046270398830686, 28.49415023396627 ], [ 77.046649913541756, 28.494444691908502 ], [ 77.046681171568409, 28.494453687648662 ], [ 77.046718491609937, 28.494464428354306 ], [ 77.047139731138145, 28.494691366178515 ], [ 77.047361127645345, 28.494810639881454 ], [ 77.047405918525669, 28.494834769664145 ], [ 77.047636457338086, 28.494984995548638 ], [ 77.047814677983197, 28.495090308256373 ], [ 77.048042167237739, 28.495224734132957 ], [ 77.048053921985115, 28.495231680099014 ], [ 77.048093829448234, 28.495255261526943 ], [ 77.048122262924551, 28.495272154432808 ], [ 77.048449320661092, 28.49546645468563 ], [ 77.048556705867085, 28.495525508758149 ], [ 77.048722746466453, 28.495614196696714 ], [ 77.048773976125503, 28.495641559488035 ], [ 77.048781456540411, 28.495645555090213 ], [ 77.048876021420355, 28.495698271905393 ], [ 77.049006991627323, 28.495771283014616 ], [ 77.049346502285985, 28.49596054758797 ], [ 77.049403440131655, 28.496009430747918 ], [ 77.049469377953102, 28.496066040289875 ], [ 77.049846407886506, 28.496312939035686 ], [ 77.050085360978571, 28.49646941585371 ], [ 77.050157592241433, 28.496516716214462 ], [ 77.050210631057297, 28.496541407256927 ], [ 77.050268735175436, 28.49660693787607 ], [ 77.050566561764143, 28.496814877808728 ], [ 77.050625016644702, 28.496855690389182 ], [ 77.050692343967441, 28.496902697197857 ], [ 77.050767856269786, 28.496959486401863 ], [ 77.051018518309277, 28.497147994912446 ], [ 77.051138341055605, 28.497183103892311 ], [ 77.051449257197902, 28.497391289914894 ], [ 77.051458447593575, 28.49739744412458 ], [ 77.051534328075277, 28.497448251972436 ], [ 77.051912782705486, 28.497688569324929 ], [ 77.051944655148489, 28.497708765271845 ], [ 77.052131425243445, 28.497863450074604 ], [ 77.052222946125909, 28.497939249090749 ], [ 77.052224478361424, 28.497940414338355 ], [ 77.052555878883027, 28.498192460806809 ], [ 77.052601885464242, 28.49822981684644 ], [ 77.052815116536522, 28.498415825573336 ], [ 77.052894552383179, 28.498485119393212 ], [ 77.052912244280577, 28.498500552006252 ], [ 77.053183443938721, 28.498737125181385 ], [ 77.05322260468148, 28.498771286365038 ], [ 77.053233391945042, 28.498785359665796 ], [ 77.05325723317894, 28.498816465994427 ], [ 77.053367270928391, 28.498914233489902 ], [ 77.053496362014329, 28.49883848056745 ], [ 77.053621964341858, 28.498744303825116 ], [ 77.053994240279678, 28.498465168387014 ], [ 77.054077932544885, 28.498416998350532 ], [ 77.05416073980625, 28.498369337032372 ], [ 77.054825566892404, 28.497924158053969 ], [ 77.054891618527989, 28.497876112650133 ], [ 77.05500671948495, 28.497792389279009 ], [ 77.055376248168727, 28.4975235957011 ], [ 77.05548967029759, 28.497441092044991 ], [ 77.055612815948976, 28.497323637735473 ], [ 77.055614490774289, 28.497322040512124 ], [ 77.055750342581632, 28.497260217455743 ], [ 77.056072867902742, 28.497004820199425 ], [ 77.056153444929492, 28.496941014230625 ], [ 77.056325819379964, 28.49681684353931 ], [ 77.056369955818795, 28.496774529649112 ], [ 77.056492653014843, 28.496656899107769 ], [ 77.05663799154317, 28.496519663407952 ], [ 77.056815529575346, 28.496352021103597 ], [ 77.056990333266512, 28.496208629895907 ], [ 77.057021868274362, 28.496182761417202 ], [ 77.057233527674853, 28.495996220380658 ], [ 77.057477943689463, 28.495780807004707 ], [ 77.057639737896665, 28.495614676197771 ], [ 77.058004882787188, 28.495314147263251 ], [ 77.058139647796409, 28.495172479078999 ], [ 77.058197856699067, 28.495098371223687 ], [ 77.058238253115675, 28.495046941083721 ], [ 77.058711303188105, 28.494539289420761 ], [ 77.058766096711267, 28.494480487225037 ], [ 77.058799043067779, 28.49444276453249 ], [ 77.059082691371557, 28.494200884737417 ], [ 77.05920649214211, 28.494095313984207 ], [ 77.059819999854213, 28.493654999886445 ], [ 77.059520000438468, 28.493329999946727 ], [ 77.058929999515939, 28.492693999633133 ], [ 77.05814935803329, 28.49183780341713 ], [ 77.057281999850346, 28.490742000409245 ], [ 77.056896999849755, 28.490256000141422 ], [ 77.056562999965237, 28.489877000343746 ], [ 77.055991999539685, 28.489228000277745 ], [ 77.055896647922552, 28.489116108089735 ], [ 77.055896762818819, 28.48911602874982 ], [ 77.055641774316598, 28.488816234657399 ], [ 77.055366000216807, 28.488492000307694 ], [ 77.054502000409173, 28.487487999572821 ], [ 77.052154999659408, 28.484804000264621 ], [ 77.051557000305564, 28.48412699980868 ], [ 77.051198027991958, 28.483721001938683 ], [ 77.051098999653703, 28.483608999902252 ], [ 77.050522640294218, 28.48296488770125 ], [ 77.050460999650824, 28.482896000185516 ], [ 77.050082000161837, 28.482465999958386 ], [ 77.049947000090881, 28.482274000374655 ], [ 77.049922999679836, 28.482239999990842 ], [ 77.049496000478257, 28.48152500019604 ], [ 77.049224000181411, 28.481644999805592 ], [ 77.048376000223428, 28.481723999741369 ], [ 77.048016999777559, 28.481758000323243 ], [ 77.047930999526443, 28.481759000116593 ], [ 77.047759000399537, 28.481748000270581 ], [ 77.047566000178676, 28.481731999922353 ], [ 77.047313999688384, 28.481696000386219 ], [ 77.047012000426761, 28.481632999784757 ], [ 77.046755000263275, 28.481577999713359 ], [ 77.046131000117825, 28.481446999583145 ], [ 77.045601000450119, 28.481336000099269 ], [ 77.045491000381404, 28.481312999664048 ], [ 77.043976000491753, 28.48099400001178 ], [ 77.043277999729852, 28.48084400028106 ], [ 77.04227699948926, 28.480606999820818 ], [ 77.042130999973125, 28.480558000225095 ], [ 77.04195699970532, 28.480493999916167 ], [ 77.041903999929133, 28.480473999584657 ], [ 77.041029000317494, 28.480102999762693 ], [ 77.040478000376879, 28.47985799988356 ], [ 77.040290999753424, 28.479775000376545 ], [ 77.039636999586037, 28.479484999571909 ], [ 77.039556000111887, 28.4794520004337 ], [ 77.039541999688993, 28.479445999606579 ], [ 77.03937899985057, 28.479380999742283 ], [ 77.039299000135983, 28.479360000268869 ], [ 77.03908700039166, 28.479306000306856 ], [ 77.03899200002239, 28.479281999757095 ], [ 77.038629999556832, 28.479207999683918 ], [ 77.038072000037516, 28.479088999917863 ], [ 77.037528999680234, 28.478981000064358 ], [ 77.037519999730051, 28.478978999998048 ], [ 77.037003000402521, 28.478871999694061 ], [ 77.036960999556129, 28.478864999682404 ], [ 77.036941999677737, 28.47886199982651 ], [ 77.036264999583352, 28.478737999858499 ], [ 77.035358999530189, 28.478572999885063 ], [ 77.035444999997381, 28.479689000232408 ], [ 77.035620000103648, 28.479740000221891 ], [ 77.034667291950356, 28.483205302142437 ], [ 77.03328686857175, 28.484076130999412 ], [ 77.032271088460618, 28.484277547116161 ], [ 77.030252383068671, 28.484976212144986 ], [ 77.029599341423847, 28.483610773839384 ], [ 77.028890984010516, 28.483817122582426 ], [ 77.028502395477247, 28.482996852318806 ], [ 77.029403683806905, 28.48264915079697 ], [ 77.029161320326651, 28.482127521731737 ], [ 77.028824921117945, 28.481492697473598 ], [ 77.028780604104895, 28.481436058461014 ], [ 77.027889490151281, 28.481750179651058 ], [ 77.02766792670127, 28.481185262503246 ], [ 77.02719299965824, 28.480282999670521 ], [ 77.027989000382178, 28.48003100028437 ], [ 77.028135999880021, 28.480007999660074 ], [ 77.028166999732264, 28.480003999894002 ], [ 77.028410000463211, 28.47997499972935 ], [ 77.028714999641082, 28.479938000282761 ], [ 77.028836999896996, 28.479922999621678 ], [ 77.029220000190534, 28.479871999722508 ], [ 77.02932399983932, 28.479858999867737 ], [ 77.029414999732793, 28.479835000297133 ], [ 77.029445999846914, 28.47982600028676 ], [ 77.029664000493113, 28.479755000148668 ], [ 77.029721000481615, 28.479736999777973 ], [ 77.029913000110199, 28.479673999763431 ], [ 77.030014000309166, 28.479645000303531 ], [ 77.030131999777126, 28.47961099959819 ], [ 77.030405999774644, 28.479531999951739 ], [ 77.03072300043317, 28.47943899981534 ], [ 77.030745000110855, 28.479432999854605 ], [ 77.031015000073225, 28.47933400031706 ], [ 77.031691746069058, 28.479084819985744 ], [ 77.031989999563734, 28.478975000253847 ], [ 77.032298999817712, 28.478893000334754 ], [ 77.032398000184571, 28.478866999598459 ], [ 77.031823000263287, 28.477780000249716 ], [ 77.031637999992697, 28.477418999773583 ], [ 77.031494999949444, 28.477092000118162 ], [ 77.03145599958161, 28.477002999820652 ], [ 77.031357999994086, 28.476747999567937 ], [ 77.031276000514595, 28.476563000381578 ], [ 77.031152999809947, 28.476342999587594 ], [ 77.031079000298746, 28.476231000381677 ], [ 77.03097900006405, 28.476078000340344 ], [ 77.030903999778573, 28.475970999682701 ], [ 77.030837999620104, 28.475876000305089 ], [ 77.03080530645191, 28.475828953511655 ], [ 77.030632999986651, 28.475581000112413 ], [ 77.030566000197993, 28.475491000124492 ], [ 77.030411999950189, 28.475286000310582 ], [ 77.030365999947591, 28.475226000302722 ], [ 77.0301569999029, 28.4749489996587 ], [ 77.030096999768858, 28.474865000213534 ], [ 77.029776000031177, 28.474419999553266 ], [ 77.029669564451368, 28.474241883538905 ], [ 77.029628999640181, 28.474174000325551 ], [ 77.029596654956038, 28.474143465618173 ], [ 77.029497162449573, 28.474049538484397 ], [ 77.029446539666978, 28.474111327753512 ], [ 77.029409676235503, 28.474156321792453 ], [ 77.028941090142098, 28.474318985900588 ], [ 77.028766995175218, 28.47437942056742 ], [ 77.028741319529459, 28.474388333698634 ], [ 77.02861322117549, 28.474026810370916 ], [ 77.028491102725752, 28.473682161048906 ], [ 77.028409000341512, 28.473710000159983 ], [ 77.028363999924281, 28.47364300024255 ], [ 77.028317992311599, 28.473488443435336 ], [ 77.028286757249973, 28.473506970108662 ], [ 77.028257671783663, 28.473450031304612 ], [ 77.028154503241524, 28.473248061044334 ], [ 77.028134000289299, 28.473255000133058 ], [ 77.0280389997925, 28.473161000319514 ], [ 77.028008999896258, 28.473171000181399 ], [ 77.027960999791247, 28.473131000054629 ], [ 77.02759399995864, 28.472635999807153 ], [ 77.027975000444016, 28.472346999622317 ], [ 77.027927718139154, 28.472299061553919 ], [ 77.028051850770908, 28.472242716586027 ], [ 77.028003252253313, 28.472192378055919 ], [ 77.027738025013321, 28.471917651108747 ], [ 77.027596410205021, 28.47177096360409 ], [ 77.027516000341222, 28.471813999658181 ], [ 77.027448999550188, 28.471861999893733 ], [ 77.027388999783227, 28.47190399969756 ], [ 77.027233000076322, 28.472070999737074 ], [ 77.027187999662615, 28.472119000261038 ], [ 77.027168000247812, 28.472180000024395 ], [ 77.026900999651886, 28.472307000138997 ], [ 77.026802000424695, 28.472191999782073 ], [ 77.026115000028, 28.471432999894279 ], [ 77.02596099983954, 28.471178000183503 ], [ 77.026387000171624, 28.47105600000382 ], [ 77.025762000060993, 28.469838999796693 ], [ 77.02576500000616, 28.469807999716004 ], [ 77.025734000435932, 28.470118999890591 ], [ 77.025682000465906, 28.470499000408807 ], [ 77.02566099976633, 28.470832999761715 ], [ 77.024958000107688, 28.471025000175427 ], [ 77.025010000451346, 28.471139000182792 ], [ 77.025054999916108, 28.471248999614883 ], [ 77.025060999936201, 28.471262999661327 ], [ 77.025118999833168, 28.47138700041792 ], [ 77.025251999691832, 28.471691999587282 ], [ 77.02510400033438, 28.471748000008635 ], [ 77.025275000194426, 28.472142000217769 ], [ 77.02499400006991, 28.472248999611388 ], [ 77.024871999946015, 28.472067000101568 ], [ 77.024647999941052, 28.471727999557295 ], [ 77.024503999717311, 28.471496000070324 ], [ 77.024289885907365, 28.471031826292638 ] ] ] ] } },
{ "type": "Feature", "properties": { "OBJECTID": 26168, "MC_Code": 12, "MC_Ward_No": "20", "MC_Name": "Gurugram", "Area": 51333936.749879062, "TotalPopul": 0, "GenPopulat": 0, "BCPopulati": 0, "SCPopulati": 0, "Notificati": "19/45/2023-6C I", "Notifica_1": "2023-12-14", "Remarks": "Updated in GIS Database", "created_us": null, "created_da": null, "last_edite": null, "last_edi_1": null, "Shape_STAr": 51.333936749899998, "Shape_STLe": 33103.425525799998 }, "geometry": { "type": "MultiPolygon", "coordinates": [ [ [ [ 77.129672603972409, 28.440512511325668 ], [ 77.130633031915664, 28.440259338182933 ], [ 77.130860410538659, 28.440199399565611 ], [ 77.131030079053986, 28.440154122346797 ], [ 77.131699098970714, 28.439672616181465 ], [ 77.131746574513031, 28.439654191182846 ], [ 77.132375156048411, 28.439410251450731 ], [ 77.133050726774158, 28.439132878171634 ], [ 77.133609161256985, 28.438883652349929 ], [ 77.133725078391862, 28.438817686187789 ], [ 77.133868495474189, 28.438765336052032 ], [ 77.134404271216127, 28.438653153319642 ], [ 77.134865539953466, 28.438556568576821 ], [ 77.134948735732195, 28.438556098641815 ], [ 77.135025952727133, 28.43856001214165 ], [ 77.135085856080792, 28.43856304773854 ], [ 77.136105604580635, 28.438438774335019 ], [ 77.137420687177382, 28.438039180407308 ], [ 77.137453113796923, 28.438028721026335 ], [ 77.138081930215449, 28.43783824370356 ], [ 77.138363432381368, 28.437764453325833 ], [ 77.138481987554599, 28.437746920158084 ], [ 77.139163078125691, 28.437641789331863 ], [ 77.139844418091485, 28.437544457236385 ], [ 77.141452857203276, 28.437214882082966 ], [ 77.143039404387522, 28.437057225434714 ], [ 77.143697794676555, 28.437306515371862 ], [ 77.143944043184646, 28.437320545490433 ], [ 77.144301224637644, 28.437340414495406 ], [ 77.144400912316357, 28.437355520089863 ], [ 77.144571660642924, 28.437412436312453 ], [ 77.144714428456368, 28.437490958299836 ], [ 77.145074917184218, 28.437555203535986 ], [ 77.145571034541419, 28.437530219437633 ], [ 77.146145673948496, 28.437437420611655 ], [ 77.146341980142836, 28.437433851106395 ], [ 77.146816682152561, 28.437440989177688 ], [ 77.147512674230384, 28.437362467355847 ], [ 77.14794454656851, 28.437194715239666 ], [ 77.148330019822794, 28.436980564318585 ], [ 77.148822568220098, 28.436737859157951 ], [ 77.149194661224328, 28.436580711213839 ], [ 77.149293680632908, 28.436538891729469 ], [ 77.149432899643998, 28.436434477326625 ], [ 77.149632774584688, 28.436273864295107 ], [ 77.149771972476302, 28.436109680959692 ], [ 77.149993262626651, 28.435938359577932 ], [ 77.150246675554868, 28.435756331256258 ], [ 77.150514365092974, 28.435606425098008 ], [ 77.150782053927543, 28.435510056838609 ], [ 77.150892698604864, 28.435452950311316 ], [ 77.15125675656013, 28.435192398778295 ], [ 77.151428077784956, 28.435017508832132 ], [ 77.151735028724445, 28.43474268111331 ], [ 77.151732608481836, 28.434643476595117 ], [ 77.151727889431228, 28.43445000674966 ], [ 77.151809981043385, 28.434253701387014 ], [ 77.151952748813585, 28.434121641766978 ], [ 77.152087516573758, 28.434046880565603 ], [ 77.152441727937315, 28.433850383380719 ], [ 77.152866462120656, 28.433643370027148 ], [ 77.152897401956821, 28.433598149691086 ], [ 77.152959260762472, 28.433507740911487 ], [ 77.153137720361855, 28.433268604418938 ], [ 77.153312611345399, 28.433111560572986 ], [ 77.15340540944284, 28.433065160881348 ], [ 77.153840475579969, 28.432914666787234 ], [ 77.153972911613977, 28.432868855615684 ], [ 77.15409701337974, 28.432788705772825 ], [ 77.15414423302218, 28.432758210501166 ], [ 77.15435481469585, 28.432583320004785 ], [ 77.154604658084722, 28.432469105820896 ], [ 77.154893762300034, 28.432047941288886 ], [ 77.155103188862427, 28.43204709690723 ], [ 77.155778921953697, 28.432044372176009 ], [ 77.155908436254762, 28.431943368090682 ], [ 77.156213629858968, 28.431705357224839 ], [ 77.156320377177423, 28.431606460431897 ], [ 77.156390992909948, 28.431545485020703 ], [ 77.156481213252889, 28.43147967735392 ], [ 77.156535091855545, 28.431450379617342 ], [ 77.156552201680469, 28.431436431976831 ], [ 77.156598657253326, 28.431420771332839 ], [ 77.156644068065361, 28.431401914969896 ], [ 77.156730242409211, 28.431375639686568 ], [ 77.156743454761397, 28.431372855049879 ], [ 77.156756367425217, 28.431369084413742 ], [ 77.157434390687541, 28.431171128035096 ], [ 77.158027532143265, 28.430993973986279 ], [ 77.158112266740972, 28.430968665413321 ], [ 77.158154751214312, 28.430955976314468 ], [ 77.158784307883323, 28.430586128503844 ], [ 77.158817496405987, 28.430554246350791 ], [ 77.158834577034625, 28.430553312163433 ], [ 77.159183137874834, 28.430509298771899 ], [ 77.159465092860344, 28.430473696327976 ], [ 77.159726938999725, 28.430422017311137 ], [ 77.160141014877439, 28.430211200998919 ], [ 77.160396060847177, 28.430081349732216 ], [ 77.160813043418571, 28.429828654681522 ], [ 77.161056003924628, 28.429681416957898 ], [ 77.161454179129592, 28.429583281965691 ], [ 77.161488957629473, 28.429566152131741 ], [ 77.161621774803692, 28.429467666551268 ], [ 77.161914052979782, 28.4293136868292 ], [ 77.162160977957399, 28.429183599589209 ], [ 77.162573628629673, 28.428965575780708 ], [ 77.162756328375551, 28.428874425409429 ], [ 77.163264574582101, 28.428460941216738 ], [ 77.164446308597903, 28.426843188367041 ], [ 77.164951860202407, 28.425924873176701 ], [ 77.165892855393423, 28.424277861491984 ], [ 77.165843740245052, 28.42265954408861 ], [ 77.165417022072774, 28.421497413168865 ], [ 77.165732658105924, 28.420513634727847 ], [ 77.166248521009024, 28.420300558312032 ], [ 77.165736820656974, 28.419538114583435 ], [ 77.165619489752288, 28.419363285707128 ], [ 77.165216455867167, 28.418762745327847 ], [ 77.164833527196919, 28.417917750356104 ], [ 77.164419206957987, 28.416754395842538 ], [ 77.164641898878614, 28.415455978588973 ], [ 77.165711497471676, 28.414865490712454 ], [ 77.167378032853449, 28.414186152650082 ], [ 77.167522374844438, 28.414502042808387 ], [ 77.167619207117795, 28.414502470672577 ], [ 77.168331618122721, 28.414490259228565 ], [ 77.169044027701531, 28.41447804498095 ], [ 77.169756271852165, 28.414457685315185 ], [ 77.169942827231594, 28.414451458739467 ], [ 77.170463030197013, 28.414168615109336 ], [ 77.1711656791541, 28.413678444119444 ], [ 77.171277889126614, 28.413519794504708 ], [ 77.171596649547055, 28.41297141693023 ], [ 77.171914842652328, 28.412423048651192 ], [ 77.17215707821191, 28.412053376766625 ], [ 77.172340305369403, 28.411872837166388 ], [ 77.172794482461413, 28.411322130994598 ], [ 77.172894326472942, 28.411197008273152 ], [ 77.173172995179812, 28.410772724257267 ], [ 77.173256877468319, 28.41063134187802 ], [ 77.173134657189365, 28.410230476602859 ], [ 77.172946580988196, 28.409690801234575 ], [ 77.172840877415894, 28.409410194553356 ], [ 77.173004707108703, 28.409146897314525 ], [ 77.173377969046115, 28.408597579421084 ], [ 77.173727018178241, 28.408079384664028 ], [ 77.173797458286487, 28.408047466574335 ], [ 77.173900229664483, 28.408000458866116 ], [ 77.174605652471328, 28.407648718933597 ], [ 77.17515514695252, 28.40738369993289 ], [ 77.175311358222885, 28.407311006532083 ], [ 77.176158982673286, 28.4069883215234 ], [ 77.176157606952486, 28.406921084788817 ], [ 77.17615458669178, 28.406773462536343 ], [ 77.176149787823675, 28.406569293418375 ], [ 77.176148412083364, 28.406510789306378 ], [ 77.176148213168531, 28.406502307996647 ], [ 77.176145558158069, 28.406413477597209 ], [ 77.176141010165594, 28.406261307710579 ], [ 77.176135363127528, 28.406072350766326 ], [ 77.176131995001981, 28.405959669075148 ], [ 77.176128292606705, 28.405835777822581 ], [ 77.17611092210457, 28.405505904754534 ], [ 77.176107129126862, 28.405433885557951 ], [ 77.176102180001777, 28.405339906191738 ], [ 77.17607072472461, 28.40529386288787 ], [ 77.176048930230735, 28.40525539171761 ], [ 77.175919773975224, 28.405027410941099 ], [ 77.175766124369076, 28.404756194368428 ], [ 77.175698852905285, 28.404600599049449 ], [ 77.175608778459505, 28.404392263049942 ], [ 77.175533131329132, 28.404217295152264 ], [ 77.175496478101977, 28.404147924106731 ], [ 77.175387842505842, 28.403942318035551 ], [ 77.17530693053267, 28.40383851869073 ], [ 77.175195712838899, 28.403695839826714 ], [ 77.175183674965297, 28.403680396773346 ], [ 77.175124554077513, 28.403611071430927 ], [ 77.17481173100056, 28.403244253830106 ], [ 77.174727371623462, 28.403145333847252 ], [ 77.174539958656482, 28.40292103942679 ], [ 77.174483587155336, 28.402792331606801 ], [ 77.174472239904915, 28.402766424997097 ], [ 77.174433704593099, 28.402678441767598 ], [ 77.174402853733881, 28.402608005004893 ], [ 77.174256184097899, 28.402339805034252 ], [ 77.174189130942807, 28.402217190440545 ], [ 77.17418152595269, 28.402082858312347 ], [ 77.174180736052151, 28.40206891476636 ], [ 77.174128277762492, 28.401886680094723 ], [ 77.174084789180569, 28.401735607212906 ], [ 77.174025222586948, 28.401528681240372 ], [ 77.174028573802502, 28.40143338620998 ], [ 77.174031879783897, 28.401339374095436 ], [ 77.173879314099551, 28.401211471777263 ], [ 77.173759451063759, 28.401110986604042 ], [ 77.173675497403138, 28.401032751333382 ], [ 77.17363339628308, 28.400993516554507 ], [ 77.17363233106451, 28.400992523864037 ], [ 77.173622665289798, 28.400981928836288 ], [ 77.17334012077616, 28.400672221608666 ], [ 77.173267245188626, 28.400530165983906 ], [ 77.173229472171329, 28.400456536873254 ], [ 77.17303360619556, 28.400077672309578 ], [ 77.172951270707557, 28.3999184086226 ], [ 77.172838659969131, 28.399624948723282 ], [ 77.172796328618929, 28.399514635323062 ], [ 77.172744302865866, 28.399379056452663 ], [ 77.172688973858655, 28.399228614923345 ], [ 77.172668179662068, 28.399172077131805 ], [ 77.172545885554072, 28.398839555701962 ], [ 77.17250396872852, 28.39871916838565 ], [ 77.172357977242498, 28.398299875170046 ], [ 77.172336723865868, 28.398266276178802 ], [ 77.172303605906379, 28.398213920449791 ], [ 77.1719588157072, 28.39795629840096 ], [ 77.171938264266615, 28.397940942970809 ], [ 77.171656829022993, 28.397816449341871 ], [ 77.171553576932808, 28.397770774647036 ], [ 77.171128359838733, 28.397585164813119 ], [ 77.170834628880186, 28.397456948466527 ], [ 77.170643732627482, 28.397368606276633 ], [ 77.170640215711273, 28.397366978606154 ], [ 77.170171413256298, 28.397000573988901 ], [ 77.170111827561342, 28.39695400284436 ], [ 77.169387304521095, 28.396366212743409 ], [ 77.169354690146378, 28.396341078414359 ], [ 77.169116385461109, 28.396183856152156 ], [ 77.168994889028582, 28.396095453658631 ], [ 77.168394575551602, 28.395728724133633 ], [ 77.167949397801507, 28.395736352308038 ], [ 77.167361761903592, 28.395746419578717 ], [ 77.167237112047843, 28.395748554922879 ], [ 77.16652513359405, 28.395775828522318 ], [ 77.166473946916796, 28.395773484712262 ], [ 77.165888651377742, 28.395746687349245 ], [ 77.165811006166166, 28.395697570850107 ], [ 77.165088758978683, 28.395220108591143 ], [ 77.16498867175099, 28.395168737054249 ], [ 77.164854727672378, 28.395047954722315 ], [ 77.163648402328249, 28.394467786622403 ], [ 77.16292877027044, 28.394118152297516 ], [ 77.162205467740435, 28.393587607694034 ], [ 77.161484166760516, 28.393155275763746 ], [ 77.161332595477489, 28.393059614016813 ], [ 77.161138742699777, 28.392950377145411 ], [ 77.160235859905839, 28.39251297090027 ], [ 77.160044169191821, 28.392418063987765 ], [ 77.159577579254247, 28.392158378957756 ], [ 77.159324847161699, 28.3920824249027 ], [ 77.159188511744233, 28.392037608669831 ], [ 77.159145273409848, 28.392011145912075 ], [ 77.158707702624739, 28.391743346868424 ], [ 77.158622859894024, 28.391723035808365 ], [ 77.158604960320545, 28.39171875013221 ], [ 77.158229657416413, 28.391656601236697 ], [ 77.15789055780283, 28.391625373341167 ], [ 77.157176313532503, 28.391539756553207 ], [ 77.15685951092027, 28.391507229972529 ], [ 77.156460228530705, 28.391363229658431 ], [ 77.155814302620229, 28.391092441318794 ], [ 77.155741620108515, 28.391061970654004 ], [ 77.155499374833056, 28.390987504467898 ], [ 77.15502413366643, 28.390815918596168 ], [ 77.154916986856733, 28.390778301357116 ], [ 77.154633677817671, 28.390459342923624 ], [ 77.154297509030258, 28.390118209693476 ], [ 77.153806122005975, 28.389746383170159 ], [ 77.153575860911815, 28.389666007628833 ], [ 77.152858521755661, 28.38942659587585 ], [ 77.15279556948812, 28.389404819776768 ], [ 77.152498404859003, 28.389300246365465 ], [ 77.152142152191715, 28.389234969273367 ], [ 77.151658543491266, 28.389128279572986 ], [ 77.151425539208446, 28.389031171144055 ], [ 77.150705774453627, 28.388671247640499 ], [ 77.150633636767324, 28.388627232402957 ], [ 77.150628154876387, 28.388355869020863 ], [ 77.150617190338679, 28.387813144041502 ], [ 77.150604913833803, 28.387632529439777 ], [ 77.150606227124726, 28.387270418998884 ], [ 77.150603899370253, 28.386727546743959 ], [ 77.150601528642667, 28.386709276844268 ], [ 77.150573714502528, 28.38649498450706 ], [ 77.150559372358515, 28.386185392137715 ], [ 77.1505911428807, 28.385641939945259 ], [ 77.150595322976343, 28.385310217871567 ], [ 77.150597986334034, 28.385098911951317 ], [ 77.150587023437538, 28.384556186701818 ], [ 77.150558606461558, 28.384225400598947 ], [ 77.150540451122311, 28.384014065997629 ], [ 77.150529489014232, 28.383471340641183 ], [ 77.150525531080064, 28.383275356063717 ], [ 77.150518528229796, 28.382928615221523 ], [ 77.150507567749017, 28.382385889754719 ], [ 77.1505051314317, 28.382265283297947 ], [ 77.150496606533707, 28.381843163354844 ], [ 77.150520451478513, 28.381336532829547 ], [ 77.150557334067216, 28.381322403031938 ], [ 77.150622722135253, 28.381298107845208 ], [ 77.151264189390773, 28.381045905664177 ], [ 77.151577737780514, 28.380944396675083 ], [ 77.151971814398138, 28.380807656721348 ], [ 77.152589161183514, 28.380599799065937 ], [ 77.152679436020634, 28.38056940426484 ], [ 77.153647968712477, 28.380242759053957 ], [ 77.153632966489511, 28.380161072088654 ], [ 77.153532967436902, 28.379619863080634 ], [ 77.153432970588511, 28.379078652985797 ], [ 77.153261756281154, 28.37853865589484 ], [ 77.153072740559665, 28.377998960566799 ], [ 77.152901530163618, 28.377458962749682 ], [ 77.152832322981794, 28.37724068051817 ], [ 77.152676910225566, 28.376919872579158 ], [ 77.152416683575268, 28.376381387753732 ], [ 77.152165095014198, 28.375842755917979 ], [ 77.151858804548255, 28.375214567783392 ], [ 77.151636021377811, 28.374765930084124 ], [ 77.151502769924917, 28.374430602086431 ], [ 77.151235147471354, 28.373980531275873 ], [ 77.150822752367645, 28.373286985899121 ], [ 77.150176720293246, 28.372200510712698 ], [ 77.1501035309484, 28.37207742115945 ], [ 77.149989103671558, 28.37175064787036 ], [ 77.149914542642776, 28.371537720413855 ], [ 77.149707755228206, 28.370998319953785 ], [ 77.149500969091974, 28.370458920846509 ], [ 77.14929418620099, 28.369919519451663 ], [ 77.149087404606391, 28.369380120311671 ], [ 77.148880625236998, 28.368840718900273 ], [ 77.148673850186952, 28.368301317891422 ], [ 77.148449272666809, 28.367762217879633 ], [ 77.148401926439234, 28.367648565936765 ], [ 77.148367463816072, 28.36759369171001 ], [ 77.148135683627245, 28.367224628816015 ], [ 77.148035729951076, 28.366683412624109 ], [ 77.148030538684537, 28.366649195045937 ], [ 77.147953578847378, 28.366141893125246 ], [ 77.14788923212393, 28.365600072138225 ], [ 77.14782488522404, 28.365058251061296 ], [ 77.14783136358524, 28.364847203762704 ], [ 77.147849602187989, 28.364324822013483 ], [ 77.147848908667584, 28.364196957254549 ], [ 77.147607184699254, 28.363976118645311 ], [ 77.147352365723123, 28.363702911546259 ], [ 77.147070554806632, 28.36344231153269 ], [ 77.146830179984349, 28.363190223143071 ], [ 77.146445989605297, 28.362909994408106 ], [ 77.145903128593261, 28.362481855895588 ], [ 77.145765709368106, 28.362378619926993 ], [ 77.145480693560472, 28.362190875947864 ], [ 77.145182254283156, 28.362056731820481 ], [ 77.144463973651071, 28.361760201229423 ], [ 77.144275647722012, 28.361658831198763 ], [ 77.143976242135452, 28.361670807051397 ], [ 77.143751238258048, 28.361739120365918 ], [ 77.143295188713182, 28.36187758062195 ], [ 77.143043247337502, 28.361954071066826 ], [ 77.142991725473195, 28.361969713750874 ], [ 77.142594642774213, 28.362096653843317 ], [ 77.142516545610917, 28.362125976634474 ], [ 77.142335753384174, 28.362193857929444 ], [ 77.142152464170806, 28.362262676061302 ], [ 77.141877844036031, 28.362310619127769 ], [ 77.141626000025767, 28.362321360565815 ], [ 77.141447295745635, 28.362328982547222 ], [ 77.140923532986008, 28.362331318090035 ], [ 77.140913875300683, 28.362330892306574 ], [ 77.140738747557464, 28.362323177055359 ], [ 77.140201683326154, 28.362337139592043 ], [ 77.139489608437884, 28.36234918512864 ], [ 77.138777834467845, 28.362376302036409 ], [ 77.138564540747666, 28.362396419887347 ], [ 77.138098123934412, 28.362402966365039 ], [ 77.138066060916969, 28.362403416130089 ], [ 77.137922875527536, 28.362398395820403 ], [ 77.137732942482089, 28.362409128887723 ], [ 77.137354286747538, 28.362430526523639 ], [ 77.136759296897779, 28.362462743045839 ], [ 77.136423477785044, 28.363079653809173 ], [ 77.136149523755847, 28.363627197163694 ], [ 77.136004567023448, 28.363916176261675 ], [ 77.135822160375014, 28.36417564114306 ], [ 77.135512596103425, 28.364723784762944 ], [ 77.135381344508545, 28.364911790150476 ], [ 77.135060609442945, 28.365274331482979 ], [ 77.134653269050133, 28.365734763286685 ], [ 77.134573013192622, 28.365825478828015 ], [ 77.134384471502457, 28.366041703411344 ], [ 77.134111202760593, 28.36635509438916 ], [ 77.13409253321629, 28.366376504115667 ], [ 77.133877215827226, 28.366651595250438 ], [ 77.133597806789723, 28.366927768054584 ], [ 77.133053226020124, 28.367479871178571 ], [ 77.132939839292703, 28.367597573545744 ], [ 77.132861320410612, 28.367679742928075 ], [ 77.132755319402492, 28.367790673025322 ], [ 77.132497195650203, 28.368060795224768 ], [ 77.132481060884857, 28.36807768047332 ], [ 77.132464555462349, 28.368096691107439 ], [ 77.132200939457448, 28.368400311335645 ], [ 77.131929341162561, 28.368584657077495 ], [ 77.131781467715825, 28.368715639982899 ], [ 77.131526728415963, 28.369045617245252 ], [ 77.131518726656893, 28.369042272025276 ], [ 77.13107190284353, 28.368855487459964 ], [ 77.131040008073882, 28.368842154338225 ], [ 77.130368521987492, 28.369304690009102 ], [ 77.130307431764905, 28.369325402623794 ], [ 77.130111712423741, 28.369391759326152 ], [ 77.130127115229925, 28.369700863859407 ], [ 77.130137084707968, 28.369851390983904 ], [ 77.12998039068286, 28.369969290717997 ], [ 77.12847240440216, 28.368730876013668 ], [ 77.128331723509959, 28.367458507551031 ], [ 77.128270408705546, 28.367398489715438 ], [ 77.126571109925308, 28.367779385218689 ], [ 77.1249203820677, 28.368074895716266 ], [ 77.122491964931541, 28.367890738611557 ], [ 77.121765915358395, 28.367251940323932 ], [ 77.120858129941666, 28.369382838284821 ], [ 77.121168896706649, 28.370138977339295 ], [ 77.120119033142785, 28.370649631144389 ], [ 77.118214559431635, 28.370173666402618 ], [ 77.118426439829179, 28.369515734697405 ], [ 77.117518326002468, 28.369354309780491 ], [ 77.117085115890873, 28.369277300984134 ], [ 77.117048335205212, 28.368533664151858 ], [ 77.11713687144605, 28.36741687174511 ], [ 77.117140460871681, 28.36710084776826 ], [ 77.116996733850527, 28.366947468292555 ], [ 77.116862688663957, 28.366728586199887 ], [ 77.116765614433163, 28.366569008144292 ], [ 77.116698600334189, 28.366788813536882 ], [ 77.116579344266881, 28.36722960515932 ], [ 77.116540015098934, 28.367333610761079 ], [ 77.116347767997411, 28.367878606665627 ], [ 77.116273873434068, 28.368078935223057 ], [ 77.116146719135457, 28.368423654198054 ], [ 77.115956265050968, 28.368939975157456 ], [ 77.115945668386729, 28.368968701503 ], [ 77.115744615751197, 28.369513748580513 ], [ 77.115644208108918, 28.369802568716928 ], [ 77.115468379370242, 28.370059238940026 ], [ 77.115116715490402, 28.370557572038614 ], [ 77.114967256392561, 28.370696700353374 ], [ 77.114364841347879, 28.371153470649563 ], [ 77.113707617983479, 28.371653456297349 ], [ 77.113641765646776, 28.371701592657967 ], [ 77.112979341920891, 28.372249353458731 ], [ 77.112436522371453, 28.37279640843828 ], [ 77.112331393923682, 28.372912102361486 ], [ 77.112250052067409, 28.373001617789413 ], [ 77.111979134619602, 28.373342959283292 ], [ 77.111573004513033, 28.373889207062586 ], [ 77.111455211283683, 28.374037614336906 ], [ 77.111352287747792, 28.37416728587224 ], [ 77.110890936800729, 28.374089608512868 ], [ 77.110206884214151, 28.374018087628752 ], [ 77.109994067120539, 28.373989262745642 ], [ 77.109350035472588, 28.373902255259193 ], [ 77.108839002437065, 28.373905249633815 ], [ 77.108741700580083, 28.373902359348438 ], [ 77.108336242540886, 28.373885975992085 ], [ 77.10815528186022, 28.373879037887292 ], [ 77.108095341963335, 28.373878227363679 ], [ 77.10757912474287, 28.373871249618603 ], [ 77.107574221247503, 28.373871182895407 ], [ 77.10747170384191, 28.373872462694841 ], [ 77.107106870147263, 28.373872176758866 ], [ 77.106788169592178, 28.373871925479289 ], [ 77.106549048527356, 28.3738655822205 ], [ 77.106422011460637, 28.373868536978463 ], [ 77.10610466753306, 28.373875916803666 ], [ 77.105737818984053, 28.373902394787603 ], [ 77.105533901492592, 28.373917112312462 ], [ 77.105421494187695, 28.373925225253981 ], [ 77.105054382306605, 28.373978942731199 ], [ 77.104738684721326, 28.374025137158277 ], [ 77.104441824102068, 28.37405509640719 ], [ 77.104371682111946, 28.374097036976199 ], [ 77.104057032118348, 28.374285176791137 ], [ 77.104053987971724, 28.37428704833977 ], [ 77.103742039717446, 28.374478872425144 ], [ 77.103693995418951, 28.374498174542627 ], [ 77.103655691556028, 28.374513563481639 ], [ 77.103375740114529, 28.374595820061479 ], [ 77.103013266988768, 28.374727939256264 ], [ 77.102814572875204, 28.374800361014255 ], [ 77.102693986996783, 28.374843011587881 ], [ 77.102670567780834, 28.374852127549399 ], [ 77.102332993816205, 28.374983525969341 ], [ 77.102012360547448, 28.375108328670247 ], [ 77.10178096885592, 28.375194794897027 ], [ 77.101652780774785, 28.375242696191069 ], [ 77.101330655666715, 28.375363067279061 ], [ 77.101201198146796, 28.375418377043836 ], [ 77.10097281340046, 28.375515952165955 ], [ 77.100814459671028, 28.375583606379379 ], [ 77.100293538835516, 28.375828637503538 ], [ 77.100104010727577, 28.37591778709966 ], [ 77.099968015632328, 28.375981303176271 ], [ 77.099967804587379, 28.375981362374471 ], [ 77.099613202315695, 28.376081462618913 ], [ 77.099285852685824, 28.376173868252554 ], [ 77.099169014451078, 28.376219900510943 ], [ 77.098954913349147, 28.37630425310785 ], [ 77.098932487793704, 28.376313088753136 ], [ 77.098604231429533, 28.376442416314259 ], [ 77.098328603871536, 28.376549921463006 ], [ 77.098252387547987, 28.376579648177472 ], [ 77.09807887800072, 28.376647323382574 ], [ 77.097922443743286, 28.376688074734478 ], [ 77.097571037657389, 28.376775688969566 ], [ 77.097240110052368, 28.376858196536489 ], [ 77.097053307104957, 28.376911439944276 ], [ 77.096889391742593, 28.376955107970598 ], [ 77.096557883437384, 28.377043422234159 ], [ 77.096207075333652, 28.377096672397208 ], [ 77.096073813128626, 28.377116900417008 ], [ 77.095931136464216, 28.37713855717541 ], [ 77.095526535960502, 28.377339037061141 ], [ 77.095035145995141, 28.377546253646816 ], [ 77.094846834174149, 28.377629107067104 ], [ 77.094166458148237, 28.377881114146209 ], [ 77.094033363404677, 28.37793205804908 ], [ 77.093436245078152, 28.378160614853591 ], [ 77.093357550545136, 28.378190736127124 ], [ 77.093293031202379, 28.378222083317677 ], [ 77.093199670101868, 28.378258381730344 ], [ 77.093148908480188, 28.378278117226589 ], [ 77.093046528939453, 28.378347757768061 ], [ 77.092806657442409, 28.378439745467379 ], [ 77.092572072562376, 28.378529706097982 ], [ 77.09245117067212, 28.378580814050139 ], [ 77.092037010262402, 28.378755889846765 ], [ 77.091889034256582, 28.378822355026738 ], [ 77.091880627843707, 28.378826131391577 ], [ 77.091785982722826, 28.378868642298933 ], [ 77.091726729924474, 28.378899196865447 ], [ 77.091720406337458, 28.378901800675045 ], [ 77.091658956710262, 28.378927098476961 ], [ 77.091642141672963, 28.378934020471714 ], [ 77.091628448319227, 28.378940455997622 ], [ 77.09144732177765, 28.379025577676089 ], [ 77.091238854309566, 28.379112145674778 ], [ 77.090767460621109, 28.379307894672014 ], [ 77.090420063277705, 28.379421723851173 ], [ 77.090410019027857, 28.379426947359864 ], [ 77.090364024569197, 28.379450868692903 ], [ 77.09026121185525, 28.379483858699437 ], [ 77.090185760248929, 28.37950806859893 ], [ 77.089964661284171, 28.379579011246037 ], [ 77.089740830544017, 28.379650830118869 ], [ 77.089634280719224, 28.379672664408638 ], [ 77.089622497840793, 28.37967507844802 ], [ 77.089213078552334, 28.379758973042101 ], [ 77.089058248579221, 28.379790699782163 ], [ 77.088820698320276, 28.379841510632058 ], [ 77.088722715608384, 28.379862468430336 ], [ 77.088659596879396, 28.379875969745118 ], [ 77.088374916485918, 28.379824817808128 ], [ 77.088152765073204, 28.379826326243958 ], [ 77.088036348825582, 28.379775435936299 ], [ 77.087754517043876, 28.379652234285988 ], [ 77.087722908376804, 28.379642486028398 ], [ 77.087603096286287, 28.379625150685531 ], [ 77.087348502220365, 28.379604108921384 ], [ 77.087153173620337, 28.379587965364099 ], [ 77.087006006039744, 28.37957580214562 ], [ 77.08666401992518, 28.379547536317389 ], [ 77.086662670972643, 28.37954742523538 ], [ 77.08632203393482, 28.379519269620541 ], [ 77.086319755017243, 28.379519081639099 ], [ 77.086151889194255, 28.379505205974301 ], [ 77.085976840189048, 28.379490736251739 ], [ 77.085638061289089, 28.379462732734439 ], [ 77.085586775503856, 28.379457982833365 ], [ 77.085291452006345, 28.379459190907717 ], [ 77.085091251273695, 28.379460010026239 ], [ 77.085034586645861, 28.37942298668181 ], [ 77.08482056718546, 28.379303179607099 ], [ 77.084662655516922, 28.379223735706308 ], [ 77.084601928566485, 28.379191989010064 ], [ 77.084267777875368, 28.379017300985829 ], [ 77.084094642693984, 28.378929003524078 ], [ 77.084045761213574, 28.37890407489266 ], [ 77.083764124217169, 28.378760442438509 ], [ 77.083764105388994, 28.378762036277024 ], [ 77.083714964618409, 28.378774401111059 ], [ 77.083707125096993, 28.378934294757691 ], [ 77.083701825195192, 28.379011491570736 ], [ 77.083715851617683, 28.379110610465482 ], [ 77.083732972733202, 28.379231599208531 ], [ 77.083768049505025, 28.379479462576931 ], [ 77.083815728055001, 28.37977647458013 ], [ 77.083831404452496, 28.379874128057605 ], [ 77.083855505432908, 28.380024268703508 ], [ 77.083872449250308, 28.380160536901904 ], [ 77.083892575271975, 28.3803213707228 ], [ 77.083912543018315, 28.380480941861492 ], [ 77.083942395302032, 28.3806846401047 ], [ 77.083943398485374, 28.380691486228493 ], [ 77.083952325573762, 28.3807821314936 ], [ 77.083960614817428, 28.380866298617445 ], [ 77.083985060808757, 28.381114498610547 ], [ 77.084005883579451, 28.381411304948056 ], [ 77.084019077120942, 28.381599366686963 ], [ 77.084028871430277, 28.381659899883861 ], [ 77.084036725614851, 28.381704860227909 ], [ 77.084080637938499, 28.381956208442979 ], [ 77.084124033542579, 28.38220460031425 ], [ 77.084129650899939, 28.382254860980158 ], [ 77.08415717255042, 28.382501105348542 ], [ 77.084168097035956, 28.382598854886979 ], [ 77.08418496306939, 28.382749767491884 ], [ 77.084188422030579, 28.382946886993995 ], [ 77.084189752012463, 28.383022701913919 ], [ 77.084190163847111, 28.383046154898693 ], [ 77.084194541027131, 28.383295636324299 ], [ 77.084217730274432, 28.383522181851177 ], [ 77.084237059716457, 28.383591155880303 ], [ 77.084306824552414, 28.383840101544681 ], [ 77.084367824725632, 28.384135861603323 ], [ 77.084408319342472, 28.384332203209304 ], [ 77.084419108404632, 28.384384567489096 ], [ 77.08443451640008, 28.384441775284891 ], [ 77.08447835944753, 28.384604554166447 ], [ 77.084519195670367, 28.38475617095613 ], [ 77.084565629023189, 28.384928565292782 ], [ 77.084601387717143, 28.385061326650494 ], [ 77.084629129751391, 28.385225274047517 ], [ 77.084666354701454, 28.385445263789258 ], [ 77.084671068999924, 28.385473124764687 ], [ 77.084726698502081, 28.385770095558758 ], [ 77.084773086848813, 28.386017730134981 ], [ 77.084811049372632, 28.386229544050767 ], [ 77.084825720294944, 28.386314911830514 ], [ 77.084827032991086, 28.38632255087818 ], [ 77.084868259130076, 28.386562428396918 ], [ 77.084882446713877, 28.386689359439284 ], [ 77.085012380596908, 28.389668221171181 ], [ 77.085023023830516, 28.389940778669331 ], [ 77.085031141505553, 28.39051503624232 ], [ 77.085064215810092, 28.390675392498249 ], [ 77.085070727662242, 28.390706965243012 ], [ 77.085116116807711, 28.390927032648449 ], [ 77.085122979480843, 28.390966307878088 ], [ 77.085167343211083, 28.391220193821699 ], [ 77.08521129690682, 28.391471729980811 ], [ 77.085228442177112, 28.391516995473911 ], [ 77.085262759733169, 28.391607600932488 ], [ 77.085217409249211, 28.391643004078723 ], [ 77.085240592050198, 28.39174214929259 ], [ 77.085261416277319, 28.391831211676532 ], [ 77.085263808454286, 28.391834982058963 ], [ 77.08544149193969, 28.392115015070623 ], [ 77.08544685011509, 28.392123458413312 ], [ 77.085452207271274, 28.392131901771386 ], [ 77.085462922588704, 28.39214878756901 ], [ 77.085483856361279, 28.392181780823968 ], [ 77.085557287812549, 28.392297511404379 ], [ 77.08556729142397, 28.392313276545728 ], [ 77.085609354897215, 28.392379568616267 ], [ 77.085625600171099, 28.392405172123784 ], [ 77.085688273883065, 28.392531330660546 ], [ 77.085701295400241, 28.392557542980274 ], [ 77.085721863364526, 28.392598943555651 ], [ 77.085724262034532, 28.392603773185535 ], [ 77.085772885635322, 28.392603511313219 ], [ 77.085804676265994, 28.392603340279543 ], [ 77.08618769978159, 28.393257680327146 ], [ 77.086216881008596, 28.393397148680972 ], [ 77.086221303783617, 28.393406956227711 ], [ 77.086232340419201, 28.393442523750981 ], [ 77.086248529902349, 28.393494694044392 ], [ 77.086254265507534, 28.393513177405019 ], [ 77.086261309237557, 28.393535877249889 ], [ 77.086293907216685, 28.393640923713942 ], [ 77.086331801728136, 28.393744952392925 ], [ 77.086411843071744, 28.393966290285512 ], [ 77.086539179530405, 28.394376376678022 ], [ 77.086651126419966, 28.394737275308639 ], [ 77.086660992705205, 28.39476908168082 ], [ 77.086671808845168, 28.394769215539228 ], [ 77.086692263246064, 28.394769467913825 ], [ 77.086716403114266, 28.39483026908243 ], [ 77.086834184446602, 28.395126932033197 ], [ 77.086979485870586, 28.395492910136511 ], [ 77.086991074537309, 28.395522097637468 ], [ 77.087112719648005, 28.395828484302253 ], [ 77.087136455235651, 28.395877899432278 ], [ 77.087144817085047, 28.395895306596081 ], [ 77.08717170459029, 28.395894779027277 ], [ 77.087267705454593, 28.396119250926301 ], [ 77.087289071139907, 28.396169209464237 ], [ 77.087414034778575, 28.396484880594791 ], [ 77.087487829485383, 28.396651663618346 ], [ 77.087537373822229, 28.396742417502722 ], [ 77.08761746923669, 28.396788756036294 ], [ 77.087686796687208, 28.396897854495762 ], [ 77.087861843054284, 28.397166982179908 ], [ 77.0878881179096, 28.39720737806028 ], [ 77.087998598449943, 28.397377238357034 ], [ 77.088038791645019, 28.397439033811207 ], [ 77.088171114923256, 28.397679888637899 ], [ 77.08822174655063, 28.397751358643312 ], [ 77.088266810560725, 28.397814968841079 ], [ 77.088383941792088, 28.397980306184223 ], [ 77.088585425213722, 28.39829522928477 ], [ 77.088613554444578, 28.398339195115678 ], [ 77.088708551936975, 28.398521858266676 ], [ 77.088868231554784, 28.398795830185769 ], [ 77.088893566418761, 28.398839298304615 ], [ 77.088954592615806, 28.398944005279091 ], [ 77.088959887476406, 28.398953089187536 ], [ 77.088984912005145, 28.398995819415262 ], [ 77.088975742749014, 28.398998299856629 ], [ 77.089000925791453, 28.399035949244119 ], [ 77.089007580490843, 28.399059261239778 ], [ 77.089017360413706, 28.399071469746403 ], [ 77.089029074534864, 28.399086091231954 ], [ 77.089061431190643, 28.399126479266243 ], [ 77.089061707363882, 28.399126824237527 ], [ 77.089108981353831, 28.399185833427513 ], [ 77.088824945779464, 28.399205545784945 ], [ 77.088784391245767, 28.399208360548428 ], [ 77.088421962138924, 28.399231946353215 ], [ 77.088265612819129, 28.399339836475015 ], [ 77.088037109237234, 28.399497518016698 ], [ 77.087915275773383, 28.399580845413457 ], [ 77.087722203307024, 28.399726978186742 ], [ 77.087710760399659, 28.399735655528517 ], [ 77.087583030039355, 28.399832513503288 ], [ 77.087570684152126, 28.399841876022716 ], [ 77.087512706871024, 28.399905181926865 ], [ 77.087512687634486, 28.399961766574396 ], [ 77.087505557229434, 28.399968101170355 ], [ 77.087466360396093, 28.40000291541244 ], [ 77.08744338334148, 28.400023324994851 ], [ 77.087268157594394, 28.400186370588806 ], [ 77.087160669326735, 28.40028638744754 ], [ 77.087152685461675, 28.400294893520787 ], [ 77.087081024449191, 28.400371236748708 ], [ 77.086974959712293, 28.400484232665612 ], [ 77.086782116127011, 28.400689675551785 ], [ 77.086771169238318, 28.400701332889046 ], [ 77.086580699732579, 28.400852735479045 ], [ 77.086428651696096, 28.400973595724896 ], [ 77.086383509316406, 28.401009479821543 ], [ 77.086377721434971, 28.401014080236127 ], [ 77.086360909108251, 28.401028935996095 ], [ 77.08629707597126, 28.401091203210562 ], [ 77.085995357320513, 28.401346169078323 ], [ 77.085907345081068, 28.401405514758604 ], [ 77.085959205206706, 28.401712010073783 ], [ 77.0860519010904, 28.402106680618616 ], [ 77.086039389264982, 28.402140718423059 ], [ 77.086043911171473, 28.402158272885366 ], [ 77.08617246886854, 28.402657326900897 ], [ 77.086246915886647, 28.403005396273471 ], [ 77.086248347939303, 28.403014211013421 ], [ 77.086251981303789, 28.40303656873408 ], [ 77.086277751999305, 28.403043688629655 ], [ 77.086282960546882, 28.40308893369874 ], [ 77.086300542461899, 28.403234922973088 ], [ 77.086324506278956, 28.403433898605147 ], [ 77.086338989684549, 28.403496762445236 ], [ 77.086335498805397, 28.403635862128439 ], [ 77.086333756434939, 28.403705308152318 ], [ 77.086332875192809, 28.403740429252988 ], [ 77.086383951575442, 28.403777735585312 ], [ 77.086564668273695, 28.403909733649364 ], [ 77.086665116474862, 28.40400154568492 ], [ 77.086702108761685, 28.404035357275031 ], [ 77.086880292245525, 28.404198220564219 ], [ 77.086993288636407, 28.404301500131677 ], [ 77.087058477278504, 28.404361082670032 ], [ 77.087069321817225, 28.404370995653775 ], [ 77.087080167360511, 28.404380907718807 ], [ 77.087133943176781, 28.404430059877328 ], [ 77.087212200551278, 28.404547714626212 ], [ 77.087221028087399, 28.404560986367866 ], [ 77.087260199308517, 28.404636578208027 ], [ 77.087362934023886, 28.404834833267603 ], [ 77.087427688449623, 28.40492845063492 ], [ 77.08811619063512, 28.40616835179474 ], [ 77.088178713820895, 28.406317900560897 ], [ 77.088214366775588, 28.406403177656266 ], [ 77.088217301950792, 28.406408852608418 ], [ 77.088279774468432, 28.406529638018391 ], [ 77.088301566101833, 28.406571769975056 ], [ 77.088371756005316, 28.406707474554199 ], [ 77.088372653445106, 28.406709210437057 ], [ 77.088459700525732, 28.406877506287945 ], [ 77.088499611657255, 28.406954669950846 ], [ 77.08854910607748, 28.407050363341114 ], [ 77.088704102113411, 28.407408019668004 ], [ 77.08862102737595, 28.407557297691234 ], [ 77.088602646194886, 28.407588607715084 ], [ 77.088414588905607, 28.407775607917102 ], [ 77.088388636169313, 28.407796309679256 ], [ 77.088122722826228, 28.408109510139386 ], [ 77.087936514356471, 28.408328831367704 ], [ 77.087800501260887, 28.40846442549913 ], [ 77.087751921266346, 28.408512854904249 ], [ 77.087750487023655, 28.408612679024088 ], [ 77.087749253866633, 28.408698509191463 ], [ 77.087770698168043, 28.408699403031367 ], [ 77.087780395385906, 28.40874101487945 ], [ 77.08780854098525, 28.408874276589135 ], [ 77.087809183399798, 28.40887731847025 ], [ 77.087821791999161, 28.408937018300154 ], [ 77.087810098719771, 28.408953686176257 ], [ 77.087654428132467, 28.409175576064854 ], [ 77.087632972479398, 28.409206158903409 ], [ 77.087476933814784, 28.40942857129718 ], [ 77.087259177186382, 28.409756459270952 ], [ 77.087144865029572, 28.409928583642184 ], [ 77.087127233679055, 28.409955132046047 ], [ 77.087110528187011, 28.40998028566549 ], [ 77.086904333734083, 28.410278878990685 ], [ 77.086844468120646, 28.410365570915445 ], [ 77.08652630969155, 28.410533540975042 ], [ 77.086473245814005, 28.410578378773359 ], [ 77.086136639798639, 28.410862803196697 ], [ 77.085852032885327, 28.411058384659977 ], [ 77.085835054441731, 28.411070052247862 ], [ 77.085831853114001, 28.411072252488619 ], [ 77.085798709631348, 28.411079757974356 ], [ 77.085173207521493, 28.411354289380132 ], [ 77.085120178409468, 28.411377563687804 ], [ 77.085000332744215, 28.411424779988579 ], [ 77.084993757806686, 28.411427370257766 ], [ 77.084475955240947, 28.411631370312858 ], [ 77.084441050810668, 28.411645121410022 ], [ 77.083918011401465, 28.41183291224268 ], [ 77.083916252341368, 28.411832622445683 ], [ 77.083845387899686, 28.411820930852045 ], [ 77.083975315660368, 28.412010620227917 ], [ 77.083991360525189, 28.412180051821512 ], [ 77.08407014529908, 28.412595635899773 ], [ 77.084088914721136, 28.412675811679701 ], [ 77.084080574371839, 28.412844815265213 ], [ 77.084097984179209, 28.412913410388342 ], [ 77.084104398198164, 28.412963256156107 ], [ 77.084110812224694, 28.413013101922914 ], [ 77.084144766664608, 28.413276981263824 ], [ 77.084192750261025, 28.41339232986989 ], [ 77.084263164659674, 28.41380117861609 ], [ 77.084263761082781, 28.413831263628037 ], [ 77.084268934635332, 28.414092057170951 ], [ 77.084272851041618, 28.414120052950459 ], [ 77.084303935896457, 28.414342273299926 ], [ 77.084306457797354, 28.414360298751195 ], [ 77.084310629465691, 28.414390122381921 ], [ 77.084370986694694, 28.414493897431175 ], [ 77.08437186848036, 28.414496344627 ], [ 77.084407403567738, 28.414594977363482 ], [ 77.084507597304395, 28.414728777002917 ], [ 77.084529566266212, 28.414766549369812 ], [ 77.084542808254625, 28.414880507784723 ], [ 77.084548665016982, 28.414930907057041 ], [ 77.084724892978912, 28.415419561783104 ], [ 77.084743631183287, 28.415471519729589 ], [ 77.084741175631336, 28.415496580284813 ], [ 77.084743652916188, 28.415501018883024 ], [ 77.084760832502752, 28.415604904522752 ], [ 77.084766549740849, 28.415639475159647 ], [ 77.087675187180409, 28.41647170955277 ], [ 77.0878866623421, 28.417009741984561 ], [ 77.088383111295883, 28.418225698955141 ], [ 77.089339130416576, 28.418778048225352 ], [ 77.089975032643039, 28.418499697842087 ], [ 77.090553405575932, 28.418729560896203 ], [ 77.091159486906648, 28.419089346410747 ], [ 77.091680517382201, 28.419398638865374 ], [ 77.092824771686949, 28.419723502785867 ], [ 77.093026268849002, 28.419780708050244 ], [ 77.09313471142795, 28.419811495027933 ], [ 77.093557999631798, 28.419965999959665 ], [ 77.093898000349682, 28.420112999610158 ], [ 77.094313000265856, 28.420264000382073 ], [ 77.094684000494027, 28.420283000220703 ], [ 77.094953521216183, 28.420383730469478 ], [ 77.095662915260874, 28.421068284403688 ], [ 77.096462609445837, 28.422249693649459 ], [ 77.096614057720814, 28.422817716174389 ], [ 77.096827133562044, 28.423616862063366 ], [ 77.097733399712368, 28.425065208242358 ], [ 77.098893781943929, 28.425703864819049 ], [ 77.101274422162959, 28.42659226400983 ], [ 77.102714858278674, 28.427733893765073 ], [ 77.104009703114315, 28.428340584395464 ], [ 77.104653481626542, 28.429319793918118 ], [ 77.104618438479108, 28.429354786245671 ], [ 77.104926341395014, 28.429734817749583 ], [ 77.105108750755861, 28.429971148048566 ], [ 77.105328871802541, 28.430256338206696 ], [ 77.105431277659406, 28.430389015317012 ], [ 77.105421434231857, 28.430677039423919 ], [ 77.105740393970123, 28.43050929354715 ], [ 77.105648056261458, 28.430342274946007 ], [ 77.105995126339678, 28.430204104380579 ], [ 77.106069304824146, 28.43030849463144 ], [ 77.106174763938711, 28.43051936193848 ], [ 77.106281283135274, 28.430693438886131 ], [ 77.106586007570684, 28.430638569998116 ], [ 77.106682756548139, 28.430792852591047 ], [ 77.106853718397304, 28.430755403519218 ], [ 77.106920366054197, 28.430941870013445 ], [ 77.106859679538644, 28.431024166123738 ], [ 77.106898434432082, 28.431122575000678 ], [ 77.106951460362581, 28.431236052995441 ], [ 77.10686179708064, 28.431272195678897 ], [ 77.106852474498226, 28.431342113219081 ], [ 77.107061675233865, 28.431339787199061 ], [ 77.107164155739397, 28.431284553683234 ], [ 77.107402330658843, 28.431159061579198 ], [ 77.107688747810769, 28.431014776035674 ], [ 77.107878111403039, 28.431171833465513 ], [ 77.10801584595815, 28.431123613002626 ], [ 77.10813586233985, 28.43131792078653 ], [ 77.108284520548295, 28.431277334222322 ], [ 77.108173645242559, 28.431032892810745 ], [ 77.108459307595652, 28.430934216957155 ], [ 77.108705915737985, 28.431307443204332 ], [ 77.108737265534117, 28.431321173697654 ], [ 77.108995832362837, 28.431318312484212 ], [ 77.109181309108564, 28.43112944549075 ], [ 77.109268179796544, 28.431203743618251 ], [ 77.109371288918979, 28.431186183905552 ], [ 77.109433564487958, 28.431314162362199 ], [ 77.109453368477133, 28.431354859317807 ], [ 77.109355686160995, 28.431395239874856 ], [ 77.109446141542534, 28.431534081445207 ], [ 77.109814431860528, 28.431377541749264 ], [ 77.109976321535427, 28.431657885932289 ], [ 77.110185187879836, 28.431542509322249 ], [ 77.110626334754357, 28.43147091864979 ], [ 77.111080317444475, 28.431940829209292 ], [ 77.11108034454972, 28.431940857663513 ], [ 77.111576793976894, 28.432454718087978 ], [ 77.111806960426691, 28.432404292417598 ], [ 77.112868109852215, 28.433081548124481 ], [ 77.113086349594667, 28.433145331686795 ], [ 77.113300999558405, 28.433319999888784 ], [ 77.113861695919155, 28.43337193285549 ], [ 77.11525922358328, 28.433780356600984 ], [ 77.117894008845155, 28.433798734594014 ], [ 77.117967077004295, 28.433793744311004 ], [ 77.118083923379189, 28.433795690927521 ], [ 77.120098842068614, 28.433991580661434 ], [ 77.120647111907289, 28.434506728760496 ], [ 77.121001767632606, 28.435114739646572 ], [ 77.121595476502762, 28.435910478829143 ], [ 77.122818970585286, 28.438468620068129 ], [ 77.123036615934382, 28.439307031015037 ], [ 77.123094100485091, 28.439528470980015 ], [ 77.123302545877507, 28.440331426949559 ], [ 77.123419591715916, 28.440780621954726 ], [ 77.123878394263642, 28.442641263931723 ], [ 77.124161195489393, 28.44256109700947 ], [ 77.124225424544974, 28.442542889385898 ], [ 77.124937371672118, 28.442266067999462 ], [ 77.124989095436774, 28.442245957437791 ], [ 77.125625267763198, 28.442371691338899 ], [ 77.125959626005752, 28.442496430052042 ], [ 77.126396945119382, 28.442262285810937 ], [ 77.12659055301603, 28.442055711136128 ], [ 77.126969971684801, 28.441614118796792 ], [ 77.127019184825699, 28.441556841899253 ], [ 77.127298094708593, 28.441424935778315 ], [ 77.127439725177069, 28.441357953673663 ], [ 77.127643163466345, 28.441261739351265 ], [ 77.128025572954755, 28.441087514447968 ], [ 77.128317797239561, 28.440954375715933 ], [ 77.128993872818953, 28.440692028747836 ], [ 77.129002575323483, 28.440688649592349 ], [ 77.129672603972409, 28.440512511325668 ] ] ] ] } },
{ "type": "Feature", "properties": { "OBJECTID": 26169, "MC_Code": 12, "MC_Ward_No": "33", "MC_Name": "Gurugram", "Area": 1919553.6777295901, "TotalPopul": 0, "GenPopulat": 0, "BCPopulati": 0, "SCPopulati": 0, "Notificati": "19/45/2023-6C I", "Notifica_1": "2023-12-14", "Remarks": "Updated in GIS Database", "created_us": null, "created_da": null, "last_edite": null, "last_edi_1": null, "Shape_STAr": 1.91955367773, "Shape_STLe": 6122.6086744699996 }, "geometry": { "type": "MultiPolygon", "coordinates": [ [ [ [ 77.014537704520521, 28.480760888039658 ], [ 77.014541430891526, 28.480752856853787 ], [ 77.014676383934571, 28.48046573986737 ], [ 77.014854177834081, 28.480087339388671 ], [ 77.015031936173116, 28.479709011419878 ], [ 77.015337091674809, 28.479059536667656 ], [ 77.01550275754596, 28.478706938655254 ], [ 77.015612072050516, 28.478460151161279 ], [ 77.015712557036849, 28.478233298607954 ], [ 77.016135486094143, 28.477284187007999 ], [ 77.016136239322492, 28.477282496545168 ], [ 77.016181636841708, 28.477180618175471 ], [ 77.016462340449038, 28.476642565385045 ], [ 77.016462544417081, 28.476642174344818 ], [ 77.016859481851299, 28.475881313989927 ], [ 77.016982708682534, 28.475618922152989 ], [ 77.016989329006762, 28.475604824719369 ], [ 77.017241929838747, 28.475064250268645 ], [ 77.017242191851551, 28.475063689624797 ], [ 77.017421092053141, 28.474680833755336 ], [ 77.017585810931806, 28.474313749333014 ], [ 77.017586040176298, 28.474313237902333 ], [ 77.017730669905276, 28.47399091974928 ], [ 77.017833674529811, 28.47376011036722 ], [ 77.017833958577469, 28.473759473597102 ], [ 77.017903311450667, 28.473604069420094 ], [ 77.017933258387416, 28.47353696670449 ], [ 77.017862359013563, 28.473506314637195 ], [ 77.017810568192189, 28.47348724405024 ], [ 77.017728989447278, 28.473457204301432 ], [ 77.014172711011838, 28.472147627685764 ], [ 77.010244898740595, 28.470698469420153 ], [ 77.005487586155269, 28.468943056269737 ], [ 77.005468696839685, 28.468981998475645 ], [ 77.005103024989424, 28.469735855656374 ], [ 77.004853035185889, 28.470251219550498 ], [ 77.004048669702541, 28.472090861892315 ], [ 77.003879850297366, 28.472476955162701 ], [ 77.003865653671397, 28.472509424828708 ], [ 77.003530269686721, 28.473276446710212 ], [ 77.003146462146745, 28.474154199399159 ], [ 77.002585006603383, 28.475438201010512 ], [ 77.002179982954658, 28.476364437424017 ], [ 77.002232019485817, 28.476382840844529 ], [ 77.002202999914587, 28.476447000429125 ], [ 77.002469000372372, 28.476550999792309 ], [ 77.003231999698585, 28.476820000248203 ], [ 77.00345359921883, 28.476897336437016 ], [ 77.003046996161089, 28.476916483723929 ], [ 77.00287649861319, 28.476927108977502 ], [ 77.001943148474226, 28.476985269670205 ], [ 77.001130591899596, 28.477025883392081 ], [ 77.000843577637738, 28.477156311875682 ], [ 77.000839511125974, 28.477158160214675 ], [ 77.000804811035252, 28.477173929021063 ], [ 77.00119361858674, 28.477588408146907 ], [ 77.001497787233788, 28.477956381831607 ], [ 77.001796195840967, 28.4783053392235 ], [ 77.002107101915996, 28.478686627590925 ], [ 77.002219409168916, 28.47882435799761 ], [ 77.002639160485373, 28.479302838857269 ], [ 77.002998403350347, 28.479724910687661 ], [ 77.003138875886947, 28.479892082614139 ], [ 77.003432388600288, 28.480241378792858 ], [ 77.003750866714668, 28.480617616263032 ], [ 77.003869840227651, 28.480758165096052 ], [ 77.004043191475688, 28.48096295264514 ], [ 77.004424777776507, 28.481422889618472 ], [ 77.004858687998507, 28.481934579261232 ], [ 77.00529594483595, 28.482430197417294 ], [ 77.005746964419075, 28.482973064329421 ], [ 77.006045042107701, 28.483331843665152 ], [ 77.006066826056681, 28.483358063338095 ], [ 77.006139239688878, 28.483445222128051 ], [ 77.006231318009981, 28.483556049237134 ], [ 77.006309664973116, 28.483650350071734 ], [ 77.006434665415142, 28.48380917136652 ], [ 77.006457369300577, 28.483796642596417 ], [ 77.006467423415501, 28.483791094443241 ], [ 77.009606748440063, 28.487702728971872 ], [ 77.00977852354734, 28.487916751838906 ], [ 77.00978972460392, 28.487930707239403 ], [ 77.009934196461941, 28.488110711288762 ], [ 77.01027560879227, 28.488536087589939 ], [ 77.01027596904737, 28.488541084946728 ], [ 77.010764004852305, 28.489094145122571 ], [ 77.010970535814579, 28.488634436403458 ], [ 77.011103867480003, 28.488423736744075 ], [ 77.011183568542634, 28.488244463935757 ], [ 77.011748267176316, 28.486974267681937 ], [ 77.012102338244688, 28.486190102811378 ], [ 77.012636965662281, 28.485006038384888 ], [ 77.012703970311136, 28.484857636643717 ], [ 77.012741960641762, 28.484773495678176 ], [ 77.012746706515728, 28.484762985995676 ], [ 77.01277429599611, 28.484700614175225 ], [ 77.012796998600578, 28.484649288319236 ], [ 77.01280348464941, 28.484634625470214 ], [ 77.012867523276682, 28.484489848145877 ], [ 77.012885653387897, 28.484448860654055 ], [ 77.012908522381423, 28.484397158740403 ], [ 77.013228288657501, 28.483674238969087 ], [ 77.013282265894901, 28.483552209202056 ], [ 77.013323700119784, 28.483458535082583 ], [ 77.013341129687376, 28.483419129824835 ], [ 77.013342287238302, 28.48341651388187 ], [ 77.013697512160334, 28.482616069521264 ], [ 77.013965956664691, 28.482011164795484 ], [ 77.014115015566603, 28.481676475329074 ], [ 77.014203812706299, 28.481483630934335 ], [ 77.014325193536934, 28.48122002513426 ], [ 77.01434533730847, 28.481176493654981 ], [ 77.014402879401715, 28.481052144840387 ], [ 77.014519202274371, 28.480800770436439 ], [ 77.014537704520521, 28.480760888039658 ] ] ] ] } },
{ "type": "Feature", "properties": { "OBJECTID": 26171, "MC_Code": 12, "MC_Ward_No": "18", "MC_Name": "Gurugram", "Area": 12372192.869286479, "TotalPopul": 0, "GenPopulat": 0, "BCPopulati": 0, "SCPopulati": 0, "Notificati": "19/45/2023-6C I", "Notifica_1": "2023-12-14", "Remarks": "Updated in GIS Database", "created_us": null, "created_da": null, "last_edite": null, "last_edi_1": null, "Shape_STAr": 12.372192869299999, "Shape_STLe": 17839.2977742 }, "geometry": { "type": "MultiPolygon", "coordinates": [ [ [ [ 77.022330954862355, 28.389030190193953 ], [ 77.022330877688859, 28.389107553169708 ], [ 77.022330857824088, 28.389127307206632 ], [ 77.021910904123018, 28.389297093132619 ], [ 77.02149663191561, 28.389464579978458 ], [ 77.020862935707953, 28.389720775531366 ], [ 77.020881278749187, 28.390152464498019 ], [ 77.020896600317641, 28.390513036582902 ], [ 77.020821894009785, 28.394544279509251 ], [ 77.015961167878345, 28.394501713712494 ], [ 77.015572482646434, 28.394507466454424 ], [ 77.014628136372252, 28.394878694105568 ], [ 77.014718000275337, 28.395931999548221 ], [ 77.01501400016393, 28.396928999788376 ], [ 77.015835000445151, 28.399763999546423 ], [ 77.01616699978004, 28.400731999698341 ], [ 77.016243000246902, 28.400940000197121 ], [ 77.019056000166174, 28.400887000241692 ], [ 77.023137999641122, 28.400809000227206 ], [ 77.030050000059902, 28.400943999553078 ], [ 77.03091100027109, 28.400949999988939 ], [ 77.033598999528593, 28.400974000282787 ], [ 77.036845999937071, 28.400993999761116 ], [ 77.036865999624212, 28.400995000013566 ], [ 77.036868937257438, 28.400995085110896 ], [ 77.041572000377187, 28.401131000192485 ], [ 77.043157000231659, 28.401233999708293 ], [ 77.044933999857264, 28.401348999944119 ], [ 77.045732000377328, 28.398375000023638 ], [ 77.046162999815834, 28.398444000025023 ], [ 77.046753000425596, 28.398412999871883 ], [ 77.046762000193411, 28.397917999773938 ], [ 77.048144000190931, 28.397878999810857 ], [ 77.048072999992911, 28.398456000168924 ], [ 77.051752000444552, 28.398495000397336 ], [ 77.051751999864038, 28.396597999989652 ], [ 77.053178000238702, 28.396567999627937 ], [ 77.053283999538579, 28.396502000251971 ], [ 77.053542346773341, 28.396423119006371 ], [ 77.053731032980991, 28.396365506926461 ], [ 77.053903000278694, 28.396312999616303 ], [ 77.054044642546842, 28.396250762757937 ], [ 77.054043666226761, 28.396249136094784 ], [ 77.054033947266362, 28.39623294098417 ], [ 77.053989314015197, 28.396151176565606 ], [ 77.0540552250567, 28.396131429686513 ], [ 77.054066492107694, 28.39612805367495 ], [ 77.054428388996214, 28.396019627767359 ], [ 77.054634201777901, 28.395928086455257 ], [ 77.055063561429336, 28.395724471995425 ], [ 77.055097952272433, 28.395708162692777 ], [ 77.055148720462284, 28.39568408689998 ], [ 77.055170744497346, 28.395684014427225 ], [ 77.055183037087602, 28.395683973302642 ], [ 77.0553619437311, 28.395617566960603 ], [ 77.055887485734587, 28.395422493799011 ], [ 77.056006341827867, 28.395378375380286 ], [ 77.056134302525251, 28.395350390706746 ], [ 77.056127150325665, 28.395314193254254 ], [ 77.05609805995735, 28.395166973441061 ], [ 77.05609189855285, 28.395135792569747 ], [ 77.056048738231013, 28.394863350298266 ], [ 77.056010438842378, 28.394621580628325 ], [ 77.056005579178233, 28.394590907073933 ], [ 77.055990551390309, 28.394480871306307 ], [ 77.055989157463387, 28.394470669544891 ], [ 77.056005496698404, 28.394471354117993 ], [ 77.056640341051434, 28.394497940777885 ], [ 77.056691815885898, 28.394497769836679 ], [ 77.057034992982281, 28.394511774713727 ], [ 77.057378169091521, 28.394525778736231 ], [ 77.057772087993882, 28.394380679603696 ], [ 77.057959994859942, 28.394311463913322 ], [ 77.05796005358232, 28.394296601213355 ], [ 77.057960274586534, 28.394240445126851 ], [ 77.057960891190447, 28.394084043878628 ], [ 77.057961067347591, 28.394039243723718 ], [ 77.058098850893813, 28.393539521053984 ], [ 77.058111519356984, 28.393493572015501 ], [ 77.058208272067517, 28.392994887963408 ], [ 77.058217359898762, 28.392948048258592 ], [ 77.058296986823933, 28.392739492388323 ], [ 77.058308833820135, 28.392697985416543 ], [ 77.058308538242301, 28.392657980292196 ], [ 77.058310286228846, 28.392652383628143 ], [ 77.058320859740419, 28.392618533447603 ], [ 77.058323766620418, 28.392609225021396 ], [ 77.058336135217814, 28.392569628574961 ], [ 77.058341276344521, 28.392553167691347 ], [ 77.058372627762793, 28.392452796685674 ], [ 77.058388399104814, 28.392402306994494 ], [ 77.058405470817263, 28.392312659733893 ], [ 77.058422751299318, 28.392312538436411 ], [ 77.058471620645491, 28.392312194183926 ], [ 77.058748621462627, 28.39231024617289 ], [ 77.058959478771754, 28.392299326477588 ], [ 77.059074112060159, 28.39229339032239 ], [ 77.05932757252782, 28.392218495899851 ], [ 77.05943480975256, 28.392186808836293 ], [ 77.059794113700733, 28.39205077924839 ], [ 77.060013653586708, 28.391967662662246 ], [ 77.060120859004286, 28.39192707561568 ], [ 77.060699587307454, 28.3917463064695 ], [ 77.060749478836399, 28.39173072229492 ], [ 77.060806951109797, 28.39171277112148 ], [ 77.061385419518956, 28.391544850811886 ], [ 77.061493054755474, 28.391513605519446 ], [ 77.061525433539629, 28.391503491821673 ], [ 77.06189715051282, 28.391387378866881 ], [ 77.061939883941292, 28.391374030384416 ], [ 77.06207130040994, 28.391332979669702 ], [ 77.062179141011427, 28.391299293477054 ], [ 77.062757066035076, 28.391144283908048 ], [ 77.062798155551391, 28.391133262870575 ], [ 77.062865254766422, 28.391115265211873 ], [ 77.063107875559126, 28.391060901483698 ], [ 77.063442679244957, 28.390985882757118 ], [ 77.063551398653061, 28.390961521566517 ], [ 77.064128206404618, 28.390845005967591 ], [ 77.064237555229951, 28.390822916756299 ], [ 77.064501900181369, 28.390809840665138 ], [ 77.064580220513292, 28.390805966298508 ], [ 77.064651808172911, 28.390780611420197 ], [ 77.064813638836441, 28.390723294141882 ], [ 77.064923709819169, 28.390684309479941 ], [ 77.06493915895345, 28.390680165360049 ], [ 77.065499416881764, 28.390529881600024 ], [ 77.065609814015147, 28.390500267819295 ], [ 77.066185331421707, 28.390307766037882 ], [ 77.066295867992977, 28.390270792704101 ], [ 77.066325342327161, 28.390262018637529 ], [ 77.066553147319354, 28.390194202988624 ], [ 77.066827021945173, 28.390118875129971 ], [ 77.06687113997755, 28.390106741254744 ], [ 77.066964745206576, 28.3900809951399 ], [ 77.066981956159182, 28.390076260988742 ], [ 77.067556887684546, 28.389918125005178 ], [ 77.067611212095244, 28.389903183046485 ], [ 77.067608346529497, 28.389886871378231 ], [ 77.067578839012882, 28.389718871446281 ], [ 77.067570921036491, 28.389659849545978 ], [ 77.067562576051955, 28.389597647913831 ], [ 77.067558135751284, 28.389540842642603 ], [ 77.067551823132732, 28.389442248896362 ], [ 77.067545519524032, 28.389343802997463 ], [ 77.067537278465124, 28.389215089062333 ], [ 77.067533691262511, 28.389159073030012 ], [ 77.067531080332742, 28.389118290158947 ], [ 77.067529944218336, 28.389100551781038 ], [ 77.067522729500908, 28.388987860704162 ], [ 77.067495045400122, 28.388555501003889 ], [ 77.067442990650903, 28.388010507531167 ], [ 77.067440798051209, 28.388001842114775 ], [ 77.067432388019824, 28.387968608820024 ], [ 77.067404601857703, 28.387858810677091 ], [ 77.067402330782443, 28.387849834236142 ], [ 77.06730515172886, 28.387465806204816 ], [ 77.067171229653582, 28.38701518334452 ], [ 77.067149019014593, 28.386926559977585 ], [ 77.067069483490826, 28.386739971617295 ], [ 77.0669437921906, 28.38644509536454 ], [ 77.066848418127378, 28.386238979281337 ], [ 77.066745459299767, 28.386006205323927 ], [ 77.066716917016407, 28.385941674239827 ], [ 77.066708517416288, 28.38592268438941 ], [ 77.066673151547093, 28.385864648199441 ], [ 77.06661061507576, 28.385762024676719 ], [ 77.066418329202321, 28.385446477221841 ], [ 77.06638718767131, 28.38539537281871 ], [ 77.066275797568622, 28.385210681966775 ], [ 77.066274341627121, 28.385208266790297 ], [ 77.066266498141587, 28.385197162272039 ], [ 77.066107356229665, 28.384971849659411 ], [ 77.066067471706077, 28.384915380627952 ], [ 77.066040641261665, 28.384849006962853 ], [ 77.066016078737931, 28.384788245832944 ], [ 77.065954054705301, 28.384697615499402 ], [ 77.065714246051115, 28.384347208610862 ], [ 77.065683717866179, 28.384302600696046 ], [ 77.065644097004665, 28.384235496871817 ], [ 77.065644486984851, 28.38423524461534 ], [ 77.065644972696887, 28.384234930449434 ], [ 77.065698575708197, 28.384200226065889 ], [ 77.066285254050555, 28.383820391928268 ], [ 77.066289027347196, 28.38381708260653 ], [ 77.066354025401239, 28.383760091119044 ], [ 77.066425170000983, 28.383706473213927 ], [ 77.066400796814847, 28.383675566398253 ], [ 77.066390723731104, 28.383652715455192 ], [ 77.066390623204796, 28.383652372280402 ], [ 77.066389337410868, 28.383647944075744 ], [ 77.066375671613756, 28.383600886004913 ], [ 77.066553307019177, 28.383514913043811 ], [ 77.066583708083229, 28.383500199159151 ], [ 77.066584437148691, 28.383427159596973 ], [ 77.066584908632834, 28.383379872645307 ], [ 77.066585744129114, 28.383296117804946 ], [ 77.066562100791927, 28.383215827580798 ], [ 77.066557436728104, 28.383196882101508 ], [ 77.066427786813392, 28.382670266262075 ], [ 77.066422849720979, 28.382652865237013 ], [ 77.066269877026798, 28.382113683909047 ], [ 77.066269656894463, 28.382112171290853 ], [ 77.066284561684654, 28.382089651631819 ], [ 77.066299467488747, 28.382067131955917 ], [ 77.066318239200413, 28.382038768641433 ], [ 77.066468741883241, 28.381811376998535 ], [ 77.066609324248972, 28.381758629556614 ], [ 77.066688315544326, 28.381728991724628 ], [ 77.066746398081492, 28.381591598666414 ], [ 77.066751676782914, 28.381579111199621 ], [ 77.066771506819876, 28.381532202809531 ], [ 77.066805135020644, 28.38145265443573 ], [ 77.066821302803618, 28.381414409166613 ], [ 77.066826775634453, 28.381401463062691 ], [ 77.066928395459698, 28.381161079620981 ], [ 77.066948953117716, 28.381112450205674 ], [ 77.06698130218291, 28.381035929653358 ], [ 77.066988209979755, 28.381019587865747 ], [ 77.066995118777115, 28.381003245160301 ], [ 77.067015965275758, 28.38096761519558 ], [ 77.067024234133896, 28.380953481573236 ], [ 77.067053823510534, 28.380902908594628 ], [ 77.06712493492256, 28.380781369708767 ], [ 77.067140987736636, 28.380753933659751 ], [ 77.067145657897427, 28.380745950947041 ], [ 77.067149563739292, 28.380739277418314 ], [ 77.067293525018769, 28.38049322424769 ], [ 77.067334650760827, 28.380422932947923 ], [ 77.067448259854473, 28.380228756412475 ], [ 77.06748171135068, 28.380249473968544 ], [ 77.067482787421554, 28.380250139819029 ], [ 77.067509945605963, 28.38026695995076 ], [ 77.067639145054244, 28.38016483956056 ], [ 77.067657738510789, 28.380150144954253 ], [ 77.067669393182086, 28.380140932789864 ], [ 77.067865132391816, 28.37987536575395 ], [ 77.067925422894177, 28.379793567128981 ], [ 77.069083000442717, 28.378223000153632 ], [ 77.069117828538964, 28.378202497599222 ], [ 77.069244354973037, 28.378128017633792 ], [ 77.069258106238038, 28.378119923101586 ], [ 77.069324992285175, 28.378080549922533 ], [ 77.071395000136306, 28.376862000037967 ], [ 77.071555151397376, 28.376772409434071 ], [ 77.071557566621905, 28.376771057981873 ], [ 77.071689965188597, 28.376696991890732 ], [ 77.072262396533816, 28.376376759751988 ], [ 77.072716000189004, 28.376123000255244 ], [ 77.073129453589488, 28.375942620567251 ], [ 77.073137736135763, 28.375939006944925 ], [ 77.073791000471587, 28.375654000119464 ], [ 77.074014729917621, 28.375556962858408 ], [ 77.074014819006166, 28.375556927212866 ], [ 77.07405650237574, 28.375540829067212 ], [ 77.074172724160547, 28.375495941787999 ], [ 77.074164859048594, 28.375491852941995 ], [ 77.075774743085447, 28.374793612076122 ], [ 77.075778642158738, 28.374791920318017 ], [ 77.077033636004245, 28.374247583317011 ], [ 77.076715979761616, 28.374353782911278 ], [ 77.076660491102004, 28.374368242425838 ], [ 77.076033624951307, 28.37452432819763 ], [ 77.075707414519911, 28.374463273815053 ], [ 77.075707080934819, 28.374463013605038 ], [ 77.075667029475383, 28.374431744505237 ], [ 77.075538984078193, 28.374331775147358 ], [ 77.075463657255497, 28.374272963887378 ], [ 77.075239456138974, 28.374097922137626 ], [ 77.075165703919751, 28.374042414596392 ], [ 77.075085447325421, 28.373982010640095 ], [ 77.074943184469518, 28.37387493820621 ], [ 77.074866327438741, 28.373836121682967 ], [ 77.074482885967242, 28.373642465885048 ], [ 77.074418137030094, 28.373609764083437 ], [ 77.074294940341758, 28.373568377157127 ], [ 77.07418336980848, 28.373530896287722 ], [ 77.073799309848198, 28.373401872673341 ], [ 77.073528701477798, 28.373315594944991 ], [ 77.073393379023543, 28.373284909540157 ], [ 77.073290590697411, 28.373247716580234 ], [ 77.073235501430418, 28.373235867700505 ], [ 77.072606033111882, 28.373100470739601 ], [ 77.072304766233074, 28.373026617554277 ], [ 77.071921373326802, 28.372938114811269 ], [ 77.071648066570233, 28.37287039961047 ], [ 77.071452702220398, 28.372821995058878 ], [ 77.071365257996334, 28.372688296900396 ], [ 77.071313744626678, 28.37260953558588 ], [ 77.071234729273527, 28.372488723863707 ], [ 77.071223887300931, 28.372464516060212 ], [ 77.071176999997149, 28.372462999942414 ], [ 77.070376000053699, 28.371156999638902 ], [ 77.070276654514316, 28.37111495233923 ], [ 77.070234739451237, 28.371097211778348 ], [ 77.069876158283833, 28.370945442617991 ], [ 77.069871336932778, 28.370943401635227 ], [ 77.069798532300169, 28.370912587590144 ], [ 77.06974699974063, 28.370829000083528 ], [ 77.069375114869274, 28.370733374051706 ], [ 77.069274999623346, 28.370691000196917 ], [ 77.069011755291029, 28.37062727834034 ], [ 77.068886056199332, 28.370602338142891 ], [ 77.06887580763329, 28.370594369832453 ], [ 77.068738667966372, 28.370561173383336 ], [ 77.068171999998142, 28.370424000353548 ], [ 77.067016999572672, 28.370322000010361 ], [ 77.065302606614992, 28.370190029661426 ], [ 77.065258398506586, 28.370186626439011 ], [ 77.064986080561539, 28.370165662425773 ], [ 77.064130999943814, 28.37003599988282 ], [ 77.063079067770772, 28.36967235856341 ], [ 77.062797028593124, 28.369630553847689 ], [ 77.062070999808498, 28.369611999907491 ], [ 77.061938021995232, 28.369609841391465 ], [ 77.061604230341018, 28.369604421598979 ], [ 77.060346999623221, 28.369584000384496 ], [ 77.059566839898807, 28.369578633646718 ], [ 77.0590389998207, 28.369574999643064 ], [ 77.058010337340178, 28.36976738497518 ], [ 77.058009000353792, 28.369770000352521 ], [ 77.057932280857884, 28.369781982782875 ], [ 77.0572138515262, 28.369894189865498 ], [ 77.057054999917156, 28.369918999804387 ], [ 77.055690618316632, 28.370346111193527 ], [ 77.054739000043995, 28.370643999653588 ], [ 77.054316267627286, 28.370725187962126 ], [ 77.054312375631014, 28.370725935137404 ], [ 77.053922831626934, 28.37080074483184 ], [ 77.053888493832019, 28.370807339791611 ], [ 77.053620053641055, 28.370858894885281 ], [ 77.053081208566383, 28.37096237961925 ], [ 77.052927138192032, 28.370991968395604 ], [ 77.05286805461111, 28.371003315065444 ], [ 77.052651000341129, 28.371045000144477 ], [ 77.051599335195192, 28.371251406623909 ], [ 77.051593170836583, 28.371252615654328 ], [ 77.050910649501816, 28.371386566614564 ], [ 77.050569322559099, 28.37145355401271 ], [ 77.050511000403162, 28.371465000111556 ], [ 77.049236000259086, 28.372105999651506 ], [ 77.048910197523327, 28.371858699602932 ], [ 77.04788903443432, 28.371083572780297 ], [ 77.047223000297194, 28.370577999556389 ], [ 77.047186967510385, 28.370552453585219 ], [ 77.047182467302875, 28.370549263663488 ], [ 77.046637422707292, 28.370162850306457 ], [ 77.045915689958193, 28.369651165735878 ], [ 77.04583742725589, 28.36959568042878 ], [ 77.045505000139016, 28.369359999620105 ], [ 77.045116895194326, 28.369188520205547 ], [ 77.045110362318624, 28.369192640984146 ], [ 77.045093264243818, 28.369200750851657 ], [ 77.044454367023818, 28.369503769939701 ], [ 77.043555775764574, 28.369935079824419 ], [ 77.043138082955906, 28.370135562453395 ], [ 77.04300266575315, 28.370200537142665 ], [ 77.042316301808199, 28.370524845663319 ], [ 77.041961473427904, 28.370689873523101 ], [ 77.041629922986061, 28.370851424139637 ], [ 77.041029397485147, 28.371125348097603 ], [ 77.040943577472788, 28.371170428858676 ], [ 77.040257247014296, 28.371485642802572 ], [ 77.039864551553578, 28.371665763154464 ], [ 77.039622406117275, 28.371773809474409 ], [ 77.039570904641948, 28.371802371376077 ], [ 77.039347839141158, 28.371905950083697 ], [ 77.038916014028032, 28.372106253687292 ], [ 77.038921961759613, 28.372122670752692 ], [ 77.038946727430769, 28.372191027008608 ], [ 77.038938789413919, 28.372174940213295 ], [ 77.038907956620463, 28.372121955387335 ], [ 77.038897798914192, 28.37210449862447 ], [ 77.038893061349029, 28.3720963579899 ], [ 77.038875979299718, 28.372067004279685 ], [ 77.038856949534605, 28.372077704112467 ], [ 77.038655984913532, 28.372160684822095 ], [ 77.038655511204567, 28.372160881405975 ], [ 77.038649319940546, 28.372163736173611 ], [ 77.037977362452324, 28.372473569710539 ], [ 77.037926478431174, 28.372495887338925 ], [ 77.037854278803295, 28.372527554604986 ], [ 77.037411930221694, 28.372729974542896 ], [ 77.036140580258774, 28.37326250178586 ], [ 77.035978679274592, 28.373328544985963 ], [ 77.035184237347309, 28.373586202262558 ], [ 77.034963453672361, 28.373646740419453 ], [ 77.034619603561183, 28.373718142277433 ], [ 77.033939503763946, 28.373873726603403 ], [ 77.033366430477216, 28.374004823773664 ], [ 77.033259401754862, 28.374029306729536 ], [ 77.032579297602837, 28.374184886264146 ], [ 77.032261022916913, 28.374257691057686 ], [ 77.03197916411952, 28.3743221673442 ], [ 77.031899190184774, 28.374340459809762 ], [ 77.031673005332237, 28.374392200314524 ], [ 77.031617735827908, 28.374414189422179 ], [ 77.031516162942154, 28.374454911702774 ], [ 77.031413702815669, 28.37447761784329 ], [ 77.031175588648594, 28.374547727111484 ], [ 77.031097991041193, 28.374565509047706 ], [ 77.030886090435871, 28.374614064753445 ], [ 77.030604219061573, 28.374709469787369 ], [ 77.03053209877406, 28.374733880686367 ], [ 77.030494403540942, 28.374703101404464 ], [ 77.030477403229341, 28.374701455259139 ], [ 77.030551747685195, 28.374940266080774 ], [ 77.030619257173754, 28.375054162037081 ], [ 77.030970440428135, 28.375646649548656 ], [ 77.031708430242972, 28.376891740867187 ], [ 77.032388081196601, 28.378038375050146 ], [ 77.03323866306593, 28.379473342819111 ], [ 77.033550173974263, 28.379998862333377 ], [ 77.033806746545039, 28.380976924466285 ], [ 77.034096065661942, 28.382079787615442 ], [ 77.033698328903043, 28.382465421180466 ], [ 77.033514500437221, 28.382643654620626 ], [ 77.03313577674912, 28.383010849065418 ], [ 77.033059758813181, 28.383084552697969 ], [ 77.033032689013737, 28.383110797720747 ], [ 77.032928657394038, 28.383211661852354 ], [ 77.032592527828484, 28.383537554160245 ], [ 77.03254113776083, 28.383587378925956 ], [ 77.032214713062544, 28.3838701883023 ], [ 77.031973936831889, 28.38407879293684 ], [ 77.031961000316485, 28.384090000175345 ], [ 77.030952286783602, 28.384682890564761 ], [ 77.03070843761077, 28.384826216625644 ], [ 77.030692232238763, 28.384835741741249 ], [ 77.029975189778796, 28.385257186791698 ], [ 77.029967000245236, 28.38526200023249 ], [ 77.029871433421334, 28.385314920550947 ], [ 77.029871578442837, 28.385275939774701 ], [ 77.029871691823459, 28.385245420056346 ], [ 77.029689310002723, 28.385345334199204 ], [ 77.029652322211547, 28.385365596592987 ], [ 77.029615147617292, 28.385385962825421 ], [ 77.029460677870119, 28.385470585295899 ], [ 77.029434075036121, 28.385485158703442 ], [ 77.029396429761505, 28.385505781846462 ], [ 77.028830711736362, 28.385815695519749 ], [ 77.028798019451955, 28.385833605314666 ], [ 77.028798562656291, 28.385872417937147 ], [ 77.028798907424999, 28.38589700590104 ], [ 77.028799314919112, 28.385908598852009 ], [ 77.027809759949662, 28.386456546147535 ], [ 77.027408812240921, 28.386678559771305 ], [ 77.027101000095399, 28.386849000285455 ], [ 77.026910181480318, 28.386944249367879 ], [ 77.026564678645698, 28.3871167095778 ], [ 77.026534729482776, 28.387116548748367 ], [ 77.0265306253619, 28.387118793534331 ], [ 77.026480891247246, 28.387146000756001 ], [ 77.026480825163461, 28.387158565396835 ], [ 77.026160764406029, 28.387318325204749 ], [ 77.026159866570026, 28.387320100882754 ], [ 77.026153824341506, 28.387321788849849 ], [ 77.025916999998145, 28.387440000344728 ], [ 77.025781456069254, 28.387468851685078 ], [ 77.025465999641654, 28.387536000062166 ], [ 77.025312544408308, 28.387614699657885 ], [ 77.024409132766252, 28.388078007007586 ], [ 77.024337000321282, 28.388114999560756 ], [ 77.024021128884925, 28.388311746203051 ], [ 77.023751000036384, 28.388479999770691 ], [ 77.023729705126399, 28.388486643553961 ], [ 77.02370232903948, 28.388495186928438 ], [ 77.023702591745234, 28.388425546396643 ], [ 77.023702632650213, 28.388414593750358 ], [ 77.023702805655844, 28.388368752697946 ], [ 77.023702861436902, 28.388367499382653 ], [ 77.023706347926051, 28.388288746669637 ], [ 77.023053758202053, 28.388695263134998 ], [ 77.022997091478288, 28.388730561666318 ], [ 77.022330979109455, 28.389005722120235 ], [ 77.022330954862355, 28.389030190193953 ] ] ] ] } },
{ "type": "Feature", "properties": { "OBJECTID": 26172, "MC_Code": 12, "MC_Ward_No": "13", "MC_Name": "Gurugram", "Area": 3819956.3621908398, "TotalPopul": 0, "GenPopulat": 0, "BCPopulati": 0, "SCPopulati": 0, "Notificati": "19/45/2023-6C I", "Notifica_1": "2023-12-14", "Remarks": "Updated in GIS Database", "created_us": null, "created_da": null, "last_edite": null, "last_edi_1": null, "Shape_STAr": 3.8199563621900001, "Shape_STLe": 10144.5472092 }, "geometry": { "type": "MultiPolygon", "coordinates": [ [ [ [ 77.046453160983589, 28.461061711225788 ], [ 77.047901357354235, 28.459931807246932 ], [ 77.048625854738276, 28.459767118100661 ], [ 77.049478000275059, 28.45977199975243 ], [ 77.049321251236037, 28.459609040298783 ], [ 77.049881043362348, 28.459481784501037 ], [ 77.052975401729668, 28.457190521028185 ], [ 77.053343527876663, 28.456917926343259 ], [ 77.054309558248363, 28.45654377544907 ], [ 77.055360032252636, 28.456136908405 ], [ 77.055557773061395, 28.456060318788495 ], [ 77.055713022269686, 28.456000186658084 ], [ 77.055944999733867, 28.455824999861914 ], [ 77.055984820361232, 28.455794955114939 ], [ 77.056268475954283, 28.455580932660343 ], [ 77.056608999810805, 28.455324000218873 ], [ 77.057990000120455, 28.454331999979001 ], [ 77.058370000423366, 28.454059999577883 ], [ 77.060793628031462, 28.452221797938982 ], [ 77.063938192749532, 28.449836646874775 ], [ 77.061002999964998, 28.446778000095261 ], [ 77.058759999767105, 28.44444099975783 ], [ 77.058346999566368, 28.444010999758511 ], [ 77.057701999735471, 28.444494999586297 ], [ 77.057085000001962, 28.444979999753453 ], [ 77.056668000065514, 28.445576000222978 ], [ 77.056334999702571, 28.446054999659307 ], [ 77.056107999731239, 28.446263000198076 ], [ 77.055872999691616, 28.446374000328632 ], [ 77.055248000313043, 28.446552000159294 ], [ 77.055168000512211, 28.446568000156677 ], [ 77.054214200696535, 28.446758027836644 ], [ 77.05386799964181, 28.446827000201345 ], [ 77.05362800016151, 28.446841999556543 ], [ 77.053732999554015, 28.447036999835163 ], [ 77.054420000157464, 28.447052000223515 ], [ 77.054413999888325, 28.447385999720257 ], [ 77.054394999796003, 28.448070000210233 ], [ 77.054547999533725, 28.448292000432737 ], [ 77.05478299976096, 28.44869300015154 ], [ 77.054993999483884, 28.449031999576626 ], [ 77.054753999773595, 28.44927800030425 ], [ 77.055023999915576, 28.449769999815633 ], [ 77.052636000013919, 28.449733000427795 ], [ 77.052614999721996, 28.449718999711866 ], [ 77.052648999905415, 28.449529999778719 ], [ 77.052652999815493, 28.449098999630397 ], [ 77.052348000309209, 28.44910100033416 ], [ 77.052335000026474, 28.448749000373311 ], [ 77.052336000411415, 28.44866499976682 ], [ 77.052108000447177, 28.448328000182485 ], [ 77.051634000003588, 28.448666000295574 ], [ 77.051621999816518, 28.448674999978021 ], [ 77.051076000147688, 28.449062999782857 ], [ 77.050921000301301, 28.449187999965442 ], [ 77.050762999938286, 28.449015999811543 ], [ 77.05043099974165, 28.448657000224873 ], [ 77.050293999598168, 28.448510000212245 ], [ 77.050293000178172, 28.448509000129441 ], [ 77.050165999680644, 28.44837199981535 ], [ 77.050151999905665, 28.448356000048332 ], [ 77.049916999665299, 28.448113999742514 ], [ 77.048908999569861, 28.447335000052604 ], [ 77.047700000372373, 28.446399999858134 ], [ 77.047562999526903, 28.446531000283006 ], [ 77.046649999637424, 28.447388000280121 ], [ 77.046238710060265, 28.446748686908492 ], [ 77.046205254904763, 28.446696684864669 ], [ 77.046499952008659, 28.445868569331971 ], [ 77.045631004879212, 28.444940471447843 ], [ 77.043926200353525, 28.443119549993522 ], [ 77.042940000088265, 28.442090999967178 ], [ 77.042869999523319, 28.442018000186547 ], [ 77.042681000488813, 28.44182099961904 ], [ 77.042446000146455, 28.441581000000141 ], [ 77.041638999644746, 28.440755999642363 ], [ 77.041460000306401, 28.440571999866325 ], [ 77.04026999976783, 28.441462999812888 ], [ 77.03999600022162, 28.441668000255799 ], [ 77.039437000505998, 28.442088999989775 ], [ 77.037740000479829, 28.443365999828291 ], [ 77.037543000402906, 28.44350599958242 ], [ 77.037451000315116, 28.443574000293964 ], [ 77.037285000122992, 28.443729999832328 ], [ 77.037080999948898, 28.443965000190861 ], [ 77.036700999765358, 28.444601999739753 ], [ 77.036434999606556, 28.44514499964006 ], [ 77.036122640171541, 28.445782317060523 ], [ 77.036063000485328, 28.445904000168436 ], [ 77.035947274499293, 28.446090446570679 ], [ 77.035937000369387, 28.446106999779751 ], [ 77.035696999723186, 28.446002999789901 ], [ 77.035388016587859, 28.445877785680139 ], [ 77.035354000246613, 28.445864000386617 ], [ 77.035352565899956, 28.445863577887213 ], [ 77.035302999753469, 28.445849000155732 ], [ 77.035253779357674, 28.445835203186313 ], [ 77.035023953890473, 28.445762299274978 ], [ 77.03492025395316, 28.44572940392268 ], [ 77.03431851111462, 28.445621416758289 ], [ 77.03382084784873, 28.445588270835415 ], [ 77.033795300909844, 28.44558976538061 ], [ 77.033787110186182, 28.445743258033211 ], [ 77.032518519611045, 28.448135369895091 ], [ 77.032172039340992, 28.448870801587063 ], [ 77.030957988345918, 28.451447638571995 ], [ 77.030944970912884, 28.451475266437832 ], [ 77.030999573692199, 28.45149197763855 ], [ 77.031254124828905, 28.451591698646503 ], [ 77.031280081633668, 28.451600669370546 ], [ 77.031432907712784, 28.451653484989269 ], [ 77.03226803636062, 28.452138740442354 ], [ 77.032381664794627, 28.452204764588803 ], [ 77.032397164394794, 28.452211529872443 ], [ 77.03261967858198, 28.4523086471577 ], [ 77.032683253890625, 28.452329803034441 ], [ 77.032989319797366, 28.452505157906135 ], [ 77.033191411041869, 28.452605697109909 ], [ 77.033267743022932, 28.452669794697528 ], [ 77.033643702125673, 28.452985489929787 ], [ 77.033732710041107, 28.453056816886725 ], [ 77.033890514547366, 28.453183272340592 ], [ 77.034096040277475, 28.453309446154254 ], [ 77.034452194066475, 28.453517427523689 ], [ 77.034844340771656, 28.453695007729284 ], [ 77.035119916585145, 28.453819798010091 ], [ 77.035475865574767, 28.453980983396502 ], [ 77.035794675749244, 28.454171033335022 ], [ 77.035952057969652, 28.454264852509816 ], [ 77.036060427836034, 28.454329453297273 ], [ 77.036462949861615, 28.454639186685444 ], [ 77.036848990032681, 28.455100112644171 ], [ 77.037462185805509, 28.455832247641649 ], [ 77.037490020597446, 28.455865481303881 ], [ 77.037553523314102, 28.455941300578463 ], [ 77.03751015998688, 28.455975055847702 ], [ 77.037583181607545, 28.456053413398276 ], [ 77.037900396482328, 28.456403165437017 ], [ 77.038068972160033, 28.45658903134446 ], [ 77.038349620718478, 28.456898463384189 ], [ 77.03837911378983, 28.456930980781401 ], [ 77.038380557464507, 28.456932572555175 ], [ 77.038717627286616, 28.457304208368218 ], [ 77.038768316893382, 28.457360095648948 ], [ 77.038768844720281, 28.457360677876636 ], [ 77.038985015220234, 28.457599013823707 ], [ 77.038986200206352, 28.457600319812663 ], [ 77.03927962737086, 28.457923831561217 ], [ 77.039322093481559, 28.457970651434003 ], [ 77.03932513574965, 28.45797381729593 ], [ 77.039586271859037, 28.458245638344412 ], [ 77.039872127933208, 28.458570823274584 ], [ 77.040141505990789, 28.458881930745349 ], [ 77.040395851137873, 28.459254144115519 ], [ 77.040488691194454, 28.459446137446282 ], [ 77.040524112762711, 28.459490601870314 ], [ 77.040795979231547, 28.459831880434248 ], [ 77.041061519245915, 28.460153785938473 ], [ 77.041519644926254, 28.460708310633695 ], [ 77.041653682842579, 28.460870550227305 ], [ 77.041649267351346, 28.460875047978668 ], [ 77.041682521055307, 28.460843980584933 ], [ 77.041737408415898, 28.460914517373265 ], [ 77.041863618429986, 28.461076711838285 ], [ 77.043035961440054, 28.462583283649032 ], [ 77.043590108559513, 28.463295393859749 ], [ 77.046453160983589, 28.461061711225788 ] ] ] ] } },
{ "type": "Feature", "properties": { "OBJECTID": 26173, "MC_Code": 12, "MC_Ward_No": "05", "MC_Name": "Gurugram", "Area": 8863121.0658716299, "TotalPopul": 0, "GenPopulat": 0, "BCPopulati": 0, "SCPopulati": 0, "Notificati": "19/45/2023-6C I", "Notifica_1": "2023-12-14", "Remarks": "Updated in GIS Database", "created_us": null, "created_da": null, "last_edite": null, "last_edi_1": null, "Shape_STAr": 8.8631210658700006, "Shape_STLe": 16289.751784800001 }, "geometry": { "type": "MultiPolygon", "coordinates": [ [ [ [ 77.016393950630189, 28.495479881752765 ], [ 77.016322811863347, 28.495495217175701 ], [ 77.016099171230621, 28.495582985344445 ], [ 77.01561359097947, 28.495778815166915 ], [ 77.015055912897296, 28.496052358781863 ], [ 77.014446170086813, 28.496405468685598 ], [ 77.013488566439833, 28.49699729478391 ], [ 77.013322161306448, 28.497105052188378 ], [ 77.013111139035757, 28.497238413421478 ], [ 77.012897143785281, 28.497377691835897 ], [ 77.012833562150988, 28.497394764275302 ], [ 77.012746566726619, 28.497418122835928 ], [ 77.012544548498695, 28.497482234601598 ], [ 77.012395935763934, 28.497514396691091 ], [ 77.012165581220927, 28.497564247098826 ], [ 77.012126477830179, 28.49757047312043 ], [ 77.011900496159569, 28.497606450437807 ], [ 77.011851161170284, 28.497632342287449 ], [ 77.011762198524934, 28.497684533553191 ], [ 77.01160425509174, 28.497675761175302 ], [ 77.011553900233622, 28.497687903437015 ], [ 77.011374789931295, 28.497718959346095 ], [ 77.011189714465345, 28.49775104989024 ], [ 77.010941356871797, 28.497757602442633 ], [ 77.010608273723449, 28.497761443302654 ], [ 77.009965504777142, 28.497720797121612 ], [ 77.009827751448924, 28.497712085855863 ], [ 77.009536061740747, 28.497686347871131 ], [ 77.009463813198735, 28.497680558423252 ], [ 77.008846262084575, 28.4976496512209 ], [ 77.008735460845514, 28.497663102072252 ], [ 77.008541002804606, 28.497658430243245 ], [ 77.008505115222761, 28.497657568385257 ], [ 77.008383422604041, 28.497654645101989 ], [ 77.008353896429071, 28.497653935521491 ], [ 77.008354392564058, 28.497677488803447 ], [ 77.008353155968976, 28.497677508885737 ], [ 77.008335978499588, 28.497677791652748 ], [ 77.008335821240379, 28.497677793977104 ], [ 77.008295293276646, 28.497678392089437 ], [ 77.008234520739393, 28.497679289399596 ], [ 77.007927509711379, 28.497683819359949 ], [ 77.00794500022478, 28.497641000184558 ], [ 77.007773511614985, 28.497645341683079 ], [ 77.007507044072426, 28.497652087867063 ], [ 77.007313000340702, 28.497657000242558 ], [ 77.007050000216779, 28.497664000207259 ], [ 77.0067510003813, 28.497683000338604 ], [ 77.006285000047342, 28.497709000096734 ], [ 77.005877000325768, 28.497754000299114 ], [ 77.005515000229437, 28.497894000362571 ], [ 77.005430999564155, 28.49792999999924 ], [ 77.005424000249832, 28.497942999841676 ], [ 77.006859999609745, 28.499576000359262 ], [ 77.008209999626843, 28.501081999858584 ], [ 77.00962599999697, 28.502784000191681 ], [ 77.013998000170375, 28.507758000134473 ], [ 77.017891999988834, 28.512346000083213 ], [ 77.0156879999506, 28.514602999606463 ], [ 77.014939999736896, 28.515400000338882 ], [ 77.013725610618877, 28.516693154086536 ], [ 77.01329857324167, 28.517147880959236 ], [ 77.013249586974652, 28.517200043198848 ], [ 77.013009494926067, 28.51741942112946 ], [ 77.013058983923528, 28.517462321050736 ], [ 77.013463791830418, 28.517808856485928 ], [ 77.014487754808016, 28.518666151025329 ], [ 77.014565514288577, 28.518731253067351 ], [ 77.015709865817072, 28.519688360574587 ], [ 77.016500108189007, 28.520382606502977 ], [ 77.016712187004131, 28.520571757250007 ], [ 77.016730594294131, 28.520588174757709 ], [ 77.017006037009111, 28.520833837856259 ], [ 77.017007486011565, 28.520988985214892 ], [ 77.016825499357935, 28.521537313778502 ], [ 77.016752561815736, 28.521736628892214 ], [ 77.016591956056956, 28.522086188449904 ], [ 77.016558667596712, 28.522170021513734 ], [ 77.016387119983094, 28.522591321701977 ], [ 77.016306858762746, 28.522635630608395 ], [ 77.015882484909639, 28.523057963233679 ], [ 77.015720840212396, 28.523188876020285 ], [ 77.015671634910746, 28.523221814127531 ], [ 77.015203574484943, 28.523741239589103 ], [ 77.015143985005338, 28.523787484338079 ], [ 77.01437663076068, 28.524297674741657 ], [ 77.01417611347037, 28.52442895849272 ], [ 77.013837455452816, 28.524516966260791 ], [ 77.013151428610442, 28.524707927833713 ], [ 77.01303132534737, 28.524739197273437 ], [ 77.012517961389378, 28.524974027651357 ], [ 77.01246651169609, 28.524989871210096 ], [ 77.01200257796657, 28.525157262321965 ], [ 77.011986624945962, 28.525163018399567 ], [ 77.011780996006365, 28.525241563232143 ], [ 77.011591699804526, 28.525259258198343 ], [ 77.010956643151985, 28.52540124373343 ], [ 77.010913478149774, 28.525435118526183 ], [ 77.010538519208183, 28.525729374919266 ], [ 77.010512843441646, 28.525741003841382 ], [ 77.010316099499306, 28.52583011872121 ], [ 77.010171716664814, 28.525990901158099 ], [ 77.010118237875417, 28.526050454237613 ], [ 77.009730718988337, 28.526481985802167 ], [ 77.009666569105462, 28.526543494145994 ], [ 77.009349767458588, 28.526711975378653 ], [ 77.009045532281405, 28.526794555160585 ], [ 77.008718890156388, 28.526892764292327 ], [ 77.008358563892941, 28.52700110081005 ], [ 77.008222695396455, 28.527036044493542 ], [ 77.008072625448264, 28.527156872295972 ], [ 77.007672482022542, 28.527276660239838 ], [ 77.007227052520989, 28.527375276727518 ], [ 77.006985976424687, 28.52753560748258 ], [ 77.006301606779786, 28.52793936613422 ], [ 77.005616951385633, 28.528332577161692 ], [ 77.005137295738592, 28.528617526683217 ], [ 77.004933261255687, 28.528792536953549 ], [ 77.004289743979939, 28.529291276658501 ], [ 77.004251046133859, 28.529348025940852 ], [ 77.004202243563341, 28.529379426452138 ], [ 77.003515865511361, 28.529827288774218 ], [ 77.00342184374928, 28.529905695918622 ], [ 77.003189989001996, 28.530136639882993 ], [ 77.002900722232027, 28.530435761613322 ], [ 77.002886175423299, 28.530443978304437 ], [ 77.001866790800079, 28.531019750360763 ], [ 77.001170558246528, 28.531404879448239 ], [ 77.000909296924547, 28.531553805616493 ], [ 77.000352779401865, 28.531816392392241 ], [ 77.000389167950232, 28.532132905255256 ], [ 77.000433301960982, 28.532677606896776 ], [ 77.000483226305136, 28.533222048997462 ], [ 77.000474657235813, 28.533403590733837 ], [ 77.000661432833525, 28.533463144594688 ], [ 77.000955887189093, 28.533551000066108 ], [ 77.001322179078684, 28.533754028663925 ], [ 77.002122866321756, 28.534171982146702 ], [ 77.002259618492488, 28.534284049566136 ], [ 77.002521904707493, 28.534602536573129 ], [ 77.002579803380158, 28.534823437759623 ], [ 77.002843300010028, 28.535462575026671 ], [ 77.002976030593814, 28.535784522416069 ], [ 77.003012591585247, 28.535904818531154 ], [ 77.00317428273155, 28.536278768024605 ], [ 77.003246116274511, 28.536444898567741 ], [ 77.003539954438651, 28.536983759518826 ], [ 77.003593479659727, 28.537086652160532 ], [ 77.003980237493337, 28.537519942762273 ], [ 77.004239547442438, 28.537775547567215 ], [ 77.004394450578687, 28.538056275591643 ], [ 77.004740707475136, 28.53856780946446 ], [ 77.004748133660016, 28.538593354685315 ], [ 77.004851293465109, 28.539234901597148 ], [ 77.004865842280296, 28.539465862222681 ], [ 77.004903751254005, 28.539676235278773 ], [ 77.004914397914959, 28.539969892353593 ], [ 77.005116381693469, 28.540034251862934 ], [ 77.005426802512829, 28.540209671877985 ], [ 77.005566756486019, 28.54028662714239 ], [ 77.005751077467323, 28.540323922389916 ], [ 77.006040719086656, 28.540741204912891 ], [ 77.006269849515746, 28.540974727566592 ], [ 77.006514907728373, 28.541327538532858 ], [ 77.006575265555128, 28.541451947389763 ], [ 77.00720150893666, 28.541217581877426 ], [ 77.00752722788279, 28.541047204730063 ], [ 77.0078835535449, 28.540829303674897 ], [ 77.008406851704436, 28.540617344986 ], [ 77.008504147129457, 28.540568696042246 ], [ 77.008697795602856, 28.54040737448975 ], [ 77.008918266784235, 28.540205480195734 ], [ 77.00898116023788, 28.540147869822629 ], [ 77.009246476862302, 28.540000254809829 ], [ 77.009314766687339, 28.539968981751532 ], [ 77.009485026400199, 28.539860669455503 ], [ 77.009636961948544, 28.539774538299866 ], [ 77.0099359776695, 28.540131252514914 ], [ 77.010029346573688, 28.540274591425291 ], [ 77.010624163373748, 28.540194492110629 ], [ 77.011155347721029, 28.540110019908933 ], [ 77.011309637446388, 28.540092291077364 ], [ 77.011343949313343, 28.540090189134443 ], [ 77.01148108149917, 28.540074263669194 ], [ 77.011823310814492, 28.540048290045398 ], [ 77.011925947833504, 28.540038968050251 ], [ 77.011995542721152, 28.540035218675783 ], [ 77.01219431948158, 28.54001489663133 ], [ 77.012362464484738, 28.54008899048177 ], [ 77.012491370722088, 28.540147946843717 ], [ 77.012597750541858, 28.540196601014888 ], [ 77.012840341494353, 28.540307552502878 ], [ 77.013325383621918, 28.540529388513914 ], [ 77.013375569529671, 28.540552340872761 ], [ 77.013426308668656, 28.540544584240394 ], [ 77.013630409648528, 28.540382543219682 ], [ 77.01371513797524, 28.540310606834883 ], [ 77.013765974912388, 28.540267444800616 ], [ 77.013900073175719, 28.540154369437957 ], [ 77.01401169929639, 28.540060242002308 ], [ 77.014054134441466, 28.540029440428068 ], [ 77.014092540269573, 28.540004325698522 ], [ 77.014416635428375, 28.53979239149675 ], [ 77.014735322532559, 28.539701948421346 ], [ 77.015417596648945, 28.539464678602418 ], [ 77.016099494599203, 28.539212439202366 ], [ 77.016358675325435, 28.539094267975329 ], [ 77.016541117152286, 28.538934323046053 ], [ 77.016643766278946, 28.53879500444684 ], [ 77.016699756408599, 28.538719012130247 ], [ 77.016776641382478, 28.53861466155103 ], [ 77.016855151528532, 28.538537480984317 ], [ 77.016974281226211, 28.53836759736096 ], [ 77.017589200607475, 28.537527433797191 ], [ 77.017733771939646, 28.537387911891692 ], [ 77.017884711843806, 28.537288001390056 ], [ 77.01834559865344, 28.537045644170046 ], [ 77.018752491801123, 28.536732210600839 ], [ 77.018806085950544, 28.536686209400983 ], [ 77.01913396910227, 28.536466687995265 ], [ 77.01921359270122, 28.536431343392643 ], [ 77.019375197923964, 28.536353788172882 ], [ 77.019451406283338, 28.536292079687559 ], [ 77.019485432642753, 28.536276480794029 ], [ 77.019587414263896, 28.536222168020053 ], [ 77.019906654937188, 28.536066061659781 ], [ 77.020090040796376, 28.535976386916726 ], [ 77.020244182590929, 28.535910625409052 ], [ 77.020760036964333, 28.535616473936084 ], [ 77.020809448375104, 28.535582515672314 ], [ 77.020845061073928, 28.5355615048971 ], [ 77.021522980824528, 28.535062698637457 ], [ 77.021632801427302, 28.534937046876252 ], [ 77.022200185479576, 28.53451036242782 ], [ 77.022472647103655, 28.534280804476097 ], [ 77.023151313878827, 28.533586578898714 ], [ 77.023206038166748, 28.533536538348059 ], [ 77.023263045033644, 28.533480131963049 ], [ 77.024193068760965, 28.533108754164569 ], [ 77.024234144376209, 28.533093618419084 ], [ 77.024914416117824, 28.532842943649886 ], [ 77.025594512776593, 28.532591677146566 ], [ 77.025797853412371, 28.532504790574155 ], [ 77.026274927934608, 28.53238558236465 ], [ 77.026774050846768, 28.532267580081381 ], [ 77.026955636699455, 28.532224648815337 ], [ 77.027636460074362, 28.532093827941747 ], [ 77.027785846701676, 28.532061815736679 ], [ 77.028316918741723, 28.531948010297576 ], [ 77.028776186564642, 28.531830312847031 ], [ 77.028997323941908, 28.531817264753318 ], [ 77.029722209083658, 28.53172239425502 ], [ 77.029790266067366, 28.531713486682396 ], [ 77.029854886823117, 28.531727285733574 ], [ 77.029900169153294, 28.531705938621084 ], [ 77.029917302517262, 28.531701317800053 ], [ 77.030440438025678, 28.531560225715754 ], [ 77.031122811827331, 28.531372062576335 ], [ 77.031805183018079, 28.531183897026008 ], [ 77.031960252184874, 28.531142682451364 ], [ 77.031996687855766, 28.531124075747723 ], [ 77.032055933693243, 28.531093824829934 ], [ 77.032485457567077, 28.530874491976732 ], [ 77.033164417299005, 28.530489315086282 ], [ 77.033589285772436, 28.530274954668492 ], [ 77.033843898847962, 28.530134441528116 ], [ 77.033953796634378, 28.530081986771108 ], [ 77.034177707586736, 28.529975114097557 ], [ 77.034523896695177, 28.529809874067617 ], [ 77.034915678341406, 28.529587693013355 ], [ 77.0350176563025, 28.529529859921993 ], [ 77.035131389516067, 28.529455659734229 ], [ 77.035202119658749, 28.52938286020488 ], [ 77.035966654506595, 28.528981123988579 ], [ 77.036111635187012, 28.528900960981336 ], [ 77.036234957578586, 28.528829022679638 ], [ 77.036560456884217, 28.528639147959744 ], [ 77.036819627955225, 28.52850378029828 ], [ 77.037239913459416, 28.528284259408981 ], [ 77.037521211942419, 28.528143658722858 ], [ 77.037919627283955, 28.527944520467241 ], [ 77.037976528321053, 28.527910952753395 ], [ 77.03854138361568, 28.527577730672334 ], [ 77.038598284248977, 28.527544162716207 ], [ 77.039077172919662, 28.52728529398901 ], [ 77.039168837215456, 28.527235743846873 ], [ 77.039277346347319, 28.527167290958154 ], [ 77.039395738662563, 28.527106648250207 ], [ 77.039888994972003, 28.526853992018623 ], [ 77.03995690085415, 28.52681920966246 ], [ 77.040302416119232, 28.526652897250354 ], [ 77.04066219604033, 28.526479720228263 ], [ 77.040715132671309, 28.526454239174349 ], [ 77.040768111810493, 28.526428738512461 ], [ 77.040596276382644, 28.526131230204573 ], [ 77.040541720843279, 28.526026961837584 ], [ 77.040516969828985, 28.525979654676593 ], [ 77.040627395539531, 28.525949063316165 ], [ 77.040746166995291, 28.525911603205707 ], [ 77.041350279966593, 28.525570731811996 ], [ 77.04167237717796, 28.525397774062078 ], [ 77.041685983394899, 28.525390468020355 ], [ 77.041814081643523, 28.525554866939864 ], [ 77.041824772049324, 28.525551171702698 ], [ 77.04206423952715, 28.525468384424062 ], [ 77.041761179863386, 28.525128001617187 ], [ 77.040896860928527, 28.524157220176534 ], [ 77.040475918658316, 28.523639880626828 ], [ 77.038956065578546, 28.521871436637898 ], [ 77.038791017687885, 28.52167938827138 ], [ 77.038302320705938, 28.52122708976157 ], [ 77.038320293701929, 28.521110796100771 ], [ 77.036149294897569, 28.518573290344658 ], [ 77.036133952566331, 28.518555357882256 ], [ 77.03633573414406, 28.51853894532594 ], [ 77.035896114612058, 28.518010038916159 ], [ 77.035658462813572, 28.518000213929582 ], [ 77.034019886947149, 28.516074660672061 ], [ 77.032629541936217, 28.51444435618329 ], [ 77.030469673855208, 28.51193750633167 ], [ 77.028262918502605, 28.50935099298875 ], [ 77.027086241979177, 28.507967887921531 ], [ 77.027019999771696, 28.508090999917265 ], [ 77.026963999973745, 28.508025999838061 ], [ 77.026854000491326, 28.507897000246192 ], [ 77.026250000388444, 28.507189999771033 ], [ 77.025974999626584, 28.506866999993264 ], [ 77.024828547330884, 28.505490635518058 ], [ 77.024558633879877, 28.505166586630544 ], [ 77.02451399992745, 28.50511300044807 ], [ 77.024223999827072, 28.504771000026253 ], [ 77.022982000021813, 28.503304000427054 ], [ 77.022082000173185, 28.502237999692518 ], [ 77.021384000079166, 28.501418999965551 ], [ 77.021162000025654, 28.501157000207794 ], [ 77.020104999595262, 28.499900000315623 ], [ 77.019181574455871, 28.498779165930326 ], [ 77.018827300521295, 28.49834914786296 ], [ 77.018046999940282, 28.497402000450204 ], [ 77.017962999718208, 28.497304000450715 ], [ 77.01795399984627, 28.497292999926959 ], [ 77.017937999623626, 28.497275000011065 ], [ 77.016542000468718, 28.495649000048832 ], [ 77.016393950630189, 28.495479881752765 ] ] ] ] } },
{ "type": "Feature", "properties": { "OBJECTID": 26174, "MC_Code": 12, "MC_Ward_No": "31", "MC_Name": "Gurugram", "Area": 1324509.0762642601, "TotalPopul": 0, "GenPopulat": 0, "BCPopulati": 0, "SCPopulati": 0, "Notificati": "19/45/2023-6C I", "Notifica_1": "2023-12-14", "Remarks": "Updated in GIS Database", "created_us": null, "created_da": null, "last_edite": null, "last_edi_1": null, "Shape_STAr": 1.32450907626, "Shape_STLe": 13161.429846700001 }, "geometry": { "type": "MultiPolygon", "coordinates": [ [ [ [ 77.027936757980029, 28.468918082839178 ], [ 77.028147512731962, 28.469045972330481 ], [ 77.028171644123645, 28.469063569274233 ], [ 77.028404817604383, 28.469233599672854 ], [ 77.028665358610652, 28.46942358659571 ], [ 77.028777483382569, 28.469525239755914 ], [ 77.02880899971106, 28.469547999756575 ], [ 77.028826258430669, 28.469530681364102 ], [ 77.02909799962255, 28.469258000003062 ], [ 77.029172291357952, 28.469317181336329 ], [ 77.029195107586929, 28.469291549561518 ], [ 77.029977500242225, 28.468473506598485 ], [ 77.029992204112617, 28.468457280164916 ], [ 77.030383940516032, 28.468742839755183 ], [ 77.031524340868572, 28.469635935178189 ], [ 77.031674952707846, 28.469767059218107 ], [ 77.031911710814981, 28.469973182642704 ], [ 77.032021329590918, 28.470068617109078 ], [ 77.032238000480817, 28.46993999994368 ], [ 77.032267816450386, 28.469919768322832 ], [ 77.032182169233593, 28.469845063818447 ], [ 77.031963922288398, 28.469667835583977 ], [ 77.031763165782181, 28.469504807660705 ], [ 77.031719692963051, 28.469469505621579 ], [ 77.031944507737265, 28.469277975008112 ], [ 77.03233762816258, 28.468943052597254 ], [ 77.032402016637334, 28.468896056451364 ], [ 77.032277999595991, 28.468776999922987 ], [ 77.032209000266505, 28.468708000299042 ], [ 77.032231000000976, 28.468693000073696 ], [ 77.032032000406531, 28.468501000440185 ], [ 77.032076000155797, 28.468461999941102 ], [ 77.032032999790601, 28.468405000091071 ], [ 77.03206299962757, 28.468372999957484 ], [ 77.031939637295508, 28.468304853243673 ], [ 77.031916650093592, 28.468282128038172 ], [ 77.031800084259274, 28.468166890329353 ], [ 77.031671921563046, 28.468040187204188 ], [ 77.031619999865043, 28.467996000420236 ], [ 77.031623676272233, 28.467992491268166 ], [ 77.03160967170173, 28.46797864632514 ], [ 77.031584239700393, 28.467953504080533 ], [ 77.031584628562712, 28.467953120183051 ], [ 77.031641151136853, 28.467897226490017 ], [ 77.03195361820211, 28.46758823402924 ], [ 77.031968707091167, 28.467573312764717 ], [ 77.03201303832941, 28.467523265208701 ], [ 77.032013618803759, 28.467522755726065 ], [ 77.031840497826892, 28.46737221661283 ], [ 77.031431999718805, 28.467016999695325 ], [ 77.031379452655244, 28.466972758067655 ], [ 77.031411445000501, 28.466947078193797 ], [ 77.031530069256206, 28.466851858772948 ], [ 77.031771619504838, 28.466657967013017 ], [ 77.031891670203549, 28.466561602547738 ], [ 77.032301539127104, 28.466232598709407 ], [ 77.032411612101043, 28.46614310278984 ], [ 77.03246094741759, 28.466102991050061 ], [ 77.032442842704071, 28.466093337555336 ], [ 77.032276757057218, 28.46600478578322 ], [ 77.032050463869609, 28.465884131697418 ], [ 77.032048725518436, 28.465883204787712 ], [ 77.031969616686396, 28.465841025163844 ], [ 77.031617653436854, 28.465652599865276 ], [ 77.031251155810153, 28.46545639133361 ], [ 77.031244424807696, 28.4654527768813 ], [ 77.031093465653299, 28.465371728107286 ], [ 77.03106771480499, 28.465357902436324 ], [ 77.031048521411165, 28.465427023599212 ], [ 77.031039606373994, 28.465459131769649 ], [ 77.031005157276979, 28.465593759082761 ], [ 77.030969514804383, 28.465733052251736 ], [ 77.030966616019256, 28.465744381323606 ], [ 77.030941066512639, 28.465844229710903 ], [ 77.030936444199597, 28.465862293546774 ], [ 77.030918726453606, 28.465931535224989 ], [ 77.030911717475803, 28.465958928078468 ], [ 77.030900564060204, 28.466002516067103 ], [ 77.030871527640699, 28.466064158406109 ], [ 77.030825531501719, 28.466161805411687 ], [ 77.030799466978067, 28.466192772854132 ], [ 77.030692465267265, 28.466377580896864 ], [ 77.030110348133022, 28.467228151428102 ], [ 77.03000434760574, 28.467386872242901 ], [ 77.029887999571244, 28.467310000435198 ], [ 77.029674999910711, 28.467171000264621 ], [ 77.029605000379249, 28.467124000060597 ], [ 77.029405999804752, 28.466993999931791 ], [ 77.029127999637339, 28.466811999829869 ], [ 77.029019999574928, 28.466740999714276 ], [ 77.028669999856461, 28.466511000104791 ], [ 77.02821000049687, 28.466208999868066 ], [ 77.02826199980727, 28.466154999575263 ], [ 77.028357999758967, 28.466039999555147 ], [ 77.028426000030919, 28.465959000202169 ], [ 77.028585000434347, 28.465769000117881 ], [ 77.02867599974293, 28.465666000050671 ], [ 77.028753999806, 28.46557699994414 ], [ 77.028314999974327, 28.465284999621261 ], [ 77.027982000072541, 28.465066000395872 ], [ 77.02768200044585, 28.464862999697015 ], [ 77.026888999998818, 28.464323999696099 ], [ 77.026554999848443, 28.464721999929413 ], [ 77.026267999644247, 28.465063000019036 ], [ 77.026001000406126, 28.465376000052245 ], [ 77.026102000294969, 28.465446999629833 ], [ 77.025873000041898, 28.465712999688815 ], [ 77.025706000342581, 28.465600000266566 ], [ 77.025483000216283, 28.465859000062128 ], [ 77.025223999727146, 28.465661000315226 ], [ 77.025135000473682, 28.465614999851223 ], [ 77.025122999665967, 28.465606999606145 ], [ 77.025044000055743, 28.465552999632454 ], [ 77.024716999578004, 28.465316000051757 ], [ 77.024377999562674, 28.465083999571572 ], [ 77.024587000366637, 28.464839999623589 ], [ 77.024207999535761, 28.464542000122655 ], [ 77.024123000045122, 28.464479000316732 ], [ 77.023965999920804, 28.464339000059702 ], [ 77.024602999795675, 28.463593000259468 ], [ 77.025027000456603, 28.463923000347169 ], [ 77.025239000361367, 28.464083000342196 ], [ 77.025451000298673, 28.464223000105314 ], [ 77.025509441396196, 28.464149460864455 ], [ 77.025637856822215, 28.463881775428653 ], [ 77.025396999991656, 28.463703999889724 ], [ 77.025315999907406, 28.463641999722032 ], [ 77.02526199978503, 28.463599999706638 ], [ 77.025067000119606, 28.463450000037433 ], [ 77.024768999876159, 28.463221999864803 ], [ 77.024698205286739, 28.463163094026818 ], [ 77.024309092098818, 28.462862030901618 ], [ 77.024249043184966, 28.462813252640117 ], [ 77.024126268631207, 28.462713523289104 ], [ 77.024063988945542, 28.46266293281931 ], [ 77.023969510614279, 28.462586188429384 ], [ 77.023864324760154, 28.462500745770331 ], [ 77.023664660161188, 28.462338558408575 ], [ 77.023588930381209, 28.46226993298162 ], [ 77.02363174828416, 28.462217042887396 ], [ 77.023850661552132, 28.46200846039892 ], [ 77.024298788251457, 28.461564877948973 ], [ 77.024561172858498, 28.461300529381258 ], [ 77.024688446952013, 28.461172302425901 ], [ 77.025099027362117, 28.460743602392327 ], [ 77.025443949338495, 28.460413766134412 ], [ 77.025715907948495, 28.46012938672191 ], [ 77.026033477658075, 28.459797310793078 ], [ 77.02626564626712, 28.459549985668133 ], [ 77.026321769592101, 28.459490198338731 ], [ 77.026435875407799, 28.459368642305883 ], [ 77.02646583436794, 28.459336727029182 ], [ 77.026640653641195, 28.459195092810138 ], [ 77.026696290839837, 28.459117448586248 ], [ 77.02712484991406, 28.458519378365381 ], [ 77.027472951422467, 28.45805698942068 ], [ 77.027593837838481, 28.457896412684047 ], [ 77.027621640680763, 28.457859153066561 ], [ 77.027511999725007, 28.457796000120887 ], [ 77.027367000031262, 28.45770200007464 ], [ 77.027284000421744, 28.457616999815119 ], [ 77.027250000497261, 28.457574000306401 ], [ 77.027223000464986, 28.457538999629215 ], [ 77.027173999999874, 28.457445000398465 ], [ 77.027142000006407, 28.457344999723233 ], [ 77.027119000336867, 28.457217000045883 ], [ 77.027117999668789, 28.457146000224007 ], [ 77.027164999852971, 28.456986999767338 ], [ 77.027167000040492, 28.456916000333784 ], [ 77.027144999985694, 28.456840000423476 ], [ 77.027091999543742, 28.456777999753378 ], [ 77.026969999883619, 28.456734999715735 ], [ 77.026623999952079, 28.456618000065909 ], [ 77.026583000308605, 28.456609999795116 ], [ 77.026539000146713, 28.456601000192013 ], [ 77.026521249460373, 28.456597586672292 ], [ 77.026538583257093, 28.45656014939 ], [ 77.026367347569476, 28.456535262770885 ], [ 77.025706056532442, 28.456707463770428 ], [ 77.025576477351322, 28.456733650958959 ], [ 77.024871832521697, 28.456876052574025 ], [ 77.023946031772212, 28.457063142227511 ], [ 77.023674749819961, 28.457175718560197 ], [ 77.02373998879051, 28.457277958820402 ], [ 77.02369713240401, 28.457368656554408 ], [ 77.023785829170507, 28.457424588740032 ], [ 77.023840523706951, 28.457459079664034 ], [ 77.023848999547099, 28.45748099998837 ], [ 77.023940181663775, 28.457521924030441 ], [ 77.024256876265298, 28.457721631214483 ], [ 77.024197740331871, 28.457785750564508 ], [ 77.02414752280626, 28.457840200114902 ], [ 77.024109877152611, 28.457881019184562 ], [ 77.024103005988678, 28.457888818577366 ], [ 77.024089216747356, 28.457904474006529 ], [ 77.024179204331233, 28.457976669775981 ], [ 77.024140828485017, 28.458021019827761 ], [ 77.02404607462104, 28.458130524629279 ], [ 77.024015233804448, 28.45817228643088 ], [ 77.023921673593691, 28.45827950214893 ], [ 77.023693013801378, 28.458541533795628 ], [ 77.023561629050533, 28.458664534932186 ], [ 77.023287651087742, 28.458917865635147 ], [ 77.022994973577866, 28.459186563250977 ], [ 77.022929204470188, 28.45924694302818 ], [ 77.022700461741493, 28.459445126087648 ], [ 77.022623031674598, 28.459512211347395 ], [ 77.022461897758802, 28.459647830389805 ], [ 77.022403796561107, 28.459676100015081 ], [ 77.022294864195018, 28.459729102117375 ], [ 77.022121601309607, 28.459808364676665 ], [ 77.022123113453986, 28.459811632196956 ], [ 77.022140572564396, 28.459849370070781 ], [ 77.022181623147986, 28.459930890671536 ], [ 77.022191697187438, 28.459950896888532 ], [ 77.022340880817424, 28.460265916649519 ], [ 77.022438925665796, 28.460466799257343 ], [ 77.022546636756218, 28.460696486618708 ], [ 77.022669337788074, 28.460950720691915 ], [ 77.022608281588873, 28.460975808439105 ], [ 77.022456822825816, 28.461038042693868 ], [ 77.022361480016301, 28.4610772180522 ], [ 77.022352008960439, 28.461081110009804 ], [ 77.022225783767695, 28.461130185926624 ], [ 77.022117523322819, 28.461172277434329 ], [ 77.021918694404448, 28.46124958195146 ], [ 77.021815353674853, 28.461289760166746 ], [ 77.02157360972916, 28.461383747992059 ], [ 77.021537509575282, 28.461397783948758 ], [ 77.021532183134482, 28.461399854637321 ], [ 77.021474130187244, 28.461421173207352 ], [ 77.021443948247523, 28.461432257074698 ], [ 77.021443807299761, 28.461432308799658 ], [ 77.021212435831146, 28.461517274325274 ], [ 77.020975138088261, 28.46160441560335 ], [ 77.020961159934402, 28.461609548419549 ], [ 77.020897099085488, 28.461473668333348 ], [ 77.020897065029189, 28.461473595748284 ], [ 77.02082654795602, 28.461325479909281 ], [ 77.02074075420299, 28.461152823043218 ], [ 77.020682533234762, 28.461035654923098 ], [ 77.020568951010986, 28.460807074666764 ], [ 77.020546819025199, 28.460762535438416 ], [ 77.020541180852192, 28.460753157961115 ], [ 77.020114265998089, 28.460911232283866 ], [ 77.020042639528, 28.460937752757889 ], [ 77.019849903636668, 28.461009117384101 ], [ 77.019827258024208, 28.461017501889991 ], [ 77.019805632028081, 28.461025164699901 ], [ 77.019761445904194, 28.461040821814628 ], [ 77.019745280669738, 28.461046550061631 ], [ 77.019710884112484, 28.461058736564901 ], [ 77.01969121259657, 28.461065707996646 ], [ 77.019673395117024, 28.461072021140051 ], [ 77.019658609263175, 28.46107726056578 ], [ 77.01963666879891, 28.461085033596135 ], [ 77.019607541312482, 28.461095354244488 ], [ 77.019607171120427, 28.461095486072765 ], [ 77.019160130746045, 28.461253886152956 ], [ 77.01883344277887, 28.46138323783671 ], [ 77.018426657099965, 28.461518286741896 ], [ 77.018481086365696, 28.461637590319654 ], [ 77.018487585997732, 28.461752093683884 ], [ 77.018506668875489, 28.461880790292444 ], [ 77.018542126769617, 28.462119914782757 ], [ 77.018563528523273, 28.462207664813135 ], [ 77.018609644292283, 28.462188306814191 ], [ 77.018644496274021, 28.462173677439214 ], [ 77.019279309353465, 28.461899905957399 ], [ 77.019706688206256, 28.461715591067971 ], [ 77.019744600862595, 28.46178148322468 ], [ 77.019870137876012, 28.46199966375751 ], [ 77.01987916530048, 28.461995898570667 ], [ 77.019901999789496, 28.462037000301791 ], [ 77.019917999623416, 28.462066000026091 ], [ 77.020033149245137, 28.462279702851792 ], [ 77.020361999748928, 28.462889999782099 ], [ 77.020614000417424, 28.462780999692875 ], [ 77.02073300019282, 28.463000999939098 ], [ 77.020792999862877, 28.463123999656251 ], [ 77.020831999769413, 28.463106000028766 ], [ 77.021066537432574, 28.463482129111373 ], [ 77.021062925593853, 28.463484159863665 ], [ 77.02045944634969, 28.463822007422955 ], [ 77.020492999687875, 28.46386700045219 ], [ 77.020602999690183, 28.464014999811724 ], [ 77.020911999600003, 28.464327999770163 ], [ 77.021095000285001, 28.464500000240619 ], [ 77.021202999533514, 28.464438999851069 ], [ 77.021463000283077, 28.464963000014166 ], [ 77.021515999505056, 28.464924999701875 ], [ 77.021789305647445, 28.465075318308259 ], [ 77.021610799687409, 28.465422170157201 ], [ 77.021494213967316, 28.465678782109261 ], [ 77.021423380407242, 28.465834689972418 ], [ 77.021395133745244, 28.465896861059935 ], [ 77.02119245500198, 28.466342963160457 ], [ 77.021119271357932, 28.466504042047291 ], [ 77.021004207426344, 28.466757298594082 ], [ 77.020874999262261, 28.467041684625233 ], [ 77.020825545116111, 28.467146367844144 ], [ 77.020797240546756, 28.467206281978815 ], [ 77.020710963486948, 28.467017041792193 ], [ 77.020471693278068, 28.466625227623279 ], [ 77.020389971588159, 28.466484712792461 ], [ 77.020356055636157, 28.466426396412121 ], [ 77.020201407077309, 28.466396000764732 ], [ 77.020198590438667, 28.466395447054897 ], [ 77.020170999860909, 28.466383999964812 ], [ 77.02009399992275, 28.466372000163879 ], [ 77.020092719554839, 28.466374637834129 ], [ 77.019984498447641, 28.466353367145562 ], [ 77.019815178354278, 28.466781026600248 ], [ 77.019810058379534, 28.466788920701891 ], [ 77.019726984661304, 28.466916991319088 ], [ 77.019597835414942, 28.467069058732488 ], [ 77.019534916102074, 28.467143141272661 ], [ 77.019522446313402, 28.46715782469958 ], [ 77.019331730531547, 28.467358341710867 ], [ 77.01925247363728, 28.467419549155164 ], [ 77.01916810225714, 28.467484706338322 ], [ 77.019074513361076, 28.467556981004776 ], [ 77.019005343326597, 28.46758522600933 ], [ 77.018782894851313, 28.467651558803073 ], [ 77.018558579904365, 28.467705026930389 ], [ 77.018435737751247, 28.467724041413881 ], [ 77.018366857914415, 28.467729858141901 ], [ 77.01834439583952, 28.467731755363396 ], [ 77.018316681189518, 28.467734096005913 ], [ 77.018283851738488, 28.46768052471819 ], [ 77.018222885406502, 28.467713176507367 ], [ 77.018190523528133, 28.467730508436439 ], [ 77.018168308696005, 28.467742404623365 ], [ 77.018164662216265, 28.467728816863822 ], [ 77.018090474655892, 28.467452434959959 ], [ 77.018024360596741, 28.467206131563184 ], [ 77.018010320151802, 28.467153822566893 ], [ 77.018004407732732, 28.467131797070444 ], [ 77.017928577092803, 28.467176988353124 ], [ 77.017851138897285, 28.467223136492869 ], [ 77.017851614931402, 28.467233677120099 ], [ 77.017846999551338, 28.467235999710173 ], [ 77.017878999554227, 28.467438999883623 ], [ 77.0177519997372, 28.467495000035662 ], [ 77.017645581244736, 28.467345623315836 ], [ 77.01758468504255, 28.467381698237638 ], [ 77.017520306054053, 28.467419837074871 ], [ 77.017346285947454, 28.46753635381944 ], [ 77.017451970392813, 28.467638780119383 ], [ 77.017658909829734, 28.467893215206438 ], [ 77.017890780414177, 28.468151921677453 ], [ 77.018149180260664, 28.468441748866912 ], [ 77.018323622345534, 28.468664061976853 ], [ 77.01836116802076, 28.468705768476749 ], [ 77.018686304421877, 28.469066939718271 ], [ 77.018956353407162, 28.469372350133288 ], [ 77.019170546733946, 28.46960919889154 ], [ 77.019175406573368, 28.469614571557955 ], [ 77.019204601239878, 28.469646854848278 ], [ 77.019229999758096, 28.469676000155609 ], [ 77.019430202589305, 28.469906590820894 ], [ 77.019509831060134, 28.470004457403132 ], [ 77.019453088336107, 28.470130673165968 ], [ 77.019382802674841, 28.470287011400409 ], [ 77.01936149945638, 28.470334397594314 ], [ 77.019288178315776, 28.470497486304506 ], [ 77.018977025436172, 28.471184931809521 ], [ 77.018879564811115, 28.471410284276125 ], [ 77.018614131659419, 28.472024023068705 ], [ 77.018551824883161, 28.472168091280995 ], [ 77.018528634876873, 28.472221710900577 ], [ 77.018283949114632, 28.472751138617337 ], [ 77.018268989611485, 28.472784661378359 ], [ 77.018268590940991, 28.472785553413964 ], [ 77.017957904259248, 28.473481740118903 ], [ 77.017933258387416, 28.47353696670449 ], [ 77.017903311450667, 28.473604069420094 ], [ 77.017833958577469, 28.473759473597102 ], [ 77.017833674529811, 28.47376011036722 ], [ 77.017730669905276, 28.47399091974928 ], [ 77.017586040176298, 28.474313237902333 ], [ 77.017585810931806, 28.474313749333014 ], [ 77.017421092053141, 28.474680833755336 ], [ 77.017242191851551, 28.475063689624797 ], [ 77.017241929838747, 28.475064250268645 ], [ 77.016989329006762, 28.475604824719369 ], [ 77.016982708682534, 28.475618922152989 ], [ 77.016859481851299, 28.475881313989927 ], [ 77.016462544417081, 28.476642174344818 ], [ 77.016462340449038, 28.476642565385045 ], [ 77.016181636841708, 28.477180618175471 ], [ 77.016136239322492, 28.477282496545168 ], [ 77.016135486094143, 28.477284187007999 ], [ 77.015712557036849, 28.478233298607954 ], [ 77.015612072050516, 28.478460151161279 ], [ 77.01550275754596, 28.478706938655254 ], [ 77.015337091674809, 28.479059536667656 ], [ 77.015031936173116, 28.479709011419878 ], [ 77.014854177834081, 28.480087339388671 ], [ 77.014676383934571, 28.48046573986737 ], [ 77.014541430891526, 28.480752856853787 ], [ 77.014537704520521, 28.480760888039658 ], [ 77.014540341183363, 28.480755277792959 ], [ 77.014635000415637, 28.480789999942051 ], [ 77.014710083198622, 28.480813344668157 ], [ 77.01475400034046, 28.480826999745922 ], [ 77.01550097311771, 28.481078697645884 ], [ 77.017683608746637, 28.476448136132461 ], [ 77.017823480015892, 28.476472843900723 ], [ 77.017885148515589, 28.476483736803949 ], [ 77.017908000107624, 28.476482999660302 ], [ 77.018001999586133, 28.476498000185504 ], [ 77.018197999844006, 28.476539000219713 ], [ 77.018320999620812, 28.476554000404946 ], [ 77.018414999907449, 28.476546000393249 ], [ 77.018569999902965, 28.476508999609898 ], [ 77.018621082756411, 28.476492962340359 ], [ 77.018741999780332, 28.476455000225769 ], [ 77.019026999622639, 28.47635299979439 ], [ 77.019258000236235, 28.476249999772723 ], [ 77.019463999620825, 28.476151999873888 ], [ 77.019706000491468, 28.476018000299046 ], [ 77.019712000356222, 28.476015000149676 ], [ 77.019827999956107, 28.476014000391675 ], [ 77.019828158280831, 28.476014055790294 ], [ 77.020026237464009, 28.476285623702129 ], [ 77.02029954901225, 28.476660333560325 ], [ 77.020347869859336, 28.476638591378087 ], [ 77.021149537622165, 28.476277871721582 ], [ 77.02121600357097, 28.476234791201939 ], [ 77.021169000235872, 28.476152000232371 ], [ 77.021121000479326, 28.476028999623914 ], [ 77.021164000075458, 28.476008000414204 ], [ 77.021190999802684, 28.475992999732011 ], [ 77.021132000083341, 28.475919000113521 ], [ 77.021049999685999, 28.475964999662043 ], [ 77.020966999729396, 28.475826999658203 ], [ 77.020942000253228, 28.475629000405846 ], [ 77.020835999750133, 28.475656000108369 ], [ 77.020818000283001, 28.47554999960494 ], [ 77.02094799967351, 28.475506000055564 ], [ 77.020925999661202, 28.475339000041757 ], [ 77.02102000031104, 28.475345999976394 ], [ 77.021070999929506, 28.475341999614066 ], [ 77.021125000290453, 28.475336999924998 ], [ 77.02111700040183, 28.475137999908618 ], [ 77.021044000191964, 28.474908999980926 ], [ 77.021016999927355, 28.474773999754191 ], [ 77.020868999927927, 28.474404000355829 ], [ 77.021668999950535, 28.474202999691251 ], [ 77.021550999656426, 28.474039000149507 ], [ 77.021573000000359, 28.474003999878747 ], [ 77.021680000458176, 28.473937000381717 ], [ 77.0218010002922, 28.473802000221706 ], [ 77.021919000472366, 28.473669999798716 ], [ 77.021838999967088, 28.473626000362987 ], [ 77.021961999524393, 28.473462999928021 ], [ 77.022036000428685, 28.473501000315579 ], [ 77.022017999744207, 28.473535000007299 ], [ 77.022185999601092, 28.4736849997993 ], [ 77.022472999620973, 28.473512000368199 ], [ 77.022628000120832, 28.473426999602886 ], [ 77.022708000255633, 28.4734019997478 ], [ 77.022784000386721, 28.473464999588412 ], [ 77.022884999688799, 28.473436999964683 ], [ 77.023040999860754, 28.473351000297775 ], [ 77.022877479062331, 28.473093966680896 ], [ 77.022720999794444, 28.472848000164852 ], [ 77.022640733074013, 28.472761446316781 ], [ 77.022630337817461, 28.47274572126808 ], [ 77.022545765772264, 28.472618054086844 ], [ 77.022513990559531, 28.472599108941242 ], [ 77.022489024680496, 28.472565099582827 ], [ 77.022408921037325, 28.472445007000911 ], [ 77.022334339338769, 28.472340680347237 ], [ 77.022227999969616, 28.472258999676733 ], [ 77.022253993097152, 28.472254095840054 ], [ 77.022208752797823, 28.472210828404005 ], [ 77.022226187673269, 28.472200425662919 ], [ 77.02224877736009, 28.472194837028823 ], [ 77.022259949966511, 28.472185599432564 ], [ 77.022384347241115, 28.472134565986565 ], [ 77.022505383752602, 28.472077375101779 ], [ 77.022498519530558, 28.472064418282802 ], [ 77.022450096187754, 28.471973019551516 ], [ 77.02259808893065, 28.471894547018969 ], [ 77.022834496662426, 28.471766402390021 ], [ 77.023079429536949, 28.471631923188344 ], [ 77.023326085700901, 28.471498094687387 ], [ 77.023353283466022, 28.471482200946067 ], [ 77.023292000206112, 28.47138899969649 ], [ 77.023546524369095, 28.471251289994886 ], [ 77.02343220967407, 28.471069631244177 ], [ 77.023390387456644, 28.470988864550069 ], [ 77.023003682207246, 28.47034842931868 ], [ 77.022992694508829, 28.470331023886168 ], [ 77.022941045602934, 28.470249211220342 ], [ 77.023084720422801, 28.470150551753946 ], [ 77.023128405629663, 28.470120553410364 ], [ 77.023473280875095, 28.469888870564485 ], [ 77.023541905469258, 28.469842769213088 ], [ 77.023581665240343, 28.469900162110235 ], [ 77.023623081027168, 28.469959945959587 ], [ 77.023671605175039, 28.470017956434614 ], [ 77.023753640179294, 28.470126580378935 ], [ 77.023812553275505, 28.470204589430587 ], [ 77.023915554062398, 28.470348171660078 ], [ 77.023965205753797, 28.470426633422701 ], [ 77.023972872998058, 28.470438749848618 ], [ 77.023988124045061, 28.470464122717178 ], [ 77.024050562756159, 28.470571703584749 ], [ 77.024177792750166, 28.470804023722394 ], [ 77.024197366980573, 28.470842431731604 ], [ 77.024176881002475, 28.470850145090306 ], [ 77.024248960758655, 28.471016989054178 ], [ 77.024264776401239, 28.4710427757819 ], [ 77.024289885907365, 28.471031826292638 ], [ 77.024503999717311, 28.471496000070324 ], [ 77.024647999941052, 28.471727999557295 ], [ 77.024871999946015, 28.472067000101568 ], [ 77.02499400006991, 28.472248999611388 ], [ 77.025275000194426, 28.472142000217769 ], [ 77.02510400033438, 28.471748000008635 ], [ 77.025251999691832, 28.471691999587282 ], [ 77.025118999833168, 28.47138700041792 ], [ 77.025060999936201, 28.471262999661327 ], [ 77.025054999916108, 28.471248999614883 ], [ 77.025010000451346, 28.471139000182792 ], [ 77.024958000107688, 28.471025000175427 ], [ 77.02566099976633, 28.470832999761715 ], [ 77.025682000465906, 28.470499000408807 ], [ 77.025734000435932, 28.470118999890591 ], [ 77.02576500000616, 28.469807999716004 ], [ 77.025762000060993, 28.469838999796693 ], [ 77.026387000171624, 28.47105600000382 ], [ 77.02596099983954, 28.471178000183503 ], [ 77.026115000028, 28.471432999894279 ], [ 77.026802000424695, 28.472191999782073 ], [ 77.026900999651886, 28.472307000138997 ], [ 77.027168000247812, 28.472180000024395 ], [ 77.027187999662615, 28.472119000261038 ], [ 77.027233000076322, 28.472070999737074 ], [ 77.027388999783227, 28.47190399969756 ], [ 77.027448999550188, 28.471861999893733 ], [ 77.027516000341222, 28.471813999658181 ], [ 77.027596410205021, 28.47177096360409 ], [ 77.027738025013321, 28.471917651108747 ], [ 77.028003252253313, 28.472192378055919 ], [ 77.028051850770908, 28.472242716586027 ], [ 77.027927718139154, 28.472299061553919 ], [ 77.027975000444016, 28.472346999622317 ], [ 77.02759399995864, 28.472635999807153 ], [ 77.027960999791247, 28.473131000054629 ], [ 77.028008999896258, 28.473171000181399 ], [ 77.0280389997925, 28.473161000319514 ], [ 77.028134000289299, 28.473255000133058 ], [ 77.028154503241524, 28.473248061044334 ], [ 77.028257671783663, 28.473450031304612 ], [ 77.028286757249973, 28.473506970108662 ], [ 77.028317992311599, 28.473488443435336 ], [ 77.028363999924281, 28.47364300024255 ], [ 77.028409000341512, 28.473710000159983 ], [ 77.028491102725752, 28.473682161048906 ], [ 77.02861322117549, 28.474026810370916 ], [ 77.028741319529459, 28.474388333698634 ], [ 77.028766995175218, 28.47437942056742 ], [ 77.029409676235503, 28.474156321792453 ], [ 77.029497162449573, 28.474049538484397 ], [ 77.029504728725868, 28.474040303614188 ], [ 77.029546558786592, 28.474012375661164 ], [ 77.029509179653061, 28.473935697405604 ], [ 77.028975697781064, 28.472841331005952 ], [ 77.028523670265614, 28.471809518005958 ], [ 77.028409244518897, 28.471414569060165 ], [ 77.028435866515039, 28.47140882901817 ], [ 77.028317220138135, 28.471096941699244 ], [ 77.027903828540474, 28.470010233937533 ], [ 77.02791450492488, 28.470003711274153 ], [ 77.027851515280815, 28.469861802223868 ], [ 77.027484999704185, 28.469480999773399 ], [ 77.026933000228368, 28.468613000314477 ], [ 77.027182000043908, 28.468373000369848 ], [ 77.027544680973065, 28.46863492854845 ], [ 77.027826114094992, 28.468838177109305 ], [ 77.027936757980029, 28.468918082839178 ] ] ] ] } },
{ "type": "Feature", "properties": { "OBJECTID": 26175, "MC_Code": 12, "MC_Ward_No": "26", "MC_Name": "Gurugram", "Area": 1917077.6081767399, "TotalPopul": 0, "GenPopulat": 0, "BCPopulati": 0, "SCPopulati": 0, "Notificati": "19/45/2023-6C I", "Notifica_1": "2023-12-14", "Remarks": "Updated in GIS Database", "created_us": null, "created_da": null, "last_edite": null, "last_edi_1": null, "Shape_STAr": 1.9170776081800001, "Shape_STLe": 9094.8018944100004 }, "geometry": { "type": "MultiPolygon", "coordinates": [ [ [ [ 77.03328686857175, 28.484076130999412 ], [ 77.034667291950356, 28.483205302142437 ], [ 77.035620000103648, 28.479740000221891 ], [ 77.035444999997381, 28.479689000232408 ], [ 77.035358999530189, 28.478572999885063 ], [ 77.036264999583352, 28.478737999858499 ], [ 77.036941999677737, 28.47886199982651 ], [ 77.036960999556129, 28.478864999682404 ], [ 77.037003000402521, 28.478871999694061 ], [ 77.037519999730051, 28.478978999998048 ], [ 77.037528999680234, 28.478981000064358 ], [ 77.038072000037516, 28.479088999917863 ], [ 77.038629999556832, 28.479207999683918 ], [ 77.03899200002239, 28.479281999757095 ], [ 77.03908700039166, 28.479306000306856 ], [ 77.039299000135983, 28.479360000268869 ], [ 77.03937899985057, 28.479380999742283 ], [ 77.039541999688993, 28.479445999606579 ], [ 77.039556000111887, 28.4794520004337 ], [ 77.039636999586037, 28.479484999571909 ], [ 77.040290999753424, 28.479775000376545 ], [ 77.040478000376879, 28.47985799988356 ], [ 77.041029000317494, 28.480102999762693 ], [ 77.041903999929133, 28.480473999584657 ], [ 77.04195699970532, 28.480493999916167 ], [ 77.042130999973125, 28.480558000225095 ], [ 77.04227699948926, 28.480606999820818 ], [ 77.043277999729852, 28.48084400028106 ], [ 77.043976000491753, 28.48099400001178 ], [ 77.045491000381404, 28.481312999664048 ], [ 77.045601000450119, 28.481336000099269 ], [ 77.046131000117825, 28.481446999583145 ], [ 77.046755000263275, 28.481577999713359 ], [ 77.047012000426761, 28.481632999784757 ], [ 77.047313999688384, 28.481696000386219 ], [ 77.047566000178676, 28.481731999922353 ], [ 77.047759000399537, 28.481748000270581 ], [ 77.047930999526443, 28.481759000116593 ], [ 77.048016999777559, 28.481758000323243 ], [ 77.048376000223428, 28.481723999741369 ], [ 77.048902890687032, 28.481674915001264 ], [ 77.049070204394894, 28.481659327732018 ], [ 77.048998924764064, 28.481372494186083 ], [ 77.045802000296703, 28.477650999731075 ], [ 77.045365000173092, 28.477158999776865 ], [ 77.044991999573938, 28.476736999986098 ], [ 77.044641000078187, 28.476339000032496 ], [ 77.04406761966429, 28.475689015448115 ], [ 77.043903526415619, 28.475502997688537 ], [ 77.043824566959699, 28.475400670649162 ], [ 77.04375228790596, 28.475316345201602 ], [ 77.043677800465332, 28.475229441503778 ], [ 77.043505492963746, 28.475028414248346 ], [ 77.043452029142671, 28.47496603793325 ], [ 77.042812135939059, 28.474247342256717 ], [ 77.042480190883865, 28.473874513149763 ], [ 77.042201013354614, 28.473560946539422 ], [ 77.042123093594, 28.473473429305866 ], [ 77.042123065422018, 28.473473398146705 ], [ 77.040042712058408, 28.47113670977906 ], [ 77.03946258310215, 28.470494329253771 ], [ 77.039170857139254, 28.470171295895867 ], [ 77.039138615057666, 28.470135593281061 ], [ 77.039115452991908, 28.470110881400419 ], [ 77.038945527947078, 28.46992958425313 ], [ 77.038580467321736, 28.469518826021716 ], [ 77.037768200714154, 28.468581717732182 ], [ 77.037652973603116, 28.468448779989377 ], [ 77.037630314803408, 28.468422638171617 ], [ 77.037617654582476, 28.468431528400931 ], [ 77.037434379911531, 28.468560228195408 ], [ 77.037095278862935, 28.468798351221594 ], [ 77.036387263507279, 28.469291802641738 ], [ 77.03622049031857, 28.469412481758955 ], [ 77.035797662044189, 28.469718442174614 ], [ 77.035259573350743, 28.470088420841812 ], [ 77.035140987095033, 28.470169957809158 ], [ 77.034859440241334, 28.470368269316896 ], [ 77.034677790573767, 28.470496216687849 ], [ 77.034622838166769, 28.470522818433253 ], [ 77.03443630618419, 28.470640454260209 ], [ 77.034286567536242, 28.470734886608593 ], [ 77.034249774800671, 28.470758089835051 ], [ 77.034185664696182, 28.470798520766348 ], [ 77.034166691663117, 28.47081048562119 ], [ 77.034132172434056, 28.470617760930494 ], [ 77.034129609828142, 28.470603453628755 ], [ 77.03406617089297, 28.470080174996419 ], [ 77.034034860483871, 28.469852688636323 ], [ 77.034018889670492, 28.469709544217924 ], [ 77.03397106973587, 28.469280924369283 ], [ 77.033865371468849, 28.468333520918236 ], [ 77.033788925534466, 28.467648296713119 ], [ 77.033716938942348, 28.467003043191294 ], [ 77.033715948913638, 28.466994165284131 ], [ 77.033536451025654, 28.467037192434411 ], [ 77.033190415558849, 28.467308572080697 ], [ 77.032840545224545, 28.467583647434815 ], [ 77.032525163181731, 28.46783160494557 ], [ 77.032417535471112, 28.467910012390679 ], [ 77.032400255242123, 28.467894102276073 ], [ 77.032396716869954, 28.467890844422236 ], [ 77.032384193278332, 28.467879313624621 ], [ 77.032072338817585, 28.467580152320469 ], [ 77.032075999556454, 28.467576999821848 ], [ 77.032013618803759, 28.467522755726065 ], [ 77.03201303832941, 28.467523265208701 ], [ 77.031968707091167, 28.467573312764717 ], [ 77.03195361820211, 28.46758823402924 ], [ 77.031641151136853, 28.467897226490017 ], [ 77.031584628562712, 28.467953120183051 ], [ 77.031584239700393, 28.467953504080533 ], [ 77.03160967170173, 28.46797864632514 ], [ 77.031623676272233, 28.467992491268166 ], [ 77.031619999865043, 28.467996000420236 ], [ 77.031671921563046, 28.468040187204188 ], [ 77.031916650093592, 28.468282128038172 ], [ 77.031939637295508, 28.468304853243673 ], [ 77.03206299962757, 28.468372999957484 ], [ 77.032032999790601, 28.468405000091071 ], [ 77.032076000155797, 28.468461999941102 ], [ 77.032032000406531, 28.468501000440185 ], [ 77.032231000000976, 28.468693000073696 ], [ 77.032209000266505, 28.468708000299042 ], [ 77.032277999595991, 28.468776999922987 ], [ 77.032402016637334, 28.468896056451364 ], [ 77.03233762816258, 28.468943052597254 ], [ 77.031995198046801, 28.469234788669976 ], [ 77.031944507737265, 28.469277975008112 ], [ 77.031719692963051, 28.469469505621579 ], [ 77.031763165782181, 28.469504807660705 ], [ 77.031963922288398, 28.469667835583977 ], [ 77.032182169233593, 28.469845063818447 ], [ 77.032267816450386, 28.469919768322832 ], [ 77.032238000480817, 28.46993999994368 ], [ 77.03211792074984, 28.470011279742629 ], [ 77.032021329590918, 28.470068617109078 ], [ 77.031911710814981, 28.469973182642704 ], [ 77.031674952707846, 28.469767059218107 ], [ 77.031524340868572, 28.469635935178189 ], [ 77.030383940516032, 28.468742839755183 ], [ 77.029992204112617, 28.468457280164916 ], [ 77.029977500242225, 28.468473506598485 ], [ 77.029195107586929, 28.469291549561518 ], [ 77.029172291357952, 28.469317181336329 ], [ 77.02909799962255, 28.469258000003062 ], [ 77.02880899971106, 28.469547999756575 ], [ 77.028777483382569, 28.469525239755914 ], [ 77.028665358610652, 28.46942358659571 ], [ 77.028404817604383, 28.469233599672854 ], [ 77.028171644123645, 28.469063569274233 ], [ 77.028147512731962, 28.469045972330481 ], [ 77.027936757980029, 28.468918082839178 ], [ 77.027182000043908, 28.468373000369848 ], [ 77.026933000228368, 28.468613000314477 ], [ 77.027484999704185, 28.469480999773399 ], [ 77.027851515280815, 28.469861802223868 ], [ 77.02791450492488, 28.470003711274153 ], [ 77.027903828540474, 28.470010233937533 ], [ 77.028317220138135, 28.471096941699244 ], [ 77.028435866515039, 28.47140882901817 ], [ 77.028409244518897, 28.471414569060165 ], [ 77.028523670265614, 28.471809518005958 ], [ 77.028975697781064, 28.472841331005952 ], [ 77.029546558786592, 28.474012375661164 ], [ 77.029504728725868, 28.474040303614188 ], [ 77.029497162449573, 28.474049538484397 ], [ 77.029567408387962, 28.474115854304916 ], [ 77.029596654956038, 28.474143465618173 ], [ 77.029628999640181, 28.474174000325551 ], [ 77.029669564451368, 28.474241883538905 ], [ 77.029763501690539, 28.474399083661535 ], [ 77.029776000031177, 28.474419999553266 ], [ 77.030096999768858, 28.474865000213534 ], [ 77.0301569999029, 28.4749489996587 ], [ 77.030365999947591, 28.475226000302722 ], [ 77.030411999950189, 28.475286000310582 ], [ 77.030566000197993, 28.475491000124492 ], [ 77.030632999986651, 28.475581000112413 ], [ 77.030837999620104, 28.475876000305089 ], [ 77.030903999778573, 28.475970999682701 ], [ 77.03097900006405, 28.476078000340344 ], [ 77.031079000298746, 28.476231000381677 ], [ 77.031152999809947, 28.476342999587594 ], [ 77.031276000514595, 28.476563000381578 ], [ 77.031357999994086, 28.476747999567937 ], [ 77.03145599958161, 28.477002999820652 ], [ 77.031494999949444, 28.477092000118162 ], [ 77.031637999992697, 28.477418999773583 ], [ 77.031823000263287, 28.477780000249716 ], [ 77.032398000184571, 28.478866999598459 ], [ 77.032298999817712, 28.478893000334754 ], [ 77.031989999563734, 28.478975000253847 ], [ 77.031691746069058, 28.479084819985744 ], [ 77.031015000073225, 28.47933400031706 ], [ 77.030745000110855, 28.479432999854605 ], [ 77.03072300043317, 28.47943899981534 ], [ 77.030405999774644, 28.479531999951739 ], [ 77.030131999777126, 28.47961099959819 ], [ 77.030014000309166, 28.479645000303531 ], [ 77.029913000110199, 28.479673999763431 ], [ 77.029721000481615, 28.479736999777973 ], [ 77.029664000493113, 28.479755000148668 ], [ 77.029445999846914, 28.47982600028676 ], [ 77.029414999732793, 28.479835000297133 ], [ 77.02932399983932, 28.479858999867737 ], [ 77.029220000190534, 28.479871999722508 ], [ 77.028836999896996, 28.479922999621678 ], [ 77.028714999641082, 28.479938000282761 ], [ 77.028410000463211, 28.47997499972935 ], [ 77.028166999732264, 28.480003999894002 ], [ 77.028135999880021, 28.480007999660074 ], [ 77.027989000382178, 28.48003100028437 ], [ 77.02719299965824, 28.480282999670521 ], [ 77.02766792670127, 28.481185262503246 ], [ 77.027889490151281, 28.481750179651058 ], [ 77.028780604104895, 28.481436058461014 ], [ 77.028824921117945, 28.481492697473598 ], [ 77.029161320326651, 28.482127521731737 ], [ 77.029403683806905, 28.48264915079697 ], [ 77.028502395477247, 28.482996852318806 ], [ 77.028890984010516, 28.483817122582426 ], [ 77.029599341423847, 28.483610773839384 ], [ 77.030252383068671, 28.484976212144986 ], [ 77.032271088460618, 28.484277547116161 ], [ 77.03328686857175, 28.484076130999412 ] ] ] ] } },
{ "type": "Feature", "properties": { "OBJECTID": 26177, "MC_Code": 12, "MC_Ward_No": "01", "MC_Name": "Gurugram", "Area": 7600281.3738730103, "TotalPopul": 0, "GenPopulat": 0, "BCPopulati": 0, "SCPopulati": 0, "Notificati": "19/45/2023-6C I", "Notifica_1": "2023-12-14", "Remarks": "Updated in GIS Database", "created_us": null, "created_da": null, "last_edite": null, "last_edi_1": null, "Shape_STAr": 7.6002813738699997, "Shape_STLe": 14002.070803099999 }, "geometry": { "type": "MultiPolygon", "coordinates": [ [ [ [ 77.114114849150241, 28.473996319528624 ], [ 77.114163622425281, 28.472030497027632 ], [ 77.114184927705978, 28.471171780149191 ], [ 77.113602431223512, 28.471082438089518 ], [ 77.113189999939635, 28.471179000241492 ], [ 77.113015105215368, 28.471197463365602 ], [ 77.112108818175429, 28.471261285218038 ], [ 77.111465648805563, 28.471306573971766 ], [ 77.111391287990486, 28.471311810079744 ], [ 77.111062906013458, 28.471334934514882 ], [ 77.110840021238573, 28.471350629967535 ], [ 77.110263538276115, 28.471508048036192 ], [ 77.109551868168154, 28.471702377021309 ], [ 77.109260293490252, 28.471781993066415 ], [ 77.109116651130137, 28.471803565751884 ], [ 77.108865758836473, 28.471721155189009 ], [ 77.108862317520803, 28.471720024711054 ], [ 77.108733243643002, 28.471677627591188 ], [ 77.107840616183339, 28.472078358418752 ], [ 77.107512123780111, 28.472111375574993 ], [ 77.107433489756147, 28.472165692265722 ], [ 77.107225353016872, 28.472309464870136 ], [ 77.106661026689011, 28.471793631753066 ], [ 77.104952800672208, 28.473940125411602 ], [ 77.103974798494306, 28.473332154568595 ], [ 77.10393154232753, 28.473305264054726 ], [ 77.103408483261219, 28.472980100135903 ], [ 77.102830090364165, 28.472490110722326 ], [ 77.102778794564287, 28.472553092961164 ], [ 77.102058506784402, 28.473230751546229 ], [ 77.101811550185801, 28.473437227653289 ], [ 77.101264633497706, 28.473894491266694 ], [ 77.101219292621138, 28.47393239890831 ], [ 77.100680652478616, 28.474382736024495 ], [ 77.098943058585277, 28.475708337466987 ], [ 77.097806526385725, 28.47654969714436 ], [ 77.096539961771597, 28.477487290593427 ], [ 77.096213913017309, 28.477614555497659 ], [ 77.094346379493587, 28.4786655566989 ], [ 77.09417494081876, 28.478762036386595 ], [ 77.093964721996315, 28.478880338905672 ], [ 77.093959047031973, 28.478884637526164 ], [ 77.093960999701309, 28.478994000286868 ], [ 77.09396600039193, 28.479251000437749 ], [ 77.094096999557465, 28.479772000323642 ], [ 77.094260999973258, 28.480363999808567 ], [ 77.094322999872958, 28.480586999630908 ], [ 77.094383043748849, 28.480803397384644 ], [ 77.094468876694805, 28.480978557123574 ], [ 77.094416429661948, 28.480991424982811 ], [ 77.094410368905812, 28.481023784070572 ], [ 77.094384475098295, 28.481162048134184 ], [ 77.094371000188545, 28.481234000427307 ], [ 77.094346999976153, 28.481366999958116 ], [ 77.094327999991421, 28.48147599973197 ], [ 77.094351000218325, 28.481574999649585 ], [ 77.094357102996327, 28.481581866228108 ], [ 77.094422999887911, 28.481656000012691 ], [ 77.094720999930658, 28.481973999770116 ], [ 77.094831000202831, 28.482256000368189 ], [ 77.0949059999882, 28.482574000259319 ], [ 77.095001000095237, 28.48324599984122 ], [ 77.094976000300093, 28.483542999732752 ], [ 77.095087876401251, 28.484916481833853 ], [ 77.095088000347516, 28.484918000356799 ], [ 77.095228614196273, 28.485360504012977 ], [ 77.095250491816344, 28.485429351423843 ], [ 77.095304224419195, 28.485598443432934 ], [ 77.095333279612746, 28.485682687686158 ], [ 77.095114925163799, 28.485975668034758 ], [ 77.094768183261252, 28.486440910112385 ], [ 77.09469392303447, 28.48654054808863 ], [ 77.094596970744448, 28.486670633124525 ], [ 77.09444222009887, 28.486878267560659 ], [ 77.094317369359146, 28.486976351550517 ], [ 77.093583499112967, 28.487432937247871 ], [ 77.092680197732165, 28.487994925841416 ], [ 77.091665437402796, 28.488617596366197 ], [ 77.091565722849637, 28.4886787826172 ], [ 77.091282035250174, 28.488852854174901 ], [ 77.091027855569763, 28.489009588455669 ], [ 77.090783522898747, 28.489185237136823 ], [ 77.090689287968175, 28.489241405407459 ], [ 77.090648839409397, 28.48927314831128 ], [ 77.090554558791638, 28.489359447077014 ], [ 77.090503998875022, 28.489410364910267 ], [ 77.090453439931252, 28.489461282711179 ], [ 77.090355868011741, 28.489568094237661 ], [ 77.090309667537042, 28.489632670372522 ], [ 77.09026737624356, 28.489705100749607 ], [ 77.090241238136073, 28.489767510370946 ], [ 77.090233443824729, 28.489809574415489 ], [ 77.090229322394592, 28.489875123898649 ], [ 77.090234386590453, 28.489917383584533 ], [ 77.090249671662562, 28.489969141050544 ], [ 77.09026980127399, 28.490018787427722 ], [ 77.090283938559253, 28.490056922840736 ], [ 77.090321585590516, 28.490136071417567 ], [ 77.090359232663488, 28.490215219078099 ], [ 77.090464515410957, 28.490410181442584 ], [ 77.090764446387723, 28.490965594415567 ], [ 77.091097059365723, 28.491591112278972 ], [ 77.091159373244935, 28.491707545352533 ], [ 77.091174931872132, 28.49173661737618 ], [ 77.091190490472698, 28.491765687593343 ], [ 77.091930315723076, 28.493148025001449 ], [ 77.092599894914102, 28.494385947769164 ], [ 77.092715666351253, 28.494599984213107 ], [ 77.092809259505671, 28.494773015368665 ], [ 77.092933430549039, 28.495022958728509 ], [ 77.092986799274343, 28.495142344725672 ], [ 77.093019882939032, 28.495257526071843 ], [ 77.093040213793302, 28.495386073408312 ], [ 77.093046492601104, 28.495504182432885 ], [ 77.093032505247123, 28.49561532720768 ], [ 77.093010572886826, 28.495708125391598 ], [ 77.092966677390635, 28.495800669944988 ], [ 77.09291868448058, 28.495889359664119 ], [ 77.092849044342685, 28.495981230554293 ], [ 77.092752721964146, 28.496072792303856 ], [ 77.092635488276812, 28.496168188829895 ], [ 77.092472806547036, 28.496280701317065 ], [ 77.091326637714658, 28.49699199407608 ], [ 77.091311776210759, 28.497001216381829 ], [ 77.090493244792498, 28.497509133440492 ], [ 77.090158394710073, 28.497716914030018 ], [ 77.090074624958277, 28.497768893998494 ], [ 77.089807281384552, 28.497930404002958 ], [ 77.08969402300832, 28.4979988257667 ], [ 77.08965173390601, 28.498024373377554 ], [ 77.089052181434155, 28.498489696977778 ], [ 77.089211164435824, 28.498660439390978 ], [ 77.089248000429109, 28.498699999802508 ], [ 77.089687000294248, 28.499172000332102 ], [ 77.09120100004462, 28.500866000313874 ], [ 77.091310000045127, 28.500988000032411 ], [ 77.091379999784493, 28.501067000135958 ], [ 77.09210400011402, 28.501884999577097 ], [ 77.092347999534439, 28.502184000135571 ], [ 77.092381000176346, 28.50222199987142 ], [ 77.093975999803916, 28.504128999794908 ], [ 77.094250999972047, 28.504460999667206 ], [ 77.094658999652637, 28.505036999861748 ], [ 77.094758999698286, 28.505194000421653 ], [ 77.094871000364904, 28.505439999643865 ], [ 77.094946000362796, 28.505620999577513 ], [ 77.095011841828693, 28.505852337430461 ], [ 77.095020000085611, 28.505880999618306 ], [ 77.095104000468979, 28.506189000114372 ], [ 77.095151000312114, 28.506467999968866 ], [ 77.095157999767423, 28.507113999573711 ], [ 77.095130000081753, 28.507327999839411 ], [ 77.095124999992478, 28.507400000025093 ], [ 77.095071691331128, 28.507580107422051 ], [ 77.094947999862185, 28.507997999953023 ], [ 77.094440999895639, 28.509014999559131 ], [ 77.094308999926753, 28.50923600003259 ], [ 77.093909999960616, 28.50989699962193 ], [ 77.093519999772212, 28.510547999676433 ], [ 77.093175999800465, 28.511152000240163 ], [ 77.093035000323283, 28.511649999934477 ], [ 77.09295000016084, 28.512303000048096 ], [ 77.092956069994941, 28.512407469651468 ], [ 77.092970615734302, 28.512657799640859 ], [ 77.092988000370212, 28.512957000383057 ], [ 77.093042000464905, 28.513307000311958 ], [ 77.093065858836141, 28.513398369124832 ], [ 77.093134688054079, 28.513999426316907 ], [ 77.093260045807554, 28.513975999058189 ], [ 77.093950169149537, 28.513847170376831 ], [ 77.094161086380595, 28.513814690247383 ], [ 77.094236584426625, 28.513742713917459 ], [ 77.094644696278451, 28.513574182457891 ], [ 77.094964138930294, 28.513430268749168 ], [ 77.095340143182469, 28.513270866710965 ], [ 77.096035323878596, 28.512976146343526 ], [ 77.096630142165694, 28.512729701685803 ], [ 77.09673102273139, 28.512664342447977 ], [ 77.096975422813941, 28.512517018593122 ], [ 77.097381107153467, 28.512266618453967 ], [ 77.098129498734167, 28.511808250515983 ], [ 77.098255489461067, 28.511731083339459 ], [ 77.098353845736355, 28.511671187665314 ], [ 77.098648909866199, 28.511491503918752 ], [ 77.09838973345208, 28.511150238572917 ], [ 77.098162055820481, 28.510741109087366 ], [ 77.098112809856062, 28.510667456368285 ], [ 77.098062232724217, 28.510593846747419 ], [ 77.097737514935076, 28.51003754453113 ], [ 77.097517355975498, 28.509719266997813 ], [ 77.097507070501479, 28.509719285057393 ], [ 77.097342865219247, 28.509478951846734 ], [ 77.096948217798058, 28.508920360491235 ], [ 77.096850018532038, 28.508765567343147 ], [ 77.096561972879925, 28.50836204054869 ], [ 77.096442525091248, 28.508118056512028 ], [ 77.096244620836913, 28.507805974085493 ], [ 77.095884260272953, 28.507248499435761 ], [ 77.095874772555192, 28.507235794810747 ], [ 77.095715948485875, 28.506911206745954 ], [ 77.09576206432331, 28.506849925376276 ], [ 77.095809918896649, 28.506788653260582 ], [ 77.095981169162457, 28.506569398273001 ], [ 77.096294175904461, 28.506168647034457 ], [ 77.09638223752998, 28.506055898872262 ], [ 77.096437349281075, 28.506007700335356 ], [ 77.097557963731404, 28.505027623572861 ], [ 77.100186207529021, 28.503825882244641 ], [ 77.100423168761907, 28.503742935539449 ], [ 77.10078916818216, 28.503614821104684 ], [ 77.101793861491316, 28.50329007077627 ], [ 77.102002640772568, 28.503194600832128 ], [ 77.102551856272626, 28.502943456522491 ], [ 77.10312648315815, 28.502664662729622 ], [ 77.103290999255734, 28.502533684541056 ], [ 77.103304381509005, 28.502523030187159 ], [ 77.103619356289684, 28.502313848886185 ], [ 77.10393957223107, 28.502140094206663 ], [ 77.104257957604318, 28.501938597063326 ], [ 77.104654577405014, 28.501692816384548 ], [ 77.105200698461502, 28.501423955529113 ], [ 77.105881445782515, 28.501078526751503 ], [ 77.106129018101683, 28.500952901756666 ], [ 77.106169521154214, 28.500925682236169 ], [ 77.106833921892971, 28.500607133635047 ], [ 77.107977129439007, 28.500197893354393 ], [ 77.108942718812344, 28.49984637886163 ], [ 77.109778987562393, 28.499459818122304 ], [ 77.10984595356625, 28.499428349929055 ], [ 77.11005965769759, 28.49933552025351 ], [ 77.110115752020533, 28.499302952099498 ], [ 77.110431236956558, 28.499144951332735 ], [ 77.110609772355033, 28.499050382403244 ], [ 77.11069552093727, 28.499004961690982 ], [ 77.110776942778173, 28.498962470329065 ], [ 77.110833546526948, 28.498948842863207 ], [ 77.111238749862494, 28.49874517099305 ], [ 77.111531591939794, 28.498616168523881 ], [ 77.111770813336136, 28.498510786245504 ], [ 77.112104571618815, 28.498363757880252 ], [ 77.112457129435271, 28.498209770044472 ], [ 77.112556849876071, 28.498166213548192 ], [ 77.11306313652716, 28.497945077462887 ], [ 77.113131852192055, 28.497913656298419 ], [ 77.113282805227755, 28.497844630153391 ], [ 77.113473765813438, 28.497757309461274 ], [ 77.113723832706754, 28.497642961993542 ], [ 77.114540522744662, 28.497297717299482 ], [ 77.115417915402048, 28.496951493935093 ], [ 77.116113234879023, 28.496750047593785 ], [ 77.11691231698407, 28.496518532678035 ], [ 77.11791810331286, 28.496306119463281 ], [ 77.11855161290768, 28.496172322477232 ], [ 77.119202052643757, 28.496065931059373 ], [ 77.12062433197822, 28.495970851185117 ], [ 77.121087058135544, 28.49593991554703 ], [ 77.120606193353609, 28.494179675893882 ], [ 77.120072167639108, 28.492943577529147 ], [ 77.119756864309039, 28.492213739837727 ], [ 77.119500310878891, 28.490809505892084 ], [ 77.119024407301822, 28.488180193871486 ], [ 77.118676285005492, 28.487368580066935 ], [ 77.117490057571445, 28.484640272635485 ], [ 77.116910238953992, 28.48377749401498 ], [ 77.115384719475372, 28.481605917303277 ], [ 77.115306095836061, 28.481434449700163 ], [ 77.115146847546114, 28.48108715111599 ], [ 77.114996966913068, 28.479713950112224 ], [ 77.114932351348941, 28.479121926971764 ], [ 77.114861637386483, 28.478474019026319 ], [ 77.11435788239838, 28.47548645010929 ], [ 77.114323981464381, 28.475285388866489 ], [ 77.114114849150241, 28.473996319528624 ] ] ] ] } },
{ "type": "Feature", "properties": { "OBJECTID": 26178, "MC_Code": 12, "MC_Ward_No": "07", "MC_Name": "Gurugram", "Area": 10870022.591697101, "TotalPopul": 0, "GenPopulat": 0, "BCPopulati": 0, "SCPopulati": 0, "Notificati": "19/45/2023-6C I", "Notifica_1": "2023-12-14", "Remarks": "Updated in GIS Database", "created_us": null, "created_da": null, "last_edite": null, "last_edi_1": null, "Shape_STAr": 10.8700225917, "Shape_STLe": 21330.173642400001 }, "geometry": { "type": "MultiPolygon", "coordinates": [ [ [ [ 77.004773999505574, 28.483367999716567 ], [ 77.005576725670295, 28.483031373019269 ], [ 77.005610999775087, 28.483016999787989 ], [ 77.005746963381014, 28.48297306344238 ], [ 77.00529594483595, 28.482430197417294 ], [ 77.004858687998507, 28.481934579261232 ], [ 77.004424777776507, 28.481422889618472 ], [ 77.004043191475688, 28.48096295264514 ], [ 77.003869840227651, 28.480758165096052 ], [ 77.003750866714668, 28.480617616263032 ], [ 77.003432388600288, 28.480241378792858 ], [ 77.002998403350347, 28.479724910687661 ], [ 77.002639160485373, 28.479302838857269 ], [ 77.002219409168916, 28.47882435799761 ], [ 77.002107101915996, 28.478686627590925 ], [ 77.001796195840967, 28.4783053392235 ], [ 77.001497787233788, 28.477956381831607 ], [ 77.00119361858674, 28.477588408146907 ], [ 77.000804811035252, 28.477173929021063 ], [ 77.000839511125974, 28.477158160214675 ], [ 77.0004941303837, 28.476748514640942 ], [ 77.000360383719851, 28.476589880786847 ], [ 76.9996323784369, 28.475726398060658 ], [ 76.999374187135288, 28.475421762649216 ], [ 76.998925475213923, 28.474892329968281 ], [ 76.998856999630732, 28.474813000099427 ], [ 76.998079999668462, 28.47388800028839 ], [ 76.997510000353671, 28.473253000298236 ], [ 76.996280000064729, 28.472119999927241 ], [ 76.995565000261578, 28.471574999555067 ], [ 76.994668999631159, 28.470980000278079 ], [ 76.993899999948539, 28.47052200029049 ], [ 76.992993999830617, 28.470018999611796 ], [ 76.992485999912518, 28.469731999720345 ], [ 76.991253999870708, 28.469065000172719 ], [ 76.990919999532352, 28.468875000416659 ], [ 76.990721999777648, 28.468763000022335 ], [ 76.988223000136088, 28.467377999617092 ], [ 76.988310999931187, 28.46723000019826 ], [ 76.988502000344099, 28.46673300012732 ], [ 76.989009000074589, 28.465578999990164 ], [ 76.989123999607529, 28.465318000290388 ], [ 76.989305999509696, 28.464879999656226 ], [ 76.989602000189464, 28.464168000291874 ], [ 76.98987300010549, 28.46357900000276 ], [ 76.989994000440788, 28.463314000068788 ], [ 76.990309999554171, 28.462669999799061 ], [ 76.990486999619264, 28.462344999759015 ], [ 76.990636000202599, 28.462023999906993 ], [ 76.990735999941037, 28.461784000133989 ], [ 76.990768000228556, 28.461718999640944 ], [ 76.990890000241961, 28.461467999964764 ], [ 76.99091100001327, 28.461417000126605 ], [ 76.990945999702134, 28.461258999913866 ], [ 76.991001000452925, 28.460977999976262 ], [ 76.991013999520959, 28.460892999576316 ], [ 76.991120999637872, 28.460198999854626 ], [ 76.991133999729882, 28.460019999604988 ], [ 76.991135000314813, 28.459966999627689 ], [ 76.991123000105418, 28.459766000180679 ], [ 76.991072000018349, 28.459469000131961 ], [ 76.991054999723715, 28.459396000083359 ], [ 76.991040000078627, 28.459335000229078 ], [ 76.990977999675962, 28.459144999912173 ], [ 76.990971000052653, 28.459127999774832 ], [ 76.990902000333875, 28.458948999794991 ], [ 76.99080100029353, 28.458744999723471 ], [ 76.990769999500642, 28.458680999962581 ], [ 76.990719000316545, 28.458575999585378 ], [ 76.990603000098233, 28.458374000176335 ], [ 76.990494999546641, 28.458177999827534 ], [ 76.99041700050968, 28.458030000412439 ], [ 76.990400000382181, 28.45798099967093 ], [ 76.99037299961779, 28.457826000417512 ], [ 76.990370000263852, 28.457674000397244 ], [ 76.990373999579731, 28.457608000283376 ], [ 76.990392999915585, 28.457478000221069 ], [ 76.990384000218867, 28.457478000184977 ], [ 76.990141000138223, 28.457492000279597 ], [ 76.988650999826092, 28.457531999882033 ], [ 76.988403999715132, 28.45753999956132 ], [ 76.987601999620722, 28.457567999680197 ], [ 76.986154000035683, 28.457615000313613 ], [ 76.985107999960832, 28.457650000430387 ], [ 76.984785000330703, 28.457657000298415 ], [ 76.984604999658231, 28.45739899956828 ], [ 76.984512999833967, 28.457263000152548 ], [ 76.984326000057678, 28.456998000356272 ], [ 76.984205000486654, 28.456823999910046 ], [ 76.984061000375647, 28.456620999664874 ], [ 76.983905000291728, 28.45641100042738 ], [ 76.983882999771822, 28.456380999839801 ], [ 76.983802999945596, 28.45626800044262 ], [ 76.983754000346678, 28.456198999683725 ], [ 76.983575000237167, 28.455944000302821 ], [ 76.983451000117526, 28.455766000208381 ], [ 76.983444999517189, 28.455756000097814 ], [ 76.983442000093461, 28.455747000264761 ], [ 76.983440999888643, 28.455738000152465 ], [ 76.983440999735393, 28.455727000237278 ], [ 76.983443000399461, 28.455717999676445 ], [ 76.983446999719277, 28.455707000090111 ], [ 76.983454000195579, 28.455696999879191 ], [ 76.983459999905463, 28.455690000212165 ], [ 76.983595999990072, 28.455560999799317 ], [ 76.983395000420117, 28.455342999678543 ], [ 76.983162999970233, 28.45509800018165 ], [ 76.983003999508171, 28.454931999841342 ], [ 76.982849000136071, 28.454769999835342 ], [ 76.982752999503504, 28.454669999748507 ], [ 76.982631000452784, 28.454541999848516 ], [ 76.982503999515643, 28.454410000325698 ], [ 76.983348000308439, 28.453938999875973 ], [ 76.983379000407595, 28.453971999679631 ], [ 76.983827999771137, 28.453707000377285 ], [ 76.983869935511493, 28.453294998065413 ], [ 76.983743141891551, 28.453279575956667 ], [ 76.981115999966065, 28.452959999722623 ], [ 76.980568758653149, 28.45290490784048 ], [ 76.978762000427281, 28.45272299959154 ], [ 76.979481999693661, 28.451254000179709 ], [ 76.979496046199714, 28.451225252775668 ], [ 76.979495334650508, 28.451224490698547 ], [ 76.98021199987835, 28.449760000408151 ], [ 76.980866999881542, 28.449495999696886 ], [ 76.980836523517155, 28.449387302295751 ], [ 76.980705214083585, 28.448918973826604 ], [ 76.98069700030014, 28.448505000374709 ], [ 76.981151000426934, 28.448477000113328 ], [ 76.981138000297634, 28.447951999776997 ], [ 76.98116899955987, 28.44795300022848 ], [ 76.981313835814476, 28.447671000584005 ], [ 76.981259284352191, 28.44696006667634 ], [ 76.983336829979692, 28.442918945594208 ], [ 76.983653837254479, 28.442302294275994 ], [ 76.98375312049167, 28.44232381116294 ], [ 76.984725636300112, 28.442666469994641 ], [ 76.984725538134839, 28.442662634535164 ], [ 76.984718648984725, 28.442392279295085 ], [ 76.984682734689741, 28.442389863283424 ], [ 76.984679340361538, 28.442318416851521 ], [ 76.984650750885038, 28.441583213640417 ], [ 76.984697999759035, 28.441582000112472 ], [ 76.984693000182276, 28.441364000047269 ], [ 76.98469234457967, 28.441210624157154 ], [ 76.984690999746491, 28.440895999648625 ], [ 76.98469347457862, 28.440895952718435 ], [ 76.984693876609583, 28.440783854006597 ], [ 76.985799159089879, 28.440782051377003 ], [ 76.987809866547011, 28.44075125599516 ], [ 76.987807977633793, 28.440216954430106 ], [ 76.987795880956796, 28.439629806510929 ], [ 76.98778572054097, 28.439136468909794 ], [ 76.988275206041394, 28.439115681939267 ], [ 76.98814300641105, 28.438962724169958 ], [ 76.988069797583435, 28.43887801975373 ], [ 76.987679999913922, 28.43820600022676 ], [ 76.98736098909896, 28.437767280029465 ], [ 76.987187000247417, 28.437527999638345 ], [ 76.987234333875875, 28.437498652569687 ], [ 76.989802999881121, 28.435905999944282 ], [ 76.990769999908693, 28.43532999976987 ], [ 76.990864926331767, 28.435279526380359 ], [ 76.991276809482841, 28.435060522463008 ], [ 76.991620307421513, 28.434877878644556 ], [ 76.991842000122929, 28.434759999912117 ], [ 76.991857999726349, 28.434751000064562 ], [ 76.991849549566169, 28.43473870802109 ], [ 76.991847000449098, 28.434734999588589 ], [ 76.99170266511679, 28.434531321816138 ], [ 76.99136299957938, 28.434051999759578 ], [ 76.990715000305244, 28.433176999972339 ], [ 76.984732999853392, 28.43391699962638 ], [ 76.984692999564487, 28.433922000168266 ], [ 76.984681999651016, 28.433955999644013 ], [ 76.9836960002757, 28.43711300002326 ], [ 76.982833539667951, 28.43751140837497 ], [ 76.981173999889549, 28.438277999584567 ], [ 76.980940999552402, 28.438340000407759 ], [ 76.980669000442361, 28.437888999808973 ], [ 76.980655020174638, 28.437886025152959 ], [ 76.980622213135703, 28.437832932312205 ], [ 76.980537303416355, 28.437818419126774 ], [ 76.98053291054643, 28.43783107661724 ], [ 76.980471367511242, 28.43800839759837 ], [ 76.980413913884533, 28.438173932667322 ], [ 76.979605732843837, 28.438173404021423 ], [ 76.979600455780968, 28.438099497743949 ], [ 76.979600291457118, 28.438097197272608 ], [ 76.978636578615124, 28.43812539770266 ], [ 76.978636595364989, 28.438127449461469 ], [ 76.978636972257107, 28.43817276489877 ], [ 76.977587427426641, 28.438172063101717 ], [ 76.977586891341673, 28.438162617602067 ], [ 76.977585321223088, 28.438134959135539 ], [ 76.977570498541397, 28.438134826255517 ], [ 76.977120467626534, 28.438130786005143 ], [ 76.976894804785459, 28.43812875893493 ], [ 76.976199914968547, 28.438133057432456 ], [ 76.976010193701228, 28.438134230974701 ], [ 76.976030607806351, 28.438540178979373 ], [ 76.976002653602706, 28.438531766933764 ], [ 76.975625614675224, 28.438418308851119 ], [ 76.975091912941394, 28.438257706147972 ], [ 76.975002798984363, 28.438209592766544 ], [ 76.973925287995101, 28.437627833639915 ], [ 76.971517672367142, 28.436327879554781 ], [ 76.96849181622234, 28.434672248251101 ], [ 76.967855741526463, 28.434333503575711 ], [ 76.967385499663891, 28.434068902608189 ], [ 76.966386471683521, 28.433543754896725 ], [ 76.966134159177457, 28.433396123006428 ], [ 76.966103276253605, 28.433378052378842 ], [ 76.964977432009476, 28.432719291346352 ], [ 76.963797004376232, 28.431932457177769 ], [ 76.963117771237918, 28.431423502892631 ], [ 76.963110242634187, 28.431417862427839 ], [ 76.961820465131666, 28.430451399038152 ], [ 76.961372461648281, 28.430028043192426 ], [ 76.961274826988188, 28.429956369112485 ], [ 76.961268229488283, 28.429995558082435 ], [ 76.96126760016881, 28.429999294891381 ], [ 76.961061288847006, 28.431520790736744 ], [ 76.960981255349182, 28.432111013420112 ], [ 76.960445141463893, 28.436064535052729 ], [ 76.960263275345611, 28.437405640306672 ], [ 76.960251991416897, 28.439239849294225 ], [ 76.960234086191008, 28.442150608720141 ], [ 76.96064318143992, 28.446052660692338 ], [ 76.961015854775695, 28.447857678018206 ], [ 76.961360080061112, 28.449524849175923 ], [ 76.961425152538169, 28.449840007217006 ], [ 76.961440580891093, 28.449914728267331 ], [ 76.961278196419926, 28.451215323861781 ], [ 76.961239978598385, 28.451521419653538 ], [ 76.961190486013635, 28.451917817564262 ], [ 76.961170763688145, 28.452075781878655 ], [ 76.961167705565927, 28.45210027774278 ], [ 76.961158388637656, 28.452174892656988 ], [ 76.96111293962457, 28.452181749990903 ], [ 76.961241555740756, 28.452280224804696 ], [ 76.961442930977384, 28.452432807325394 ], [ 76.961590177033344, 28.45254735341469 ], [ 76.961747608398895, 28.452667274090743 ], [ 76.961749912621983, 28.452669030275498 ], [ 76.96186086838766, 28.452765364249426 ], [ 76.961894981916743, 28.452792889272864 ], [ 76.961886834147663, 28.45280074469369 ], [ 76.96185890678403, 28.452827668424693 ], [ 76.961712167611793, 28.45297739238671 ], [ 76.961594645478996, 28.453046018551312 ], [ 76.961607999933619, 28.453053999707492 ], [ 76.96163174835948, 28.453069492160136 ], [ 76.962467416050558, 28.453614622287777 ], [ 76.963237928719707, 28.454117240587848 ], [ 76.963444229752838, 28.454251813111465 ], [ 76.964394999966672, 28.454872000009992 ], [ 76.964409002303583, 28.455001740207734 ], [ 76.964459000301048, 28.455465000065544 ], [ 76.965427293900618, 28.45736301912887 ], [ 76.965769986843597, 28.458034737425638 ], [ 76.96595396929618, 28.458395359729057 ], [ 76.966044412512346, 28.458572635438117 ], [ 76.9660562710759, 28.458578243733641 ], [ 76.96606500022753, 28.4585959999492 ], [ 76.966264128327666, 28.458906526604096 ], [ 76.966389274577011, 28.459101684424898 ], [ 76.966414468296776, 28.459140970591545 ], [ 76.96646140290683, 28.459214162330184 ], [ 76.966461434550268, 28.459214216917616 ], [ 76.966954777711877, 28.459983547930218 ], [ 76.967283041843473, 28.460495444597186 ], [ 76.967445000136692, 28.460748000411087 ], [ 76.967784379677525, 28.461205600385327 ], [ 76.96823915741092, 28.461818788117924 ], [ 76.968249251156081, 28.46183239694524 ], [ 76.968341275420045, 28.461956475419854 ], [ 76.968578999539602, 28.462276999942574 ], [ 76.968746271259519, 28.462447077479538 ], [ 76.969243969374887, 28.46295312175895 ], [ 76.969298192502194, 28.463008253142537 ], [ 76.969470820259389, 28.463179482063943 ], [ 76.969735812761257, 28.463439937084011 ], [ 76.970341920720017, 28.464035657462976 ], [ 76.97092608489109, 28.464609801292941 ], [ 76.971054632104796, 28.46473614207094 ], [ 76.972163925759318, 28.465816075115136 ], [ 76.972872151474704, 28.466505538500552 ], [ 76.973229831133992, 28.466878675973927 ], [ 76.973451558649288, 28.467109983308905 ], [ 76.973546564570654, 28.467216655557841 ], [ 76.973606307598729, 28.467270967679486 ], [ 76.974044977739382, 28.467746878843119 ], [ 76.974613441851119, 28.468363594067622 ], [ 76.9750829999128, 28.46887300019705 ], [ 76.975283243779302, 28.469122797278914 ], [ 76.975368042305689, 28.469229839272792 ], [ 76.975378000259937, 28.469241000432707 ], [ 76.975711701433127, 28.469727294535062 ], [ 76.975749729479134, 28.46978271162418 ], [ 76.976354638283766, 28.470939768495199 ], [ 76.976549626579967, 28.471312732425272 ], [ 76.976727000032369, 28.471652000353359 ], [ 76.976838358795248, 28.471749503247196 ], [ 76.977386000264943, 28.472229000010483 ], [ 76.977995136870334, 28.472753518695246 ], [ 76.978329000470936, 28.473040999652589 ], [ 76.980259000301984, 28.474700999950088 ], [ 76.981114999827952, 28.475440000438379 ], [ 76.984021000395558, 28.478074999782123 ], [ 76.984807988437552, 28.478811783094315 ], [ 76.985744999663268, 28.479689000133316 ], [ 76.987978999573258, 28.481768000171783 ], [ 76.99142045712928, 28.485004559805237 ], [ 76.992115449205627, 28.48565813685363 ], [ 76.992127000256929, 28.485668999877856 ], [ 76.99212799952916, 28.485670000393331 ], [ 76.992139000284823, 28.485674999785825 ], [ 76.993584595190882, 28.485203351844579 ], [ 76.993640998793666, 28.485184948245237 ], [ 76.993709733596603, 28.485162557564237 ], [ 76.993735999809033, 28.485154000450574 ], [ 76.994683999547163, 28.484753999687605 ], [ 76.995471952202109, 28.484265152897184 ], [ 76.99550730574056, 28.484260340405129 ], [ 76.995937615441562, 28.484019670686195 ], [ 76.996140638278845, 28.483906120627335 ], [ 76.996494922779547, 28.483795965761868 ], [ 76.996837955336588, 28.483714176008878 ], [ 76.9971650929471, 28.483639026652657 ], [ 76.997538232030394, 28.483599563075764 ], [ 76.998032348781408, 28.483529669204671 ], [ 76.998239813790534, 28.483500322636463 ], [ 76.998323799189137, 28.483478495952891 ], [ 76.998577257329572, 28.483412626250711 ], [ 76.998600000409397, 28.483429999838474 ], [ 76.999042000347814, 28.483768000082311 ], [ 76.999304999591516, 28.483967000415607 ], [ 76.999567000298555, 28.484168999909269 ], [ 76.999824000037918, 28.484361000250868 ], [ 77.000011000303999, 28.484500999990274 ], [ 77.000585999690685, 28.484939000292524 ], [ 77.000951000485742, 28.485239999585996 ], [ 77.001361000134182, 28.485563999690036 ], [ 77.00170499975161, 28.485835999970135 ], [ 77.002514999716425, 28.486477999751262 ], [ 77.002744999521354, 28.486395999635825 ], [ 77.003196999677414, 28.486210999983111 ], [ 77.003296999877435, 28.486150999725016 ], [ 77.003335000459757, 28.486101000061407 ], [ 77.003340999551483, 28.486080000283135 ], [ 77.003367999839668, 28.485977999872404 ], [ 77.002831999564052, 28.484769999669691 ], [ 77.003529000390117, 28.484503000430177 ], [ 77.003371999568841, 28.484162999660246 ], [ 77.004199999822902, 28.483830000297306 ], [ 77.004162999877025, 28.483768000402904 ], [ 77.004106000426773, 28.483643000050641 ], [ 77.004773999505574, 28.483367999716567 ] ] ] ] } },
{ "type": "Feature", "properties": { "OBJECTID": 26179, "MC_Code": 12, "MC_Ward_No": "27", "MC_Name": "Gurugram", "Area": 2008627.9649412101, "TotalPopul": 0, "GenPopulat": 0, "BCPopulati": 0, "SCPopulati": 0, "Notificati": "19/45/2023-6C I", "Notifica_1": "2023-12-14", "Remarks": "Updated in GIS Database", "created_us": null, "created_da": null, "last_edite": null, "last_edi_1": null, "Shape_STAr": 2.0086279649400001, "Shape_STLe": 10546.7858953 }, "geometry": { "type": "MultiPolygon", "coordinates": [ [ [ [ 77.033701697581094, 28.466867323152563 ], [ 77.033345674048064, 28.463751325290392 ], [ 77.03331876019864, 28.463615640694787 ], [ 77.032789732899332, 28.463095177208995 ], [ 77.033789264191697, 28.462063038979 ], [ 77.033963968913085, 28.462181291197911 ], [ 77.03535684245962, 28.460492010926814 ], [ 77.035381388431574, 28.460485041009999 ], [ 77.03550329862945, 28.460450421097416 ], [ 77.035594225241823, 28.460424600825686 ], [ 77.035842459588665, 28.460143898649623 ], [ 77.036391597755568, 28.460423597684262 ], [ 77.036410935976235, 28.460433447873157 ], [ 77.036429341309315, 28.460412644571925 ], [ 77.036487648587112, 28.460475985752346 ], [ 77.036782456975217, 28.460703638398179 ], [ 77.036981546004242, 28.460855322827591 ], [ 77.03716406184067, 28.460990691580953 ], [ 77.037194278131196, 28.46107273675884 ], [ 77.037207165686823, 28.461107731038794 ], [ 77.037271165081776, 28.461252124552587 ], [ 77.037342795216873, 28.461596060617619 ], [ 77.037354878140036, 28.461641373632691 ], [ 77.037443506391341, 28.462036368264421 ], [ 77.037528242684829, 28.462369347205424 ], [ 77.037537991753936, 28.462405569646663 ], [ 77.037560241962623, 28.462488242089396 ], [ 77.037663518080819, 28.462660980835739 ], [ 77.037797863989326, 28.462834853765791 ], [ 77.037825249773135, 28.4628617143388 ], [ 77.037961261296473, 28.462971667280897 ], [ 77.038250390844354, 28.462692773441212 ], [ 77.038704197729928, 28.463099747117724 ], [ 77.038733718175507, 28.463124280804411 ], [ 77.038741802617437, 28.463131000347136 ], [ 77.038769076797792, 28.463107727571593 ], [ 77.038822241644922, 28.463145379794181 ], [ 77.039270134967296, 28.463462578209391 ], [ 77.039721590082166, 28.463758062402349 ], [ 77.040001771573714, 28.463936425446061 ], [ 77.040393874071839, 28.463658813006973 ], [ 77.040503844186034, 28.463583066063038 ], [ 77.040512412254998, 28.463577164231349 ], [ 77.040487978043274, 28.463686363797489 ], [ 77.040416893631857, 28.464004057434057 ], [ 77.040412394042804, 28.464024168939869 ], [ 77.040440192767321, 28.46405174463311 ], [ 77.04043800013531, 28.464068999861755 ], [ 77.040525000102477, 28.464356000033757 ], [ 77.040443000481162, 28.464387999879023 ], [ 77.040230000258688, 28.464524999665386 ], [ 77.040006999555189, 28.464640999794856 ], [ 77.039924000242607, 28.464714000158807 ], [ 77.039468000053191, 28.465072000407357 ], [ 77.039099000173678, 28.465304999869836 ], [ 77.038954000027246, 28.465480000323581 ], [ 77.039721999904827, 28.465916999709549 ], [ 77.040538000293083, 28.465267000026152 ], [ 77.040496000216223, 28.465217999939075 ], [ 77.040647000006729, 28.465102000339048 ], [ 77.040966999521828, 28.464843999879243 ], [ 77.041048000284107, 28.464780000099982 ], [ 77.041128999873493, 28.464778999917037 ], [ 77.041247000242222, 28.464740999989772 ], [ 77.041247186320447, 28.464740852819844 ], [ 77.040963000269443, 28.464361000189346 ], [ 77.040742999768767, 28.463986000182313 ], [ 77.040715000004269, 28.463946000352834 ], [ 77.042169999890532, 28.463137000373624 ], [ 77.04189582655998, 28.462874529869701 ], [ 77.041725862349452, 28.46271182034852 ], [ 77.041677999539772, 28.46266600008386 ], [ 77.041559525200114, 28.462550948374286 ], [ 77.041085477404039, 28.462103126555789 ], [ 77.041107537013744, 28.462084790780036 ], [ 77.041190780285262, 28.462015596750739 ], [ 77.041195514766315, 28.461974620175837 ], [ 77.04119975099492, 28.461937948991473 ], [ 77.041224392133103, 28.46154037102534 ], [ 77.041249979198369, 28.461465974974882 ], [ 77.041438522045425, 28.461155159576197 ], [ 77.041649267351346, 28.460875047978668 ], [ 77.041653682842579, 28.460870550227305 ], [ 77.041519644926254, 28.460708310633695 ], [ 77.041061519245915, 28.460153785938473 ], [ 77.040795979231547, 28.459831880434248 ], [ 77.040524112762711, 28.459490601870314 ], [ 77.040488691194454, 28.459446137446282 ], [ 77.040395851137873, 28.459254144115519 ], [ 77.040141505990789, 28.458881930745349 ], [ 77.039872127933208, 28.458570823274584 ], [ 77.039586271859037, 28.458245638344412 ], [ 77.03932513574965, 28.45797381729593 ], [ 77.039322093481559, 28.457970651434003 ], [ 77.03927962737086, 28.457923831561217 ], [ 77.038986200206352, 28.457600319812663 ], [ 77.038985015220234, 28.457599013823707 ], [ 77.038768844720281, 28.457360677876636 ], [ 77.038768316893382, 28.457360095648948 ], [ 77.038717627286616, 28.457304208368218 ], [ 77.038380557464507, 28.456932572555175 ], [ 77.03837911378983, 28.456930980781401 ], [ 77.038349620718478, 28.456898463384189 ], [ 77.038068972160033, 28.45658903134446 ], [ 77.037900396482328, 28.456403165437017 ], [ 77.037583181607545, 28.456053413398276 ], [ 77.03751015998688, 28.455975055847702 ], [ 77.037553523314102, 28.455941300578463 ], [ 77.037490020597446, 28.455865481303881 ], [ 77.037462185805509, 28.455832247641649 ], [ 77.036848990032681, 28.455100112644171 ], [ 77.036462949861615, 28.454639186685444 ], [ 77.036060427836034, 28.454329453297273 ], [ 77.035952057969652, 28.454264852509816 ], [ 77.035794675749244, 28.454171033335022 ], [ 77.035475865574767, 28.453980983396502 ], [ 77.035119916585145, 28.453819798010091 ], [ 77.034844340771656, 28.453695007729284 ], [ 77.034452194066475, 28.453517427523689 ], [ 77.034096040277475, 28.453309446154254 ], [ 77.033890514547366, 28.453183272340592 ], [ 77.033732710041107, 28.453056816886725 ], [ 77.033643702125673, 28.452985489929787 ], [ 77.033267743022932, 28.452669794697528 ], [ 77.033191411041869, 28.452605697109909 ], [ 77.032989319797366, 28.452505157906135 ], [ 77.032683253890625, 28.452329803034441 ], [ 77.03261967858198, 28.4523086471577 ], [ 77.032397164394794, 28.452211529872443 ], [ 77.032381664794627, 28.452204764588803 ], [ 77.03226803636062, 28.452138740442354 ], [ 77.031432907712784, 28.451653484989269 ], [ 77.031280081633668, 28.451600669370546 ], [ 77.031254124828905, 28.451591698646503 ], [ 77.030999573692199, 28.45149197763855 ], [ 77.030944970912884, 28.451475266437832 ], [ 77.030957988345918, 28.451447638571995 ], [ 77.032172039340992, 28.448870801587063 ], [ 77.032518519611045, 28.448135369895091 ], [ 77.032873419265755, 28.447466166512186 ], [ 77.033787110186182, 28.445743258033211 ], [ 77.033259469555773, 28.445751145408909 ], [ 77.032162450138117, 28.445946599760212 ], [ 77.030417398617402, 28.446509843006552 ], [ 77.029954933751512, 28.446649419648175 ], [ 77.02942880855278, 28.446808207345665 ], [ 77.028940213111085, 28.446955665449305 ], [ 77.028546246992562, 28.447072340741727 ], [ 77.027240576218517, 28.447459014881129 ], [ 77.026690598286407, 28.447621886194714 ], [ 77.026391981558191, 28.447707605047135 ], [ 77.024756534316396, 28.448177051672879 ], [ 77.024541313283549, 28.448238828136866 ], [ 77.024609659519044, 28.448422815593826 ], [ 77.024732798370465, 28.448754304836587 ], [ 77.024876559583078, 28.44921056493062 ], [ 77.024962216313028, 28.449452814334123 ], [ 77.025107224680994, 28.449832656271209 ], [ 77.025267345815223, 28.45015497220697 ], [ 77.025499958965526, 28.450595582568319 ], [ 77.025726625496617, 28.451007632874596 ], [ 77.026101890744769, 28.451703967646523 ], [ 77.026234419182856, 28.451995655605398 ], [ 77.026270913367753, 28.452108047679172 ], [ 77.026295336901953, 28.452183266382693 ], [ 77.0263061688742, 28.452216624065784 ], [ 77.026308282331911, 28.452256879329259 ], [ 77.026300672480801, 28.452258148619517 ], [ 77.026287913745605, 28.452260276960004 ], [ 77.026285900252205, 28.452265091266572 ], [ 77.026258779678585, 28.452329941814611 ], [ 77.026251914071565, 28.452346357852608 ], [ 77.026257959804838, 28.452407190599811 ], [ 77.026260073369286, 28.452428447582221 ], [ 77.026544651859496, 28.453530969817383 ], [ 77.02670762474844, 28.454285378219129 ], [ 77.026814252616489, 28.454271741001502 ], [ 77.02816555764467, 28.454098908226463 ], [ 77.028483221155085, 28.454054679192787 ], [ 77.029817159117428, 28.453868945436231 ], [ 77.029791059855597, 28.453926660861363 ], [ 77.029765395501059, 28.453983413291844 ], [ 77.029700654574228, 28.454126577586578 ], [ 77.029088766784739, 28.455477048030726 ], [ 77.028873102646145, 28.455938935068641 ], [ 77.028805874552674, 28.456082916629974 ], [ 77.028528230373126, 28.456644185871593 ], [ 77.028156122442439, 28.457142871704086 ], [ 77.028003395719594, 28.457347547312384 ], [ 77.027893880760089, 28.457494313867297 ], [ 77.027621640680763, 28.457859153066561 ], [ 77.027593837838481, 28.457896412684047 ], [ 77.027472951422467, 28.45805698942068 ], [ 77.02712484991406, 28.458519378365381 ], [ 77.026696290839837, 28.459117448586248 ], [ 77.026640653641195, 28.459195092810138 ], [ 77.02646583436794, 28.459336727029182 ], [ 77.026435875407799, 28.459368642305883 ], [ 77.026321769592101, 28.459490198338731 ], [ 77.02626564626712, 28.459549985668133 ], [ 77.026135285057038, 28.45968885818866 ], [ 77.026033477658075, 28.459797310793078 ], [ 77.025715907948495, 28.46012938672191 ], [ 77.025443949338495, 28.460413766134412 ], [ 77.025099027362117, 28.460743602392327 ], [ 77.024688446952013, 28.461172302425901 ], [ 77.024561172858498, 28.461300529381258 ], [ 77.024298788251457, 28.461564877948973 ], [ 77.023850661552132, 28.46200846039892 ], [ 77.02363174828416, 28.462217042887396 ], [ 77.023588930381209, 28.46226993298162 ], [ 77.023664660161188, 28.462338558408575 ], [ 77.023864324760154, 28.462500745770331 ], [ 77.023969510614279, 28.462586188429384 ], [ 77.024063988945542, 28.46266293281931 ], [ 77.024126268631207, 28.462713523289104 ], [ 77.024249043184966, 28.462813252640117 ], [ 77.024309092098818, 28.462862030901618 ], [ 77.024698202189882, 28.463163092268214 ], [ 77.024768999876159, 28.463221999864803 ], [ 77.025067000119606, 28.463450000037433 ], [ 77.02526199978503, 28.463599999706638 ], [ 77.025315999907406, 28.463641999722032 ], [ 77.025396999991656, 28.463703999889724 ], [ 77.025637856822215, 28.463881775428653 ], [ 77.025509441396196, 28.464149460864455 ], [ 77.025451000298673, 28.464223000105314 ], [ 77.025239000361367, 28.464083000342196 ], [ 77.025027000456603, 28.463923000347169 ], [ 77.024602999795675, 28.463593000259468 ], [ 77.023965999920804, 28.464339000059702 ], [ 77.024123000045122, 28.464479000316732 ], [ 77.024207999535761, 28.464542000122655 ], [ 77.024587000366637, 28.464839999623589 ], [ 77.024377999562674, 28.465083999571572 ], [ 77.024716999578004, 28.465316000051757 ], [ 77.025044000055743, 28.465552999632454 ], [ 77.025122999665967, 28.465606999606145 ], [ 77.025135000473682, 28.465614999851223 ], [ 77.025223999727146, 28.465661000315226 ], [ 77.025483000216283, 28.465859000062128 ], [ 77.025706000342581, 28.465600000266566 ], [ 77.025873000041898, 28.465712999688815 ], [ 77.026102000294969, 28.465446999629833 ], [ 77.026001000406126, 28.465376000052245 ], [ 77.026267999644247, 28.465063000019036 ], [ 77.026554999848443, 28.464721999929413 ], [ 77.026888999998818, 28.464323999696099 ], [ 77.02768200044585, 28.464862999697015 ], [ 77.027982000072541, 28.465066000395872 ], [ 77.028314999974327, 28.465284999621261 ], [ 77.028753999806, 28.46557699994414 ], [ 77.02867599974293, 28.465666000050671 ], [ 77.028585000434347, 28.465769000117881 ], [ 77.028426000030919, 28.465959000202169 ], [ 77.028357999758967, 28.466039999555147 ], [ 77.028267817880263, 28.466148030509331 ], [ 77.02826199980727, 28.466154999575263 ], [ 77.02821000049687, 28.466208999868066 ], [ 77.028669999856461, 28.466511000104791 ], [ 77.029019999574928, 28.466740999714276 ], [ 77.029127999637339, 28.466811999829869 ], [ 77.029405999804752, 28.466993999931791 ], [ 77.029605000379249, 28.467124000060597 ], [ 77.029674999910711, 28.467171000264621 ], [ 77.029887999571244, 28.467310000435198 ], [ 77.03000434760574, 28.467386872242901 ], [ 77.030110348133022, 28.467228151428102 ], [ 77.030692465267265, 28.466377580896864 ], [ 77.030799466978067, 28.466192772854132 ], [ 77.030825531501719, 28.466161805411687 ], [ 77.030871527640699, 28.466064158406109 ], [ 77.030900564060204, 28.466002516067103 ], [ 77.030911717475803, 28.465958928078468 ], [ 77.030918726453606, 28.465931535224989 ], [ 77.030936444199597, 28.465862293546774 ], [ 77.030941066512639, 28.465844229710903 ], [ 77.030966616019256, 28.465744381323606 ], [ 77.030969514804383, 28.465733052251736 ], [ 77.031005157276979, 28.465593759082761 ], [ 77.031039606373994, 28.465459131769649 ], [ 77.031048521411165, 28.465427023599212 ], [ 77.03106771480499, 28.465357902436324 ], [ 77.031093465653299, 28.465371728107286 ], [ 77.031244424807696, 28.4654527768813 ], [ 77.031251155810153, 28.46545639133361 ], [ 77.03149580861394, 28.465587368901808 ], [ 77.031617653436854, 28.465652599865276 ], [ 77.031969616686396, 28.465841025163844 ], [ 77.032048725518436, 28.465883204787712 ], [ 77.032050463869609, 28.465884131697418 ], [ 77.032276757057218, 28.46600478578322 ], [ 77.032442842704071, 28.466093337555336 ], [ 77.03246094741759, 28.466102991050061 ], [ 77.032411612101043, 28.46614310278984 ], [ 77.032301539127104, 28.466232598709407 ], [ 77.031891670203549, 28.466561602547738 ], [ 77.031771619504838, 28.466657967013017 ], [ 77.031530069256206, 28.466851858772948 ], [ 77.031411445000501, 28.466947078193797 ], [ 77.031379452655244, 28.466972758067655 ], [ 77.031431999718805, 28.467016999695325 ], [ 77.03193440308489, 28.46745387340362 ], [ 77.032075999556454, 28.467576999821848 ], [ 77.032072338817585, 28.467580152320469 ], [ 77.032384193278332, 28.467879313624621 ], [ 77.032396716869954, 28.467890844422236 ], [ 77.032400255242123, 28.467894102276073 ], [ 77.032417535471112, 28.467910012390679 ], [ 77.032525163181731, 28.46783160494557 ], [ 77.032840545224545, 28.467583647434815 ], [ 77.033190415558849, 28.467308572080697 ], [ 77.033536451025654, 28.467037192434411 ], [ 77.033715948913638, 28.466994165284131 ], [ 77.033705955692795, 28.466904585407082 ], [ 77.033701697581094, 28.466867323152563 ] ] ] ] } },
{ "type": "Feature", "properties": { "OBJECTID": 26182, "MC_Code": 12, "MC_Ward_No": "29", "MC_Name": "Gurugram", "Area": 1213420.12877269, "TotalPopul": 0, "GenPopulat": 0, "BCPopulati": 0, "SCPopulati": 0, "Notificati": "19/45/2023-6C I", "Notifica_1": "2023-12-14", "Remarks": "Updated in GIS Database", "created_us": null, "created_da": null, "last_edite": null, "last_edi_1": null, "Shape_STAr": 1.2134201287699999, "Shape_STLe": 7003.8837276200002 }, "geometry": { "type": "MultiPolygon", "coordinates": [ [ [ [ 77.020220032861033, 28.453075735068104 ], [ 77.020187393991151, 28.4530801884341 ], [ 77.020128836145119, 28.453121504712435 ], [ 77.019601045655733, 28.452537218317865 ], [ 77.019145865244582, 28.45202639587794 ], [ 77.019140965441835, 28.452029834423794 ], [ 77.019113989904497, 28.452004930832945 ], [ 77.018489098756817, 28.451323770438524 ], [ 77.017862827018078, 28.450641093286052 ], [ 77.01786064384811, 28.45063871275589 ], [ 77.017773252003707, 28.450543449167707 ], [ 77.017745705080742, 28.450513420211216 ], [ 77.017740875196296, 28.450516722314823 ], [ 77.017690246033993, 28.450551335386336 ], [ 77.017282899705151, 28.450780202961084 ], [ 77.017177847053489, 28.450839226071185 ], [ 77.016582147096827, 28.451173915629624 ], [ 77.016250799475969, 28.45135814067304 ], [ 77.016049827392436, 28.451469877760427 ], [ 77.015724049943699, 28.451651004223145 ], [ 77.015382216097422, 28.451845050560372 ], [ 77.015338370465628, 28.451869940390868 ], [ 77.015294475310824, 28.451894858012498 ], [ 77.015108268437658, 28.451974480980123 ], [ 77.015031145267201, 28.452007459810702 ], [ 77.014840377796588, 28.452080818104424 ], [ 77.014453202232389, 28.452229701912611 ], [ 77.01448642793612, 28.452303742324688 ], [ 77.013958847384927, 28.45256846873426 ], [ 77.01384907691218, 28.452619944196375 ], [ 77.013738591850867, 28.452671755003678 ], [ 77.013570857706327, 28.452750411242338 ], [ 77.013343886370137, 28.452854030931174 ], [ 77.013386772304457, 28.452960337920452 ], [ 77.013588851202016, 28.453510304838158 ], [ 77.013625516501946, 28.453607341797372 ], [ 77.013676064796286, 28.453741118667281 ], [ 77.013790159459091, 28.454014542860232 ], [ 77.013831000350862, 28.454140999932481 ], [ 77.01384599962978, 28.454267000414777 ], [ 77.013977999655665, 28.454368000118812 ], [ 77.014008999791059, 28.454391999634574 ], [ 77.014031000454821, 28.45441400012205 ], [ 77.013879999927497, 28.454507000237239 ], [ 77.013630999994689, 28.454368999628795 ], [ 77.012938000046475, 28.454841999579703 ], [ 77.012081999787711, 28.455346999798479 ], [ 77.01151600014876, 28.454626000271748 ], [ 77.01113900030586, 28.454878000144038 ], [ 77.010525000240676, 28.454268000050931 ], [ 77.010434999506444, 28.454340999793299 ], [ 77.010394999753046, 28.45436000017289 ], [ 77.010366999602979, 28.454363000219345 ], [ 77.010021000424118, 28.454725999780845 ], [ 77.009974000187015, 28.454792000276438 ], [ 77.00973300029095, 28.455097000029753 ], [ 77.009046999812128, 28.454777000378684 ], [ 77.008851999960129, 28.454711000443766 ], [ 77.008847487120633, 28.454705446268171 ], [ 77.008800000380944, 28.4546470003325 ], [ 77.008599383407159, 28.45528355948619 ], [ 77.008557454542355, 28.455381256892721 ], [ 77.008502248961861, 28.455524422892193 ], [ 77.008433086682686, 28.455750597761465 ], [ 77.008247762504467, 28.456230604966517 ], [ 77.008221626105808, 28.456298300981754 ], [ 77.007985447958532, 28.456776225334615 ], [ 77.007919252203763, 28.456987279466169 ], [ 77.007917359235947, 28.456992792888521 ], [ 77.007953495994485, 28.456992441646907 ], [ 77.007992624642029, 28.456990642143122 ], [ 77.007997821316295, 28.457018702050505 ], [ 77.007853794799956, 28.457277865213474 ], [ 77.00772983193103, 28.457538887799995 ], [ 77.007691785084873, 28.45761900013067 ], [ 77.007495248741975, 28.458032836411721 ], [ 77.007440190249454, 28.458133408245473 ], [ 77.007411661137581, 28.458185520410495 ], [ 77.007207989895079, 28.458557554014284 ], [ 77.007033815141398, 28.458677616062342 ], [ 77.00701262509628, 28.458692222237627 ], [ 77.006749077120503, 28.458873889843758 ], [ 77.006717637172272, 28.458895562042333 ], [ 77.006517285882609, 28.459029833940441 ], [ 77.006384486082993, 28.459118834440037 ], [ 77.006381502464365, 28.459120832980311 ], [ 77.006450249242235, 28.459199347757291 ], [ 77.006452597343795, 28.459202030134747 ], [ 77.006496876054271, 28.45925259959359 ], [ 77.006549568267573, 28.459322073067113 ], [ 77.006565436998414, 28.459342995777334 ], [ 77.006537507276164, 28.459364069314038 ], [ 77.006574101505933, 28.459389510271361 ], [ 77.006583508959096, 28.459396440593121 ], [ 77.006603799416681, 28.45941138666457 ], [ 77.006642974182313, 28.459440244681243 ], [ 77.006200531590764, 28.459869201789086 ], [ 77.006206959949111, 28.459875289059028 ], [ 77.006238902128331, 28.45990553614476 ], [ 77.006363547833388, 28.459838763995464 ], [ 77.0063749996784, 28.459829000197452 ], [ 77.006377756420292, 28.459831152272777 ], [ 77.006412193235946, 28.459812704293935 ], [ 77.006529920237597, 28.459905447642804 ], [ 77.006534196466234, 28.459900903405533 ], [ 77.006627648560141, 28.459801581858848 ], [ 77.006640652211161, 28.459789212574226 ], [ 77.006973042231579, 28.459991539304109 ], [ 77.007056999643055, 28.459928999915075 ], [ 77.007061825091156, 28.459934770607553 ], [ 77.007087219786214, 28.459917278864662 ], [ 77.007139691384438, 28.459997732598811 ], [ 77.007483324756791, 28.45977677697919 ], [ 77.007690217353669, 28.459916973131225 ], [ 77.008343192646848, 28.460322778320656 ], [ 77.008377167388304, 28.460343892710842 ], [ 77.008530975233299, 28.460443297732642 ], [ 77.008534853764331, 28.460445804065337 ], [ 77.008635350808916, 28.460474163628245 ], [ 77.008690945039547, 28.460485280754952 ], [ 77.008733923158857, 28.460530003263138 ], [ 77.008830382911, 28.460630376816738 ], [ 77.008849093031742, 28.460612866185336 ], [ 77.008931882295954, 28.460561482602916 ], [ 77.009036633615082, 28.460496469168621 ], [ 77.009068294817169, 28.460454216563885 ], [ 77.009089653909314, 28.460425712068915 ], [ 77.009152461284117, 28.460341893016963 ], [ 77.009156951033333, 28.460335902666266 ], [ 77.00916122663368, 28.460330197016795 ], [ 77.00927113042394, 28.460213067963469 ], [ 77.009332944424244, 28.460147188971142 ], [ 77.009349243181447, 28.460129818578363 ], [ 77.00940345625358, 28.460072042294904 ], [ 77.00950185270635, 28.459950477433146 ], [ 77.009573567784017, 28.459861873990967 ], [ 77.009632447584735, 28.459789128831623 ], [ 77.009750637011635, 28.459643108719874 ], [ 77.009753370869973, 28.459639731377063 ], [ 77.009757934689915, 28.459643000873584 ], [ 77.009793079845196, 28.459668173589815 ], [ 77.009823329979639, 28.459689840765872 ], [ 77.01016192758081, 28.459932366406058 ], [ 77.010311166867041, 28.460039261555302 ], [ 77.01040374361709, 28.460114726569646 ], [ 77.010469393477436, 28.460168241659069 ], [ 77.0104969427302, 28.460190697564144 ], [ 77.010560231224858, 28.460242287582201 ], [ 77.010632211668508, 28.460300963455492 ], [ 77.010684552192316, 28.46030606218029 ], [ 77.010703146828874, 28.460307874419676 ], [ 77.010794002345278, 28.460316723251839 ], [ 77.010826636304856, 28.460319903413957 ], [ 77.010934326957312, 28.460330392770249 ], [ 77.01093693145576, 28.460330646623042 ], [ 77.0110238823288, 28.46033911629441 ], [ 77.01112820128607, 28.460349277264999 ], [ 77.011184250131436, 28.460354736944314 ], [ 77.011219156112247, 28.460358136974566 ], [ 77.011258703335287, 28.460361989017898 ], [ 77.011290117904522, 28.460365049040174 ], [ 77.011353414527804, 28.460371213583255 ], [ 77.011372745714255, 28.460373096951464 ], [ 77.011389582549555, 28.460373479582504 ], [ 77.011415520245691, 28.460374072307005 ], [ 77.011439105323845, 28.460374609587348 ], [ 77.011621318716735, 28.460378764220572 ], [ 77.011677621361102, 28.460380047413267 ], [ 77.011739652704748, 28.460369922985169 ], [ 77.011753999945768, 28.46035827509731 ], [ 77.011760712490343, 28.460352825686616 ], [ 77.011813880815012, 28.460309660566349 ], [ 77.012097690231712, 28.460079249230478 ], [ 77.012120666594015, 28.460060594919721 ], [ 77.012121791916314, 28.460059898790369 ], [ 77.012179061898195, 28.460024453925573 ], [ 77.012199708135213, 28.460011675075076 ], [ 77.012209315930832, 28.460021774735576 ], [ 77.012228376300783, 28.460041811218588 ], [ 77.012410045526408, 28.459934072635747 ], [ 77.012472877234444, 28.459885643365087 ], [ 77.012493695308038, 28.459869596277407 ], [ 77.012517673448698, 28.459851114769869 ], [ 77.012339000313702, 28.459569000055719 ], [ 77.012200000208239, 28.459313999709771 ], [ 77.012363000408044, 28.4592389999613 ], [ 77.012401999726023, 28.459341999716294 ], [ 77.012439000075275, 28.459430999998311 ], [ 77.012552000006551, 28.459598000193488 ], [ 77.012631929990732, 28.459740456344367 ], [ 77.01283038241057, 28.459647081711623 ], [ 77.013031532628872, 28.459540963402578 ], [ 77.013200535923801, 28.459450419934786 ], [ 77.013410462925236, 28.459350083442317 ], [ 77.013607761587934, 28.459268852555411 ], [ 77.013676930274556, 28.459230553600854 ], [ 77.013679622175914, 28.459229063645296 ], [ 77.013731813926796, 28.459200165094344 ], [ 77.013788820363004, 28.459174623305664 ], [ 77.01404041619675, 28.459061894823517 ], [ 77.014302135475376, 28.458958698300602 ], [ 77.014509801054729, 28.458854392593842 ], [ 77.014831329983338, 28.458714018809196 ], [ 77.015247274536094, 28.458537866150589 ], [ 77.015755560945266, 28.458328674310636 ], [ 77.015864057571491, 28.458284020761674 ], [ 77.01602788358251, 28.458216875817119 ], [ 77.016308899481302, 28.458105749208865 ], [ 77.016472724337348, 28.458037713131894 ], [ 77.016585521296889, 28.457990866593093 ], [ 77.016773106425049, 28.45830896665899 ], [ 77.017013427262995, 28.4586962308564 ], [ 77.017125303056829, 28.458876512030539 ], [ 77.01713817972805, 28.458897261246147 ], [ 77.017167727126292, 28.458944874649156 ], [ 77.01731965673234, 28.459206201794647 ], [ 77.017407919630188, 28.459358016036429 ], [ 77.017420999502235, 28.459345000348776 ], [ 77.0176229996502, 28.459224999831218 ], [ 77.017649999503561, 28.459258999987053 ], [ 77.01837199967953, 28.458988000263325 ], [ 77.018354999658186, 28.458954999649809 ], [ 77.018496000297247, 28.458893999908703 ], [ 77.018524000344911, 28.45895800028212 ], [ 77.018663999821385, 28.458897999705702 ], [ 77.018943999662639, 28.45878500044471 ], [ 77.019224000274491, 28.45867099989626 ], [ 77.019169999831021, 28.458564000189337 ], [ 77.019024000169225, 28.458271999850957 ], [ 77.019309155967832, 28.458170847155589 ], [ 77.019281640355118, 28.458117892775586 ], [ 77.01949058905079, 28.458040242537486 ], [ 77.01989823397642, 28.457888751570977 ], [ 77.020590283132464, 28.45763126690262 ], [ 77.021010221617502, 28.457476299145227 ], [ 77.021010934412232, 28.457476035891911 ], [ 77.021004174580327, 28.457461577657863 ], [ 77.020927575863411, 28.45729773459788 ], [ 77.020848320547501, 28.457107912287292 ], [ 77.020804321963524, 28.457012469143361 ], [ 77.02076032244257, 28.456917025995086 ], [ 77.021150955072656, 28.456868378135567 ], [ 77.021616963262701, 28.456879598411309 ], [ 77.022287274514838, 28.45696406670595 ], [ 77.022351103535428, 28.456972109605896 ], [ 77.023137049360699, 28.457207073244295 ], [ 77.023320195335671, 28.457261826295415 ], [ 77.023377328102001, 28.457278906200155 ], [ 77.023434316098133, 28.457295943116073 ], [ 77.023458263474652, 28.457303101677137 ], [ 77.023511265796031, 28.457317270603976 ], [ 77.023696361952958, 28.457370287754657 ], [ 77.02369713240401, 28.457368656554408 ], [ 77.02373998879051, 28.457277958820402 ], [ 77.023674749819961, 28.457175718560197 ], [ 77.023946031772212, 28.457063142227511 ], [ 77.024871832521697, 28.456876052574025 ], [ 77.025576477351322, 28.456733650958959 ], [ 77.025706056532442, 28.456707463770428 ], [ 77.026367347569476, 28.456535262770885 ], [ 77.026538583257093, 28.45656014939 ], [ 77.026521249460373, 28.456597586672292 ], [ 77.026539000146713, 28.456601000192013 ], [ 77.026583000308605, 28.456609999795116 ], [ 77.026623999952079, 28.456618000065909 ], [ 77.026969999883619, 28.456734999715735 ], [ 77.027091999543742, 28.456777999753378 ], [ 77.027144999985694, 28.456840000423476 ], [ 77.027167000040492, 28.456916000333784 ], [ 77.027164999852971, 28.456986999767338 ], [ 77.027117999668789, 28.457146000224007 ], [ 77.027119000336867, 28.457217000045883 ], [ 77.027142000006407, 28.457344999723233 ], [ 77.027173999999874, 28.457445000398465 ], [ 77.027223000464986, 28.457538999629215 ], [ 77.027250000497261, 28.457574000306401 ], [ 77.027284000421744, 28.457616999815119 ], [ 77.027367000031262, 28.45770200007464 ], [ 77.027511999725007, 28.457796000120887 ], [ 77.027621640680763, 28.457859153066561 ], [ 77.027893880760089, 28.457494313867297 ], [ 77.028003395719594, 28.457347547312384 ], [ 77.028156122442439, 28.457142871704086 ], [ 77.028528230373126, 28.456644185871593 ], [ 77.028805874552674, 28.456082916629974 ], [ 77.028873102646145, 28.455938935068641 ], [ 77.029088766784739, 28.455477048030726 ], [ 77.029700654574228, 28.454126577586578 ], [ 77.029765395501059, 28.453983413291844 ], [ 77.029791059855597, 28.453926660861363 ], [ 77.029817159117428, 28.453868945436231 ], [ 77.028674059435687, 28.4540281080602 ], [ 77.028483221155085, 28.454054679192787 ], [ 77.02816555764467, 28.454098908226463 ], [ 77.026814252616489, 28.454271741001502 ], [ 77.02670762474844, 28.454285378219129 ], [ 77.026544651859496, 28.453530969817383 ], [ 77.026399542175383, 28.452968784465249 ], [ 77.026260073369286, 28.452428447582221 ], [ 77.026257959804838, 28.452407190599811 ], [ 77.026251914071565, 28.452346357852608 ], [ 77.026258779678585, 28.452329941814611 ], [ 77.026285900252205, 28.452265091266572 ], [ 77.026287913745605, 28.452260276960004 ], [ 77.025017162828632, 28.45241215196371 ], [ 77.024464779056188, 28.452486029585238 ], [ 77.023768957422249, 28.452581429182786 ], [ 77.023670966671062, 28.452594864174266 ], [ 77.02367089843743, 28.452594873310712 ], [ 77.023477281671205, 28.452622073360395 ], [ 77.022235646159231, 28.452805572019301 ], [ 77.022144941353289, 28.452818977005869 ], [ 77.021789843579114, 28.45286480609715 ], [ 77.021291585325841, 28.452929110804774 ], [ 77.021188303963854, 28.452943617954162 ], [ 77.020220032861033, 28.453075735068104 ] ] ] ] } },
{ "type": "Feature", "properties": { "OBJECTID": 26185, "MC_Code": 12, "MC_Ward_No": "34", "MC_Name": "Gurugram", "Area": 2311723.6641681702, "TotalPopul": 0, "GenPopulat": 0, "BCPopulati": 0, "SCPopulati": 0, "Notificati": "19/45/2023-6C I", "Notifica_1": "2023-12-14", "Remarks": "Updated in GIS Database", "created_us": null, "created_da": null, "last_edite": null, "last_edi_1": null, "Shape_STAr": 2.3117236641700001, "Shape_STLe": 6951.5004422900001 }, "geometry": { "type": "MultiPolygon", "coordinates": [ [ [ [ 77.00523039305736, 28.497788138042299 ], [ 77.005244106258274, 28.497782585570853 ], [ 77.005417000136887, 28.497936999588983 ], [ 77.005417999628378, 28.497936000361953 ], [ 77.005430999564155, 28.49792999999924 ], [ 77.005515000229437, 28.497894000362571 ], [ 77.005877000325768, 28.497754000299114 ], [ 77.006285000047342, 28.497709000096734 ], [ 77.0067510003813, 28.497683000338604 ], [ 77.007050000216779, 28.497664000207259 ], [ 77.007313000340702, 28.497657000242558 ], [ 77.007507044072426, 28.497652087867063 ], [ 77.007773511614985, 28.497645341683079 ], [ 77.00794500022478, 28.497641000184558 ], [ 77.007927509711379, 28.497683819359949 ], [ 77.008234520739393, 28.497679289399596 ], [ 77.008295293276646, 28.497678392089437 ], [ 77.008335821240379, 28.497677793977104 ], [ 77.008335978499588, 28.497677791652748 ], [ 77.008353155968976, 28.497677508885737 ], [ 77.008354392564058, 28.497677488803447 ], [ 77.008353896429071, 28.497653935521491 ], [ 77.008383422604041, 28.497654645101989 ], [ 77.008505115222761, 28.497657568385257 ], [ 77.008541002804606, 28.497658430243245 ], [ 77.008735460845514, 28.497663102072252 ], [ 77.008846262084575, 28.4976496512209 ], [ 77.009463813198735, 28.497680558423252 ], [ 77.009536061740747, 28.497686347871131 ], [ 77.009827751448924, 28.497712085855863 ], [ 77.009965504777142, 28.497720797121612 ], [ 77.010608273723449, 28.497761443302654 ], [ 77.010941356871797, 28.497757602442633 ], [ 77.011189714465345, 28.49775104989024 ], [ 77.011374789931295, 28.497718959346095 ], [ 77.011553900233622, 28.497687903437015 ], [ 77.01160425509174, 28.497675761175302 ], [ 77.011762198524934, 28.497684533553191 ], [ 77.011851161170284, 28.497632342287449 ], [ 77.011900496159569, 28.497606450437807 ], [ 77.012126477830179, 28.49757047312043 ], [ 77.012165581220927, 28.497564247098826 ], [ 77.012395935763934, 28.497514396691091 ], [ 77.012544548498695, 28.497482234601598 ], [ 77.012746566726619, 28.497418122835928 ], [ 77.012833562150988, 28.497394764275302 ], [ 77.012897143785281, 28.497377691835897 ], [ 77.013111139035757, 28.497238413421478 ], [ 77.013322161306448, 28.497105052188378 ], [ 77.013488566439833, 28.49699729478391 ], [ 77.014446170086813, 28.496405468685598 ], [ 77.015055912897296, 28.496052358781863 ], [ 77.01561359097947, 28.495778815166915 ], [ 77.016099171230621, 28.495582985344445 ], [ 77.016322811863347, 28.495495217175701 ], [ 77.016393950630189, 28.495479881752765 ], [ 77.016180614793569, 28.495236183869608 ], [ 77.015531803262178, 28.494495022792911 ], [ 77.015614701110664, 28.494440618141784 ], [ 77.015571415900254, 28.494391352565462 ], [ 77.014528974853206, 28.493204853064952 ], [ 77.014208735889781, 28.492840355851939 ], [ 77.013348764585928, 28.491937911017494 ], [ 77.012540456501753, 28.491089673974543 ], [ 77.012330973288044, 28.490869840079863 ], [ 77.011756674972403, 28.490219051821224 ], [ 77.011298416595579, 28.489699751706723 ], [ 77.010764004852305, 28.489094145122571 ], [ 77.01027596904737, 28.488541084946728 ], [ 77.01027560879227, 28.488536087589939 ], [ 77.009934196461941, 28.488110711288762 ], [ 77.00978972460392, 28.487930707239403 ], [ 77.00977852354734, 28.487916751838906 ], [ 77.009606748440063, 28.487702728971872 ], [ 77.006467423415501, 28.483791094443241 ], [ 77.006457369300577, 28.483796642596417 ], [ 77.006434665415142, 28.48380917136652 ], [ 77.006309664973116, 28.483650350071734 ], [ 77.006139239688878, 28.483445222128051 ], [ 77.006066826056681, 28.483358063338095 ], [ 77.006045042107701, 28.483331843665152 ], [ 77.005746965457163, 28.482973065216466 ], [ 77.00574523865437, 28.482973617677544 ], [ 77.005610999775087, 28.483016999787989 ], [ 77.005576725670295, 28.483031373019269 ], [ 77.004773999505574, 28.483367999716567 ], [ 77.004106000426773, 28.483643000050641 ], [ 77.004162999877025, 28.483768000402904 ], [ 77.004199999822902, 28.483830000297306 ], [ 77.003371999568841, 28.484162999660246 ], [ 77.003529000390117, 28.484503000430177 ], [ 77.002831999564052, 28.484769999669691 ], [ 77.003367999839668, 28.485977999872404 ], [ 77.003340999551483, 28.486080000283135 ], [ 77.003335000459757, 28.486101000061407 ], [ 77.003296999877435, 28.486150999725016 ], [ 77.003196999677414, 28.486210999983111 ], [ 77.002744999521354, 28.486395999635825 ], [ 77.002514999716425, 28.486477999751262 ], [ 77.00170499975161, 28.485835999970135 ], [ 77.001361000134182, 28.485563999690036 ], [ 77.000951000485742, 28.485239999585996 ], [ 77.000585999690685, 28.484939000292524 ], [ 77.000011000303999, 28.484500999990274 ], [ 76.999824000037918, 28.484361000250868 ], [ 76.999567000298555, 28.484168999909269 ], [ 76.999304999591516, 28.483967000415607 ], [ 76.999042000347814, 28.483768000082311 ], [ 76.998600000409397, 28.483429999838474 ], [ 76.998577257329572, 28.483412626250711 ], [ 76.998323799189137, 28.483478495952891 ], [ 76.998239813790534, 28.483500322636463 ], [ 76.998032348781408, 28.483529669204671 ], [ 76.997538232030394, 28.483599563075764 ], [ 76.9971650929471, 28.483639026652657 ], [ 76.996837955336588, 28.483714176008878 ], [ 76.996494922779547, 28.483795965761868 ], [ 76.996140638278845, 28.483906120627335 ], [ 76.995937615441562, 28.484019670686195 ], [ 76.99550730574056, 28.484260340405129 ], [ 76.995471952202109, 28.484265152897184 ], [ 76.994683999547163, 28.484753999687605 ], [ 76.993735999809033, 28.485154000450574 ], [ 76.993709733596603, 28.485162557564237 ], [ 76.993640998793666, 28.485184948245237 ], [ 76.993584595190882, 28.485203351844579 ], [ 76.992139000284823, 28.485674999785825 ], [ 76.992970000274013, 28.486451000307312 ], [ 76.994097004776549, 28.48746591039308 ], [ 76.994276999691706, 28.487627999745271 ], [ 76.994899863751627, 28.488796636308951 ], [ 76.994902606883201, 28.488801781935024 ], [ 76.994910772825961, 28.488817103339127 ], [ 76.995073584876096, 28.48912256959408 ], [ 76.995119999670791, 28.489209654027778 ], [ 76.995140708484186, 28.489248508135546 ], [ 76.995151909894815, 28.489269524902205 ], [ 76.995192384265835, 28.489345463876894 ], [ 76.995197999794073, 28.489355999562253 ], [ 76.995317406014649, 28.489530001900444 ], [ 76.995536999536611, 28.489850000183988 ], [ 76.995732190448962, 28.490133456919427 ], [ 76.995793139786983, 28.490221967230646 ], [ 76.995959447623761, 28.490463479025202 ], [ 76.996047278366618, 28.490591025916022 ], [ 76.996027759294947, 28.490597464020254 ], [ 76.996279257289487, 28.490970102755924 ], [ 76.996398021989734, 28.491146073338498 ], [ 76.996501916615884, 28.491300010861075 ], [ 76.996563111122882, 28.491356707024774 ], [ 76.996531934374502, 28.491357696550605 ], [ 76.996559935661523, 28.491402018968891 ], [ 76.997040236910848, 28.492058832674243 ], [ 76.998745104361817, 28.494811170147013 ], [ 76.998967999792541, 28.495170999586211 ], [ 76.999455708604302, 28.496299124688413 ], [ 76.999458950614766, 28.496296738961913 ], [ 76.9994844994376, 28.49628799360536 ], [ 76.999510054460401, 28.496330067413155 ], [ 76.999791526875327, 28.496793479902728 ], [ 76.999937293014938, 28.497033466375928 ], [ 77.000063075666546, 28.497240549797695 ], [ 77.000065312119332, 28.497240522292724 ], [ 77.000273590150073, 28.497469834558171 ], [ 77.000342637255258, 28.497561407687236 ], [ 77.000364674742457, 28.497585811595407 ], [ 77.000384326320585, 28.497607572413422 ], [ 77.000559000194087, 28.497801000162486 ], [ 77.000815663780983, 28.498152011732302 ], [ 77.000918730635831, 28.498292963439543 ], [ 77.000918390381358, 28.498318995277319 ], [ 77.000979955541553, 28.498399423953376 ], [ 77.00112281328903, 28.498572063373061 ], [ 77.00115022272395, 28.498609548968858 ], [ 77.001164411346167, 28.498628953738802 ], [ 77.00133966917204, 28.498868630422603 ], [ 77.001521007223928, 28.499116621875707 ], [ 77.002319111619926, 28.498740921539124 ], [ 77.002343299427437, 28.498732839977158 ], [ 77.003237185659984, 28.498434164267689 ], [ 77.003245509081424, 28.498431383197836 ], [ 77.003288331624134, 28.498420674279615 ], [ 77.003308674903664, 28.498415587320441 ], [ 77.004220096686012, 28.498170778512382 ], [ 77.004284871870155, 28.498160325695334 ], [ 77.004308685052834, 28.498151408317934 ], [ 77.004917456132773, 28.49792342404481 ], [ 77.00523039305736, 28.497788138042299 ] ] ] ] } },
{ "type": "Feature", "properties": { "OBJECTID": 26186, "MC_Code": 12, "MC_Ward_No": "02", "MC_Name": "Gurugram", "Area": 11085841.66664201, "TotalPopul": 0, "GenPopulat": 0, "BCPopulati": 0, "SCPopulati": 0, "Notificati": "19/45/2023-6C I", "Notifica_1": "2023-12-14", "Remarks": "Updated in GIS Database", "created_us": null, "created_da": null, "last_edite": null, "last_edi_1": null, "Shape_STAr": 11.0858416666, "Shape_STLe": 15861.558055199999 }, "geometry": { "type": "MultiPolygon", "coordinates": [ [ [ [ 77.075133862152654, 28.518656290059035 ], [ 77.075242662500983, 28.518598863164488 ], [ 77.075276249786697, 28.518622449542274 ], [ 77.075295145240162, 28.518655746682718 ], [ 77.07531506290978, 28.518690846408077 ], [ 77.075378599165845, 28.518684907227062 ], [ 77.075962235952787, 28.518630350549792 ], [ 77.076372566670472, 28.518555332296046 ], [ 77.076651026460752, 28.518546885151046 ], [ 77.076835481889475, 28.51852674871434 ], [ 77.07718464177448, 28.518488631484196 ], [ 77.077339351438908, 28.518478558297762 ], [ 77.077406090753485, 28.518482754752302 ], [ 77.078028139398313, 28.518395085114584 ], [ 77.078415054992533, 28.51833126872166 ], [ 77.078717858166002, 28.518281324468827 ], [ 77.079406179414136, 28.518212988192918 ], [ 77.079430990158713, 28.518219734958979 ], [ 77.079638937990893, 28.518175158933499 ], [ 77.080096585044501, 28.518076657142739 ], [ 77.080235471645352, 28.518052474093395 ], [ 77.080581144919947, 28.518158372813829 ], [ 77.080782818519396, 28.518076303501985 ], [ 77.081039347386906, 28.517973205422852 ], [ 77.0814779153487, 28.517786872971094 ], [ 77.081703683573821, 28.517697274835392 ], [ 77.08203142432049, 28.517550764804788 ], [ 77.082172914473261, 28.51750046783707 ], [ 77.082549102323071, 28.517359696213422 ], [ 77.08286679847339, 28.517250401654067 ], [ 77.083125475376448, 28.517198260453572 ], [ 77.083558743716836, 28.517063434047834 ], [ 77.084252232801646, 28.51682597265437 ], [ 77.084537402933407, 28.51673601237642 ], [ 77.084625047418285, 28.516701784292593 ], [ 77.084946568981437, 28.51656075436286 ], [ 77.085546433322733, 28.516357058021946 ], [ 77.085639975432485, 28.516325817505241 ], [ 77.08575595253042, 28.516285113404841 ], [ 77.08599546011429, 28.516201056053493 ], [ 77.086332682370227, 28.516113575328088 ], [ 77.086686830407913, 28.516010506700894 ], [ 77.086927099688424, 28.515936874242097 ], [ 77.087026312609822, 28.515871076522789 ], [ 77.087374633120405, 28.5157006029686 ], [ 77.087600352358052, 28.515570852185657 ], [ 77.087723877972607, 28.515499845579551 ], [ 77.087849162236353, 28.515451632741765 ], [ 77.088418660465422, 28.515219467509883 ], [ 77.088522413959481, 28.515192552649118 ], [ 77.088773134982191, 28.515096068048479 ], [ 77.089110425939225, 28.515037511059976 ], [ 77.089801495452747, 28.514878253735322 ], [ 77.090022268052266, 28.514832389260913 ], [ 77.090342641463451, 28.514765834148957 ], [ 77.090492792854135, 28.514711449564469 ], [ 77.09118571001062, 28.51449162844623 ], [ 77.091746966893353, 28.51435755719325 ], [ 77.091878159904127, 28.514286946802621 ], [ 77.092150113271629, 28.514220015265511 ], [ 77.092569913323544, 28.514104975117583 ], [ 77.093134688054079, 28.513999426316907 ], [ 77.093065858836141, 28.513398369124832 ], [ 77.093042000464905, 28.513307000311958 ], [ 77.092988000370212, 28.512957000383057 ], [ 77.092970615734302, 28.512657799640859 ], [ 77.092956069994941, 28.512407469651468 ], [ 77.09295000016084, 28.512303000048096 ], [ 77.093035000323283, 28.511649999934477 ], [ 77.093175999800465, 28.511152000240163 ], [ 77.093519999772212, 28.510547999676433 ], [ 77.093909999960616, 28.50989699962193 ], [ 77.094308999926753, 28.50923600003259 ], [ 77.094440999895639, 28.509014999559131 ], [ 77.094947999862185, 28.507997999953023 ], [ 77.095071691331128, 28.507580107422051 ], [ 77.095124999992478, 28.507400000025093 ], [ 77.095130000081753, 28.507327999839411 ], [ 77.095157999767423, 28.507113999573711 ], [ 77.095151000312114, 28.506467999968866 ], [ 77.095104000468979, 28.506189000114372 ], [ 77.095020000085611, 28.505880999618306 ], [ 77.095011841828693, 28.505852337430461 ], [ 77.094946000362796, 28.505620999577513 ], [ 77.094871000364904, 28.505439999643865 ], [ 77.094758999698286, 28.505194000421653 ], [ 77.094658999652637, 28.505036999861748 ], [ 77.094250999972047, 28.504460999667206 ], [ 77.093975999803916, 28.504128999794908 ], [ 77.092381000176346, 28.50222199987142 ], [ 77.092347999534439, 28.502184000135571 ], [ 77.09210400011402, 28.501884999577097 ], [ 77.091379999784493, 28.501067000135958 ], [ 77.091310000045127, 28.500988000032411 ], [ 77.09120100004462, 28.500866000313874 ], [ 77.089687000294248, 28.499172000332102 ], [ 77.089248000429109, 28.498699999802508 ], [ 77.089052181434155, 28.498489696977778 ], [ 77.08965173390601, 28.498024373377554 ], [ 77.08969402300832, 28.4979988257667 ], [ 77.089807281384552, 28.497930404002958 ], [ 77.090074624958277, 28.497768893998494 ], [ 77.090158394710073, 28.497716914030018 ], [ 77.090493244792498, 28.497509133440492 ], [ 77.091311776210759, 28.497001216381829 ], [ 77.091326637714658, 28.49699199407608 ], [ 77.092472806547036, 28.496280701317065 ], [ 77.092635488276812, 28.496168188829895 ], [ 77.092752721964146, 28.496072792303856 ], [ 77.092849044342685, 28.495981230554293 ], [ 77.09291868448058, 28.495889359664119 ], [ 77.092966677390635, 28.495800669944988 ], [ 77.093010572886826, 28.495708125391598 ], [ 77.093032505247123, 28.49561532720768 ], [ 77.093046492601104, 28.495504182432885 ], [ 77.093040213793302, 28.495386073408312 ], [ 77.093019882939032, 28.495257526071843 ], [ 77.092986799274343, 28.495142344725672 ], [ 77.092933430549039, 28.495022958728509 ], [ 77.092809259505671, 28.494773015368665 ], [ 77.092715666351253, 28.494599984213107 ], [ 77.092599894914102, 28.494385947769164 ], [ 77.091930315723076, 28.493148025001449 ], [ 77.091190490472698, 28.491765687593343 ], [ 77.091174931872132, 28.49173661737618 ], [ 77.091159373244935, 28.491707545352533 ], [ 77.091097059365723, 28.491591112278972 ], [ 77.090764446387723, 28.490965594415567 ], [ 77.090464515410957, 28.490410181442584 ], [ 77.090359232663488, 28.490215219078099 ], [ 77.090321585590516, 28.490136071417567 ], [ 77.090283938559253, 28.490056922840736 ], [ 77.09026980127399, 28.490018787427722 ], [ 77.090249671662562, 28.489969141050544 ], [ 77.090234386590453, 28.489917383584533 ], [ 77.090229322394592, 28.489875123898649 ], [ 77.090233443824729, 28.489809574415489 ], [ 77.090241238136073, 28.489767510370946 ], [ 77.09026737624356, 28.489705100749607 ], [ 77.090309667537042, 28.489632670372522 ], [ 77.090355868011741, 28.489568094237661 ], [ 77.090453439931252, 28.489461282711179 ], [ 77.090503998875022, 28.489410364910267 ], [ 77.090554558791638, 28.489359447077014 ], [ 77.090648839409397, 28.48927314831128 ], [ 77.090689287968175, 28.489241405407459 ], [ 77.090783522898747, 28.489185237136823 ], [ 77.091027855569763, 28.489009588455669 ], [ 77.091282035250174, 28.488852854174901 ], [ 77.091565722849637, 28.4886787826172 ], [ 77.091665437402796, 28.488617596366197 ], [ 77.092680197732165, 28.487994925841416 ], [ 77.093583499112967, 28.487432937247871 ], [ 77.094068675304342, 28.487131080213629 ], [ 77.094317369359146, 28.486976351550517 ], [ 77.09444222009887, 28.486878267560659 ], [ 77.09469392303447, 28.48654054808863 ], [ 77.094768183261252, 28.486440910112385 ], [ 77.095114925163799, 28.485975668034758 ], [ 77.095333279612746, 28.485682687686158 ], [ 77.095304224419195, 28.485598443432934 ], [ 77.095250491816344, 28.485429351423843 ], [ 77.095228614196273, 28.485360504012977 ], [ 77.095088000347516, 28.484918000356799 ], [ 77.094976000300093, 28.483542999732752 ], [ 77.095001000095237, 28.48324599984122 ], [ 77.0949059999882, 28.482574000259319 ], [ 77.094831000202831, 28.482256000368189 ], [ 77.094720999930658, 28.481973999770116 ], [ 77.094422999887911, 28.481656000012691 ], [ 77.094357102996327, 28.481581866228108 ], [ 77.094351000218325, 28.481574999649585 ], [ 77.094327999991421, 28.48147599973197 ], [ 77.094346999976153, 28.481366999958116 ], [ 77.094371000188545, 28.481234000427307 ], [ 77.094416429661948, 28.480991424982811 ], [ 77.094468876694805, 28.480978557123574 ], [ 77.094383043748849, 28.480803397384644 ], [ 77.094322999872958, 28.480586999630908 ], [ 77.094260999973258, 28.480363999808567 ], [ 77.094096999557465, 28.479772000323642 ], [ 77.09396600039193, 28.479251000437749 ], [ 77.093960999701309, 28.478994000286868 ], [ 77.093956399018339, 28.478736359622694 ], [ 77.093951587632688, 28.478653118392245 ], [ 77.093869000152552, 28.478534999855132 ], [ 77.093241999591626, 28.477915000354987 ], [ 77.091570251170609, 28.478484734726457 ], [ 77.091564606273494, 28.478473101137158 ], [ 77.091542253970388, 28.478483541307327 ], [ 77.090934650303126, 28.478683909967764 ], [ 77.090812465324476, 28.478722265445086 ], [ 77.090462109001066, 28.478819615590783 ], [ 77.090111752033067, 28.478916967571546 ], [ 77.089991097026925, 28.478947012645428 ], [ 77.089832050789596, 28.478986617083649 ], [ 77.089729786827704, 28.479012082253025 ], [ 77.089727459604717, 28.47901266213967 ], [ 77.088892096939148, 28.479220675710319 ], [ 77.08888795973165, 28.479221705691405 ], [ 77.088885955051566, 28.479222121795978 ], [ 77.088883949350546, 28.479222537916201 ], [ 77.088770522723351, 28.479246084106205 ], [ 77.088452436408076, 28.479312114883363 ], [ 77.08808005337778, 28.479388071870723 ], [ 77.08757054218627, 28.47946829861268 ], [ 77.08754238103235, 28.479383404265224 ], [ 77.087264272884298, 28.479398798146931 ], [ 77.087160526166301, 28.479404541038196 ], [ 77.087077144854604, 28.479411153221854 ], [ 77.086997860494336, 28.479417439871831 ], [ 77.086786356315784, 28.47943421218109 ], [ 77.086631281391448, 28.479477075279441 ], [ 77.086588709245191, 28.479488841983073 ], [ 77.086192642642757, 28.479539257611712 ], [ 77.086106035542926, 28.47953550663572 ], [ 77.086069689051214, 28.479533933118081 ], [ 77.086000925046562, 28.479530954050105 ], [ 77.085928306665537, 28.479527809413064 ], [ 77.085856626563896, 28.479513897177043 ], [ 77.085817971943257, 28.479506394555894 ], [ 77.085383998598218, 28.479417924125006 ], [ 77.085249670050118, 28.479365126325042 ], [ 77.084159000372395, 28.47909400028777 ], [ 77.083843999740012, 28.478966999793915 ], [ 77.083414732089295, 28.478794171427733 ], [ 77.083418959239339, 28.478731917444737 ], [ 77.082741942285935, 28.478424820585001 ], [ 77.082475605517985, 28.478248607405035 ], [ 77.082383810730462, 28.478187874061575 ], [ 77.082226588913585, 28.478083853354843 ], [ 77.082074879023082, 28.47798347739699 ], [ 77.081923169432471, 28.477883102155381 ], [ 77.081902328789198, 28.477862469921956 ], [ 77.081746727945855, 28.477745243320825 ], [ 77.081639060539672, 28.477664128642168 ], [ 77.081531650397267, 28.477773150926168 ], [ 77.081449680059009, 28.477856351155509 ], [ 77.081420603311926, 28.477885864346597 ], [ 77.081374274083004, 28.477840252124984 ], [ 77.081135873317663, 28.478077769696505 ], [ 77.081094161970526, 28.478119326682943 ], [ 77.08098341666016, 28.478229660193115 ], [ 77.080967343920406, 28.47824567463287 ], [ 77.080964016368924, 28.478248989335999 ], [ 77.080944616052946, 28.47826831757434 ], [ 77.080847240688954, 28.4783675676996 ], [ 77.08081384871646, 28.478401602580504 ], [ 77.080437402958751, 28.478441824008922 ], [ 77.080421849372897, 28.478443485043659 ], [ 77.080292569937086, 28.478538834093243 ], [ 77.079748783560277, 28.478939896710827 ], [ 77.079719378152177, 28.478953877197966 ], [ 77.079559986538015, 28.479029656152651 ], [ 77.078846259911913, 28.478952764774963 ], [ 77.078884927605344, 28.4778921464181 ], [ 77.078106792023419, 28.477894494946014 ], [ 77.077434648409309, 28.477790171411201 ], [ 77.076575755929937, 28.477808069044382 ], [ 77.076559795147233, 28.478925639377977 ], [ 77.076544386723512, 28.479004661764741 ], [ 77.075824000451803, 28.478895000092344 ], [ 77.074863000475503, 28.478749000351872 ], [ 77.074266999963896, 28.478638000089344 ], [ 77.073857718900868, 28.478554045003857 ], [ 77.073506173274197, 28.478651613709228 ], [ 77.072955427847077, 28.478804429866369 ], [ 77.072253297792898, 28.478955600398677 ], [ 77.072181920181663, 28.478991969200493 ], [ 77.071876555125101, 28.47906149242375 ], [ 77.071348851279566, 28.479190648918497 ], [ 77.07123297727594, 28.479219009326158 ], [ 77.070701946059984, 28.479348977442978 ], [ 77.070570999757237, 28.479227000173605 ], [ 77.070387000366196, 28.47939299964963 ], [ 77.070322448305518, 28.479441851227339 ], [ 77.070127999625839, 28.479588999867939 ], [ 77.070048000282227, 28.479643999627605 ], [ 77.068048999662693, 28.481017999596382 ], [ 77.067812000329596, 28.481180999689521 ], [ 77.066913000093308, 28.481798999728461 ], [ 77.066337000323685, 28.482195000077606 ], [ 77.06626821593062, 28.482242244845654 ], [ 77.065758999684491, 28.482592000353591 ], [ 77.065239000499844, 28.482950000195835 ], [ 77.065056999977372, 28.483074999724376 ], [ 77.064946662366665, 28.483150955227579 ], [ 77.063016000286353, 28.484480000280115 ], [ 77.062622000073191, 28.484740999861533 ], [ 77.06253699978511, 28.484796999848552 ], [ 77.062136000343671, 28.485061999732434 ], [ 77.062072000333018, 28.485105000166751 ], [ 77.061555999727844, 28.485444000238054 ], [ 77.061368578353395, 28.48557224635567 ], [ 77.060590000235862, 28.486105000083661 ], [ 77.060480000202489, 28.48617700018195 ], [ 77.060328999554542, 28.486280000104269 ], [ 77.060092535645779, 28.48644029126714 ], [ 77.059341293880848, 28.486949530144226 ], [ 77.059019000126483, 28.487168000294176 ], [ 77.058437000294632, 28.487562999629187 ], [ 77.057965999732602, 28.48788200043451 ], [ 77.057403000372005, 28.488263000326775 ], [ 77.056993806329743, 28.488540704844741 ], [ 77.056625000030536, 28.488791000040496 ], [ 77.055991999539685, 28.489228000277745 ], [ 77.056562999965237, 28.489877000343746 ], [ 77.056896999849755, 28.490256000141422 ], [ 77.057281999850346, 28.490742000409245 ], [ 77.058149359054369, 28.491837803401662 ], [ 77.058929999515939, 28.492693999633133 ], [ 77.059520000438468, 28.493329999946727 ], [ 77.059819999854213, 28.493654999886445 ], [ 77.059948999999634, 28.493793999633159 ], [ 77.060416999744305, 28.494322999657026 ], [ 77.060794999816821, 28.494756999685187 ], [ 77.06130799953138, 28.495329999655546 ], [ 77.061356000351054, 28.495386999832775 ], [ 77.061719000131703, 28.495806999961417 ], [ 77.062337999718252, 28.496506000207184 ], [ 77.062998000191129, 28.497262000197015 ], [ 77.063538000199998, 28.497867999892332 ], [ 77.064332999789542, 28.498766000366246 ], [ 77.064468000122289, 28.498922999694273 ], [ 77.064593000499428, 28.499072999759345 ], [ 77.065147000152947, 28.49974200030459 ], [ 77.065378000460299, 28.500019000071411 ], [ 77.065552000383931, 28.500221999556718 ], [ 77.06562800014126, 28.500310999820051 ], [ 77.065704000028376, 28.500400000033149 ], [ 77.066254999749574, 28.501044999952303 ], [ 77.066959999711742, 28.501816999738363 ], [ 77.067413999486448, 28.502310999608792 ], [ 77.067511000281257, 28.50241599974591 ], [ 77.067829999841479, 28.502776999910143 ], [ 77.068102000124568, 28.503085999932601 ], [ 77.068409000240507, 28.503436000315723 ], [ 77.068572999624067, 28.503623000291253 ], [ 77.068762000244377, 28.503845999901785 ], [ 77.068856000118274, 28.503945999667348 ], [ 77.069352999680632, 28.504495000090596 ], [ 77.069491999517524, 28.504648000443911 ], [ 77.069973999636147, 28.505202999965448 ], [ 77.07004999958346, 28.505291000339142 ], [ 77.07039700047622, 28.505697999622232 ], [ 77.070610000293172, 28.505940000187454 ], [ 77.07072100029103, 28.506068999553463 ], [ 77.071323000046945, 28.506766000106996 ], [ 77.07145199953672, 28.506914999913384 ], [ 77.071587000257026, 28.507074999619537 ], [ 77.071881000386384, 28.507453000360591 ], [ 77.072006000094959, 28.50762300025298 ], [ 77.071816954029018, 28.507620184437346 ], [ 77.072147583660552, 28.508098102176671 ], [ 77.07262015775342, 28.508737619669279 ], [ 77.073926690469449, 28.510505651087033 ], [ 77.074090878537504, 28.510727829061057 ], [ 77.073345111350932, 28.510739214336912 ], [ 77.073212092403651, 28.510781227256832 ], [ 77.073184999689289, 28.510776000248143 ], [ 77.073187005825559, 28.510789150085753 ], [ 77.073076841730767, 28.510823943645278 ], [ 77.072429767012267, 28.511028311319489 ], [ 77.072377749336127, 28.51118827206205 ], [ 77.072004506754226, 28.511551039497437 ], [ 77.071923990022853, 28.511629295830907 ], [ 77.072087706734621, 28.511841898837819 ], [ 77.07305473928615, 28.513097663589988 ], [ 77.073261767139769, 28.512879370036615 ], [ 77.073367999730863, 28.51292000045078 ], [ 77.073411999831109, 28.512938999764671 ], [ 77.073407999731032, 28.513078999921213 ], [ 77.073411000215259, 28.514594000279555 ], [ 77.073599999743365, 28.514601999858623 ], [ 77.074077000067518, 28.514604999701291 ], [ 77.0741272615127, 28.514602715344708 ], [ 77.074356739349298, 28.514843817387458 ], [ 77.0743657658671, 28.51485330115338 ], [ 77.074374524485108, 28.514848004209856 ], [ 77.074648999723181, 28.515211000097807 ], [ 77.074891999878417, 28.515063999608827 ], [ 77.075338000418213, 28.514790999603832 ], [ 77.076177000227446, 28.514521000341045 ], [ 77.076420467339886, 28.514812274989453 ], [ 77.07573962979086, 28.515146763405301 ], [ 77.075255382862537, 28.515386876025509 ], [ 77.075145246398705, 28.515441486298442 ], [ 77.07511682569536, 28.515455578302138 ], [ 77.074880645245699, 28.515572687066893 ], [ 77.075092261934699, 28.515877309880885 ], [ 77.075265987751891, 28.516064740045181 ], [ 77.075382245022197, 28.516190166969075 ], [ 77.07474723005457, 28.516166240634334 ], [ 77.074640066365774, 28.516162202823526 ], [ 77.074601080232966, 28.516630711649501 ], [ 77.074587551001514, 28.516793289384093 ], [ 77.074483177088339, 28.516860495307245 ], [ 77.074342471778891, 28.516951096019763 ], [ 77.07413361322071, 28.51708557860389 ], [ 77.074060255272698, 28.517132812841279 ], [ 77.073886839660659, 28.517244473288837 ], [ 77.07389730334026, 28.517258528028933 ], [ 77.074064825568144, 28.517483549245803 ], [ 77.074601581030564, 28.518162411404052 ], [ 77.074682682463234, 28.518110333935283 ], [ 77.074795999825255, 28.518248000364846 ], [ 77.074842000370822, 28.51831800021829 ], [ 77.074944273533589, 28.518514620677681 ], [ 77.07496092829075, 28.518562672828033 ], [ 77.074992935253803, 28.518607760846489 ], [ 77.075018166864865, 28.518643306394463 ], [ 77.075056406115962, 28.518697172754131 ], [ 77.075076169543024, 28.518686741151029 ], [ 77.075129171303587, 28.518658765559042 ], [ 77.075133862152654, 28.518656290059035 ] ] ] ] } },
{ "type": "Feature", "properties": { "OBJECTID": 26187, "MC_Code": 12, "MC_Ward_No": "21", "MC_Name": "Gurugram", "Area": 9844410.7379917298, "TotalPopul": 0, "GenPopulat": 0, "BCPopulati": 0, "SCPopulati": 0, "Notificati": "19/45/2023-6C I", "Notifica_1": "2023-12-14", "Remarks": "Updated in GIS Database", "created_us": null, "created_da": null, "last_edite": null, "last_edi_1": null, "Shape_STAr": 9.8444107379899997, "Shape_STLe": 19992.2219793 }, "geometry": { "type": "MultiPolygon", "coordinates": [ [ [ [ 77.075862244596109, 28.438452193376023 ], [ 77.075986034032027, 28.438724820774969 ], [ 77.075915432893538, 28.438752336747722 ], [ 77.07527004531272, 28.439003861392798 ], [ 77.074760784570415, 28.439373949143782 ], [ 77.074666837794638, 28.439444316493677 ], [ 77.074405260801981, 28.43964024126424 ], [ 77.074350457352381, 28.439699970274528 ], [ 77.074211047943933, 28.439851911376859 ], [ 77.073899526468196, 28.440191431766713 ], [ 77.073689835568828, 28.440414843854271 ], [ 77.073409614200386, 28.440713395143945 ], [ 77.073235124902254, 28.440849695382852 ], [ 77.072946933764499, 28.440967058762389 ], [ 77.072947575629343, 28.44092862345914 ], [ 77.072891287862632, 28.440942940492594 ], [ 77.072275908464604, 28.441065012037274 ], [ 77.072187948178879, 28.440879323304923 ], [ 77.072025092355787, 28.440535524493576 ], [ 77.071997486224689, 28.440442536689506 ], [ 77.071661170035924, 28.440390744513099 ], [ 77.071627565060197, 28.440385569625732 ], [ 77.071302826948738, 28.440335559245575 ], [ 77.07094506662456, 28.440252316489733 ], [ 77.070622692457789, 28.440177306838603 ], [ 77.070441267026993, 28.440156825243644 ], [ 77.070262097103793, 28.440164298094899 ], [ 77.070247375806133, 28.440164911918689 ], [ 77.070198783749078, 28.440160011646956 ], [ 77.071057999825939, 28.441028999923834 ], [ 77.071138000383073, 28.441111000113036 ], [ 77.071754999914702, 28.441739000132326 ], [ 77.072665000034405, 28.442665999738107 ], [ 77.073037999770264, 28.443050000104769 ], [ 77.073406999843414, 28.443429999730473 ], [ 77.074127999590658, 28.444172000371317 ], [ 77.074568999923187, 28.444621999932789 ], [ 77.075189999845918, 28.445256999554999 ], [ 77.075429999906703, 28.445502999970909 ], [ 77.075459000153188, 28.445532999941353 ], [ 77.075780000365143, 28.445859000165989 ], [ 77.075872999630249, 28.445941000117312 ], [ 77.075970999548531, 28.445985999728933 ], [ 77.07603265213433, 28.446005323711635 ], [ 77.076138373679242, 28.445929256847631 ], [ 77.076210684425646, 28.445918727327953 ], [ 77.076920122559969, 28.445937740913411 ], [ 77.077027511334251, 28.445994179797449 ], [ 77.077044999972401, 28.445998000391342 ], [ 77.077131999732899, 28.446034999981251 ], [ 77.077304999908336, 28.44612900027639 ], [ 77.077435000271421, 28.446198999557275 ], [ 77.077536999840376, 28.446256000365828 ], [ 77.0775729998565, 28.446275999644584 ], [ 77.077721783621314, 28.446359051119114 ], [ 77.079640256881589, 28.447367263581551 ], [ 77.07963577193118, 28.447371751827767 ], [ 77.079964999806961, 28.447485000020929 ], [ 77.080317999616938, 28.44760600041775 ], [ 77.080787999844731, 28.44775800043297 ], [ 77.080857357596798, 28.447780468963533 ], [ 77.081379177948079, 28.447957621925884 ], [ 77.082936147923888, 28.448486182766473 ], [ 77.082939770889766, 28.448487413126394 ], [ 77.082956999862247, 28.448463999702991 ], [ 77.083007104317474, 28.448433759230262 ], [ 77.083084862687159, 28.448386828724558 ], [ 77.083220167743704, 28.448305164587136 ], [ 77.083110345487029, 28.448255538366823 ], [ 77.083382421545949, 28.448079475272181 ], [ 77.083510122929098, 28.4481301628891 ], [ 77.084011933454676, 28.448329342194075 ], [ 77.08409207900533, 28.448361153538059 ], [ 77.084249112562162, 28.448423483307248 ], [ 77.08428937163049, 28.448439462305952 ], [ 77.08433800337562, 28.448458765357042 ], [ 77.084410060580169, 28.448460621775563 ], [ 77.084532263556142, 28.448463770648964 ], [ 77.084735596386452, 28.448469009281272 ], [ 77.084704387356382, 28.44852304158492 ], [ 77.084690784558276, 28.448553187960201 ], [ 77.084621399682632, 28.448706956454771 ], [ 77.084490278562001, 28.448997538438938 ], [ 77.084554635152287, 28.449022972762446 ], [ 77.084963728696337, 28.449184644842642 ], [ 77.085791758086813, 28.449511874918404 ], [ 77.085856800437867, 28.448878905519731 ], [ 77.08586228134368, 28.448825567982631 ], [ 77.085860701260287, 28.448784395809771 ], [ 77.085792932211405, 28.448781674038589 ], [ 77.085514314304177, 28.448817395397008 ], [ 77.08551357164815, 28.448813472573836 ], [ 77.085454655629107, 28.448502251361308 ], [ 77.085455723074077, 28.448487558408157 ], [ 77.0857325605065, 28.448494687828873 ], [ 77.085546641386657, 28.447995940272662 ], [ 77.085522313714264, 28.447930678727342 ], [ 77.085501597398505, 28.447875105294596 ], [ 77.085116107293658, 28.448052911035884 ], [ 77.084862437336852, 28.447927877145183 ], [ 77.084830806608593, 28.447945316044599 ], [ 77.084807369153779, 28.447958238567242 ], [ 77.08478226618432, 28.447972079930754 ], [ 77.08448000957975, 28.447737986643926 ], [ 77.084414934355678, 28.447687586433545 ], [ 77.084337913394037, 28.447627933441478 ], [ 77.084198729400583, 28.447760603405694 ], [ 77.084077205771933, 28.447746451460329 ], [ 77.083615543340358, 28.447692689702503 ], [ 77.083580569740207, 28.447688617147545 ], [ 77.083583496939397, 28.44765108539865 ], [ 77.083585970559028, 28.447619370779879 ], [ 77.083615159771597, 28.447545359309725 ], [ 77.083728929100928, 28.447340013867784 ], [ 77.083770951438908, 28.44728454202275 ], [ 77.08378489185111, 28.447266139056854 ], [ 77.083801318234791, 28.447244455891422 ], [ 77.083836774312857, 28.447197650551246 ], [ 77.08392422918925, 28.447082205095782 ], [ 77.084000364887402, 28.447045787795432 ], [ 77.084048528755417, 28.447082446580346 ], [ 77.084050775677127, 28.447084156383838 ], [ 77.084134821534676, 28.447171418278607 ], [ 77.084180973558915, 28.447219336583 ], [ 77.084450212086693, 28.447089593388746 ], [ 77.084917006204989, 28.446864647664718 ], [ 77.08554753226872, 28.446560796182851 ], [ 77.085571977100543, 28.446591314885289 ], [ 77.085639998057019, 28.446557683017804 ], [ 77.085776271961862, 28.44672319815945 ], [ 77.08578267232555, 28.446731475557964 ], [ 77.086333015843806, 28.446423231088545 ], [ 77.086814740942415, 28.446153415756758 ], [ 77.086843926610428, 28.446205478890207 ], [ 77.087166458286447, 28.446780816418414 ], [ 77.087208268121501, 28.446848523652946 ], [ 77.087364600538507, 28.447101691345321 ], [ 77.087869749222463, 28.447867237967056 ], [ 77.087841766212364, 28.448359551594219 ], [ 77.087835469022622, 28.448396806650003 ], [ 77.087657822094187, 28.448460092032594 ], [ 77.087497045456871, 28.448517367672398 ], [ 77.087025373916589, 28.448645362055242 ], [ 77.086909978640833, 28.448937736918751 ], [ 77.086881273663252, 28.449010465673297 ], [ 77.086754356777902, 28.448995954081667 ], [ 77.086590199719794, 28.448977183404686 ], [ 77.086513073242457, 28.448968364947834 ], [ 77.086485685078173, 28.449101355243027 ], [ 77.086424292786333, 28.449399467707956 ], [ 77.086578257607968, 28.449331747593028 ], [ 77.086609176664695, 28.449318147836074 ], [ 77.086874222313966, 28.44920156970602 ], [ 77.086868629770933, 28.4493418287928 ], [ 77.086866983459686, 28.449383127135007 ], [ 77.087019427615104, 28.4493807882323 ], [ 77.087093822724242, 28.449379646749492 ], [ 77.087127451384447, 28.449438138445718 ], [ 77.087254594323028, 28.449659281385912 ], [ 77.087295195636187, 28.449729899072345 ], [ 77.087210999691322, 28.449910999653305 ], [ 77.08721784473795, 28.449946678753093 ], [ 77.087355747614112, 28.449940988404549 ], [ 77.087732837575828, 28.449937441603339 ], [ 77.087739092869981, 28.449937382588612 ], [ 77.087746387240117, 28.449937414101264 ], [ 77.087787494525486, 28.449937585328986 ], [ 77.090581918435049, 28.450025008654578 ], [ 77.09183550934803, 28.450037008863013 ], [ 77.091839496948595, 28.450037046795341 ], [ 77.091812527878389, 28.449933727695068 ], [ 77.091775503224468, 28.44976277406408 ], [ 77.092003886647717, 28.449609811727729 ], [ 77.091959916367628, 28.449556209554629 ], [ 77.092121711818137, 28.449406277023694 ], [ 77.092168485877792, 28.449362931978776 ], [ 77.092200424451661, 28.449382170376158 ], [ 77.092644006779565, 28.449132101328367 ], [ 77.092758469946702, 28.449067572690709 ], [ 77.092788180518795, 28.44905082294072 ], [ 77.093741952249502, 28.448445253049552 ], [ 77.093707510752296, 28.4484136517891 ], [ 77.093501801054629, 28.448224903934697 ], [ 77.093460606599294, 28.448187106404536 ], [ 77.093233391892994, 28.447978624652642 ], [ 77.093191756760646, 28.447940421444898 ], [ 77.093166540540409, 28.447960426330738 ], [ 77.093166000226418, 28.447959999717533 ], [ 77.093153147853855, 28.447971051728722 ], [ 77.092989086867235, 28.448101207574169 ], [ 77.092932779080201, 28.44804052358095 ], [ 77.091956690657781, 28.447126704210962 ], [ 77.091593035212597, 28.446786241721526 ], [ 77.091504961568887, 28.446850766027968 ], [ 77.09134438872384, 28.446709572340861 ], [ 77.091270475642759, 28.446644579776432 ], [ 77.091267682020614, 28.446642123242341 ], [ 77.091138024494143, 28.446528113435754 ], [ 77.091358213104527, 28.446295820058495 ], [ 77.090771129880281, 28.445469833372272 ], [ 77.091090372199162, 28.445329507689308 ], [ 77.091640711538588, 28.445087597950327 ], [ 77.091681194774196, 28.445069803049083 ], [ 77.092243214923613, 28.444671044381568 ], [ 77.092517853593776, 28.444476182795341 ], [ 77.092840752379502, 28.444760117721621 ], [ 77.093780137522344, 28.443895479115749 ], [ 77.094103639864969, 28.444095474215057 ], [ 77.094355999980053, 28.444190999998018 ], [ 77.094513655977536, 28.444046520151282 ], [ 77.095073999769824, 28.443533000381088 ], [ 77.095106743496331, 28.443500761740232 ], [ 77.095947565057671, 28.443978790555981 ], [ 77.096007927860015, 28.444013107690786 ], [ 77.096202993190673, 28.444124005209652 ], [ 77.096143000307464, 28.444207000048326 ], [ 77.09573899995938, 28.444532000104445 ], [ 77.095975999968715, 28.444721999676897 ], [ 77.095823999942468, 28.444847999856346 ], [ 77.095507000445068, 28.445194999711351 ], [ 77.095864999585757, 28.445621000076358 ], [ 77.095829999519466, 28.44566200018803 ], [ 77.096594999897221, 28.44681499992663 ], [ 77.096553000096094, 28.447049000078348 ], [ 77.096383000022385, 28.447133000208368 ], [ 77.096798000097806, 28.447729000352506 ], [ 77.097386999749503, 28.44741599978758 ], [ 77.098125485619136, 28.448372196082875 ], [ 77.098303584053639, 28.448301266428594 ], [ 77.098412498697257, 28.448166570883714 ], [ 77.09917003519476, 28.447381022588193 ], [ 77.098905564470243, 28.44703735716142 ], [ 77.099212203640761, 28.446864016422296 ], [ 77.099277348759685, 28.446832322582811 ], [ 77.09938117665537, 28.446781812619562 ], [ 77.099535971648336, 28.446911558218275 ], [ 77.099894938133147, 28.447212434785182 ], [ 77.099982310814269, 28.446914322577825 ], [ 77.100025884125628, 28.446765651242817 ], [ 77.100853507799442, 28.443960132836519 ], [ 77.100932709614924, 28.443701323960831 ], [ 77.101020692978466, 28.443398215421745 ], [ 77.101075605062789, 28.443233342259962 ], [ 77.101313932102613, 28.442590944438312 ], [ 77.101326690085912, 28.442556554205503 ], [ 77.101291805767985, 28.442537726161984 ], [ 77.101439882914036, 28.442457269418046 ], [ 77.10158393020717, 28.442635305975177 ], [ 77.101653814749668, 28.442447682586973 ], [ 77.101978513266559, 28.441575934204945 ], [ 77.102068192814414, 28.441334085622948 ], [ 77.102174843227289, 28.44104646718425 ], [ 77.103420889457468, 28.437685990791238 ], [ 77.103508381117265, 28.437408631242086 ], [ 77.103827149172417, 28.437615933190536 ], [ 77.105220879255867, 28.439027955144496 ], [ 77.105621505894305, 28.439361023990841 ], [ 77.106179097690202, 28.439824583018012 ], [ 77.106348000365571, 28.439965000148195 ], [ 77.106401000174827, 28.439921000099236 ], [ 77.106842999969686, 28.439550000390554 ], [ 77.108268000191018, 28.440542999978593 ], [ 77.118252000469624, 28.443550999940054 ], [ 77.122376760601, 28.44314615942449 ], [ 77.122521000272073, 28.443132000075167 ], [ 77.123469000181629, 28.443002999684481 ], [ 77.123840261222895, 28.442938831450835 ], [ 77.123924828855365, 28.442924214425755 ], [ 77.123934663237492, 28.442635347734818 ], [ 77.123878395302214, 28.442641264817837 ], [ 77.123419591715916, 28.440780621954726 ], [ 77.123302545877507, 28.440331426949559 ], [ 77.123094100485091, 28.439528470980015 ], [ 77.123036615934382, 28.439307031015037 ], [ 77.122818970585286, 28.438468620068129 ], [ 77.121595476502762, 28.435910478829143 ], [ 77.121001767632606, 28.435114739646572 ], [ 77.120647111907289, 28.434506728760496 ], [ 77.120098842068614, 28.433991580661434 ], [ 77.118083923379189, 28.433795690927521 ], [ 77.117967077004295, 28.433793744311004 ], [ 77.117894008845155, 28.433798734594014 ], [ 77.11525922358328, 28.433780356600984 ], [ 77.113861695919155, 28.43337193285549 ], [ 77.113300999558405, 28.433319999888784 ], [ 77.113086349594667, 28.433145331686795 ], [ 77.112868109852215, 28.433081548124481 ], [ 77.111806960426691, 28.432404292417598 ], [ 77.111576793976894, 28.432454718087978 ], [ 77.11108034454972, 28.431940857663513 ], [ 77.111080317444475, 28.431940829209292 ], [ 77.110626334754357, 28.43147091864979 ], [ 77.110185187879836, 28.431542509322249 ], [ 77.109976321535427, 28.431657885932289 ], [ 77.109814431860528, 28.431377541749264 ], [ 77.109446141542534, 28.431534081445207 ], [ 77.109355686160995, 28.431395239874856 ], [ 77.109453368477133, 28.431354859317807 ], [ 77.109433564487958, 28.431314162362199 ], [ 77.109371288918979, 28.431186183905552 ], [ 77.109268179796544, 28.431203743618251 ], [ 77.109181309108564, 28.43112944549075 ], [ 77.108995832362837, 28.431318312484212 ], [ 77.108737265534117, 28.431321173697654 ], [ 77.108705915737985, 28.431307443204332 ], [ 77.108459307595652, 28.430934216957155 ], [ 77.108173645242559, 28.431032892810745 ], [ 77.108284520548295, 28.431277334222322 ], [ 77.10813586233985, 28.43131792078653 ], [ 77.10801584595815, 28.431123613002626 ], [ 77.107878111403039, 28.431171833465513 ], [ 77.107688747810769, 28.431014776035674 ], [ 77.107402330658843, 28.431159061579198 ], [ 77.107164155739397, 28.431284553683234 ], [ 77.107061675233865, 28.431339787199061 ], [ 77.106852474498226, 28.431342113219081 ], [ 77.10686179708064, 28.431272195678897 ], [ 77.106951460362581, 28.431236052995441 ], [ 77.106898434432082, 28.431122575000678 ], [ 77.106859679538644, 28.431024166123738 ], [ 77.106920366054197, 28.430941870013445 ], [ 77.106853718397304, 28.430755403519218 ], [ 77.106682756548139, 28.430792852591047 ], [ 77.106586007570684, 28.430638569998116 ], [ 77.106281283135274, 28.430693438886131 ], [ 77.106174763938711, 28.43051936193848 ], [ 77.106069304824146, 28.43030849463144 ], [ 77.105995126339678, 28.430204104380579 ], [ 77.105648056261458, 28.430342274946007 ], [ 77.105740393970123, 28.43050929354715 ], [ 77.105421434231857, 28.430677039423919 ], [ 77.105431277659406, 28.430389015317012 ], [ 77.105347589983253, 28.430280589484159 ], [ 77.105328871802541, 28.430256338206696 ], [ 77.105108750755861, 28.429971148048566 ], [ 77.104926341395014, 28.429734817749583 ], [ 77.104618438479108, 28.429354786245671 ], [ 77.104653481626542, 28.429319793918118 ], [ 77.104009703114315, 28.428340584395464 ], [ 77.102714858278674, 28.427733893765073 ], [ 77.101274422162959, 28.42659226400983 ], [ 77.098893781943929, 28.425703864819049 ], [ 77.097733399712368, 28.425065208242358 ], [ 77.096827133562044, 28.423616862063366 ], [ 77.096614057720814, 28.422817716174389 ], [ 77.096462609445837, 28.422249693649459 ], [ 77.095662915260874, 28.421068284403688 ], [ 77.094953521216183, 28.420383730469478 ], [ 77.094684000494027, 28.420283000220703 ], [ 77.094313000265856, 28.420264000382073 ], [ 77.093898000349682, 28.420112999610158 ], [ 77.093557999631798, 28.419965999959665 ], [ 77.09313471142795, 28.419811495027933 ], [ 77.093026268849002, 28.419780708050244 ], [ 77.092825000369174, 28.419733000035766 ], [ 77.092824771686949, 28.419723502785867 ], [ 77.091680517382201, 28.419398638865374 ], [ 77.091159486906648, 28.419089346410747 ], [ 77.090553405575932, 28.418729560896203 ], [ 77.089975032643039, 28.418499697842087 ], [ 77.089339130416576, 28.418778048225352 ], [ 77.088383111295883, 28.418225698955141 ], [ 77.0878866623421, 28.417009741984561 ], [ 77.087675187180409, 28.41647170955277 ], [ 77.084766549740849, 28.415639475159647 ], [ 77.084807223715856, 28.415885427211233 ], [ 77.084819535945769, 28.41595987796963 ], [ 77.084984302757363, 28.416499181319079 ], [ 77.085039465618664, 28.416625651021118 ], [ 77.085048331309892, 28.416674263535185 ], [ 77.085113000205041, 28.416674000252748 ], [ 77.085106999515887, 28.416756999671424 ], [ 77.085136999689908, 28.417017000335395 ], [ 77.085157000392229, 28.417087000202841 ], [ 77.085196999681017, 28.417156999611286 ], [ 77.085248999548881, 28.417200999970103 ], [ 77.085399000083925, 28.41725000035564 ], [ 77.085412999638677, 28.418087999654663 ], [ 77.085420000491226, 28.418162000204397 ], [ 77.085421397381879, 28.418176247587748 ], [ 77.085478342573467, 28.418349098240348 ], [ 77.085499604433949, 28.418413636661857 ], [ 77.085531311674316, 28.418509879552914 ], [ 77.085579881436288, 28.418657308566033 ], [ 77.085598537778893, 28.418713938128839 ], [ 77.085750235072211, 28.419174796433076 ], [ 77.085757396552523, 28.419196425989739 ], [ 77.085776619973004, 28.419254481556045 ], [ 77.085889687222178, 28.419736197331886 ], [ 77.085899383148458, 28.419777506077519 ], [ 77.085903447086295, 28.419794821156074 ], [ 77.085900295461471, 28.419917578427924 ], [ 77.085898145845476, 28.41991960465004 ], [ 77.085837713821576, 28.419956149903378 ], [ 77.085718640125094, 28.420028158057995 ], [ 77.085675961363478, 28.420053966706764 ], [ 77.085562776351793, 28.420123872269325 ], [ 77.085358955891635, 28.420234222585471 ], [ 77.085241277384895, 28.420312143690424 ], [ 77.085209994197086, 28.420331908767078 ], [ 77.085040745782621, 28.420438841483559 ], [ 77.085017734766637, 28.420453380647839 ], [ 77.084694051948134, 28.420662399430114 ], [ 77.084601886860725, 28.420713255919335 ], [ 77.084362677478595, 28.420836853633102 ], [ 77.084331691926721, 28.420852863813323 ], [ 77.084308078132281, 28.420868164650212 ], [ 77.08410151327945, 28.421002008053808 ], [ 77.083685101974552, 28.4212642471199 ], [ 77.083684996756034, 28.421264294750284 ], [ 77.083445309098067, 28.421372191120877 ], [ 77.083388023891885, 28.421404342377571 ], [ 77.083207647085274, 28.421505578022227 ], [ 77.083167338544456, 28.421530363381819 ], [ 77.083153956144457, 28.421538591858269 ], [ 77.082448669702387, 28.421849203339903 ], [ 77.082215510421307, 28.421963909712488 ], [ 77.081842684179648, 28.422147326250876 ], [ 77.081388251329912, 28.422370886323375 ], [ 77.081272031278374, 28.422421425438255 ], [ 77.080622845629222, 28.422763416184441 ], [ 77.079957716325964, 28.423060983284003 ], [ 77.079442558947179, 28.423318446775333 ], [ 77.077934705251735, 28.424137228776271 ], [ 77.077784722737405, 28.424218669738838 ], [ 77.077744926017132, 28.424236542798752 ], [ 77.077574293608137, 28.424260216515496 ], [ 77.077373121379566, 28.424343738726403 ], [ 77.07689462992056, 28.424542396733667 ], [ 77.076809364694455, 28.424544629991356 ], [ 77.076690590225454, 28.42461655205198 ], [ 77.076214962429816, 28.424824572831319 ], [ 77.07553469292283, 28.425061757470164 ], [ 77.075381532251669, 28.42512549337372 ], [ 77.075379999597686, 28.425269999732887 ], [ 77.07462900047382, 28.425618000288221 ], [ 77.074224999765534, 28.425770000189353 ], [ 77.074168158333165, 28.425704113505951 ], [ 77.074146875850047, 28.425736555127902 ], [ 77.073882542002934, 28.426139496996402 ], [ 77.073620819235202, 28.426538455359122 ], [ 77.073490974213186, 28.426736384894358 ], [ 77.073454095472314, 28.426792600885211 ], [ 77.073385070271925, 28.426897818658801 ], [ 77.073293362290983, 28.427037613437509 ], [ 77.073251695483577, 28.427100764679448 ], [ 77.073204232593156, 28.427172701037176 ], [ 77.073166260401948, 28.427226825730571 ], [ 77.073028748153064, 28.427422829655651 ], [ 77.072956321124309, 28.427526063355611 ], [ 77.072948818802175, 28.427536756760869 ], [ 77.07276413852766, 28.427822251007321 ], [ 77.072756851942302, 28.427836630818437 ], [ 77.072609695951087, 28.428127058572162 ], [ 77.072594805152093, 28.428187396176259 ], [ 77.072589433317219, 28.428182808336722 ], [ 77.072577588879099, 28.428257152712767 ], [ 77.072514983716161, 28.428510817759019 ], [ 77.072420271870683, 28.42889457507567 ], [ 77.072342008333223, 28.429373257914559 ], [ 77.072323372009109, 28.429848393325507 ], [ 77.072279864111763, 28.429847112215018 ], [ 77.072280244877533, 28.429856175013963 ], [ 77.072283781096601, 28.429940416707826 ], [ 77.072270460028804, 28.43011254301808 ], [ 77.071801863952686, 28.430256760038329 ], [ 77.071737150468351, 28.430276448233482 ], [ 77.07127843293452, 28.430415997754476 ], [ 77.071121402789856, 28.430463768699521 ], [ 77.071117302951322, 28.430466998340375 ], [ 77.071122777335702, 28.430479363818584 ], [ 77.071187476205438, 28.430573632788725 ], [ 77.071252252905353, 28.43066801333158 ], [ 77.07129404888596, 28.430728910086607 ], [ 77.071345060527406, 28.430835553662188 ], [ 77.071345421266244, 28.430836307948361 ], [ 77.071607784152775, 28.43138478936406 ], [ 77.071690930031295, 28.431558607038433 ], [ 77.07171900148397, 28.431598934213056 ], [ 77.071791288964661, 28.431702780325505 ], [ 77.071862387788372, 28.431804919201777 ], [ 77.071871114647223, 28.431815925814117 ], [ 77.071964978319073, 28.431934302266889 ], [ 77.07215645912521, 28.432175788356144 ], [ 77.072177666455232, 28.432209430682196 ], [ 77.072350831149592, 28.432484127453147 ], [ 77.072392929010306, 28.43255090883196 ], [ 77.072497523444369, 28.432716830353769 ], [ 77.072558623926724, 28.432808025817842 ], [ 77.072559229529176, 28.432808929769578 ], [ 77.072695356597649, 28.433012107906425 ], [ 77.072709795420209, 28.43303365890857 ], [ 77.072785176394319, 28.433146169444797 ], [ 77.072931854528235, 28.433369511954268 ], [ 77.073072209480827, 28.433583226014143 ], [ 77.073089950081325, 28.433610238202743 ], [ 77.073223934220081, 28.433800102646497 ], [ 77.073254107129941, 28.433842859936018 ], [ 77.073458893225023, 28.434133054697231 ], [ 77.073533749163602, 28.434239130888951 ], [ 77.073597926741073, 28.434335275207044 ], [ 77.073751437376686, 28.434565251278084 ], [ 77.073808370101915, 28.434665242512104 ], [ 77.073822160583617, 28.434682628999191 ], [ 77.073860473966647, 28.434730930604701 ], [ 77.073993665590933, 28.434975050819705 ], [ 77.074184000417034, 28.435372000133821 ], [ 77.074401354937123, 28.435803001404764 ], [ 77.074479313675951, 28.435973808229814 ], [ 77.074608584531177, 28.436190002997968 ], [ 77.074641383553811, 28.436244857342192 ], [ 77.074771370572336, 28.436462248343275 ], [ 77.074963984601936, 28.436807623114671 ], [ 77.075048117306864, 28.436927920385916 ], [ 77.075054131506917, 28.436925118015822 ], [ 77.075082267127755, 28.436984906096757 ], [ 77.075123851196324, 28.437053314911413 ], [ 77.075351223476616, 28.437427356117805 ], [ 77.075586983821424, 28.43773860999713 ], [ 77.075588449966816, 28.437741809908644 ], [ 77.075641468990511, 28.437857522833138 ], [ 77.075683509284687, 28.437925052816709 ], [ 77.075692133400025, 28.437938905806121 ], [ 77.075704556243551, 28.437976815135301 ], [ 77.075710458826123, 28.43799302325808 ], [ 77.075666874080568, 28.438013124716505 ], [ 77.075669071684629, 28.438026755415553 ], [ 77.075693432507208, 28.438080408125142 ], [ 77.07584532085437, 28.438414920314585 ], [ 77.075862244596109, 28.438452193376023 ] ] ] ] } },
{ "type": "Feature", "properties": { "OBJECTID": 26190, "MC_Code": 12, "MC_Ward_No": "24", "MC_Name": "Gurugram", "Area": 7851022.1414774004, "TotalPopul": 0, "GenPopulat": 0, "BCPopulati": 0, "SCPopulati": 0, "Notificati": "19/45/2023-6C I", "Notifica_1": "2023-12-14", "Remarks": "Updated in GIS Database", "created_us": null, "created_da": null, "last_edite": null, "last_edi_1": null, "Shape_STAr": 7.8510221414799997, "Shape_STLe": 19431.879986799999 }, "geometry": { "type": "MultiPolygon", "coordinates": [ [ [ [ 77.073506173274197, 28.478651613709228 ], [ 77.073857718900868, 28.478554045003857 ], [ 77.074266999963896, 28.478638000089344 ], [ 77.074863000475503, 28.478749000351872 ], [ 77.075824000451803, 28.478895000092344 ], [ 77.076544386723512, 28.479004661764741 ], [ 77.076559795147233, 28.478925639377977 ], [ 77.076575755929937, 28.477808069044382 ], [ 77.077183233346958, 28.477795411165967 ], [ 77.077434648409309, 28.477790171411201 ], [ 77.078106792023419, 28.477894494946014 ], [ 77.078884927605344, 28.4778921464181 ], [ 77.078860695986066, 28.478556806424205 ], [ 77.078846259911913, 28.478952764774963 ], [ 77.079559986538015, 28.479029656152651 ], [ 77.079719378152177, 28.478953877197966 ], [ 77.079748783560277, 28.478939896710827 ], [ 77.080292569937086, 28.478538834093243 ], [ 77.080421849372897, 28.478443485043659 ], [ 77.080437402958751, 28.478441824008922 ], [ 77.08081384871646, 28.478401602580504 ], [ 77.080847240688954, 28.4783675676996 ], [ 77.080944616052946, 28.47826831757434 ], [ 77.080964016368924, 28.478248989335999 ], [ 77.080967343920406, 28.47824567463287 ], [ 77.08098341666016, 28.478229660193115 ], [ 77.081094161970526, 28.478119326682943 ], [ 77.081135873317663, 28.478077769696505 ], [ 77.081374274083004, 28.477840252124984 ], [ 77.081420603311926, 28.477885864346597 ], [ 77.081449680059009, 28.477856351155509 ], [ 77.081531650397267, 28.477773150926168 ], [ 77.081639060539672, 28.477664128642168 ], [ 77.081471774861996, 28.477530943194058 ], [ 77.081403281734268, 28.477476411443789 ], [ 77.081234927057082, 28.477342373995988 ], [ 77.080856009601078, 28.476973822005377 ], [ 77.080171032599566, 28.476630219155293 ], [ 77.079622817448325, 28.476152257295013 ], [ 77.079497349204502, 28.47578806196703 ], [ 77.079435944002526, 28.47560981991689 ], [ 77.07917415534105, 28.474849916110138 ], [ 77.079146838068922, 28.474770621133818 ], [ 77.079059262558843, 28.474516407683492 ], [ 77.079042373577295, 28.474467382828834 ], [ 77.079008693659901, 28.47429279506882 ], [ 77.078987192575255, 28.474181340102714 ], [ 77.078408217385444, 28.474137607254161 ], [ 77.074161098935036, 28.474065848198993 ], [ 77.074159982069261, 28.473978697167887 ], [ 77.073588205210484, 28.473978080386136 ], [ 77.073588192357136, 28.473989968042126 ], [ 77.073588180542416, 28.474001856584589 ], [ 77.073588167706845, 28.474013745142617 ], [ 77.073588154853752, 28.474025632798551 ], [ 77.073465782661501, 28.474033897787741 ], [ 77.073389748528129, 28.474039034064475 ], [ 77.073163037345424, 28.474013106765938 ], [ 77.072912233434025, 28.473984424345264 ], [ 77.072239627203444, 28.473973659358897 ], [ 77.072241999973713, 28.473957000229689 ], [ 77.072301000333553, 28.473539000080116 ], [ 77.072437999923395, 28.472582999834117 ], [ 77.07261700032214, 28.471332000379874 ], [ 77.072672000160594, 28.471010999745172 ], [ 77.072708999625107, 28.470898000117035 ], [ 77.072769000478615, 28.4704920000794 ], [ 77.073067000116893, 28.468463000014744 ], [ 77.073136999741195, 28.468023000439533 ], [ 77.073185000088259, 28.467661000055294 ], [ 77.073438999546056, 28.465938000366446 ], [ 77.073708999504845, 28.464071999943862 ], [ 77.073790000217258, 28.463521000059703 ], [ 77.073840000328019, 28.463171999639616 ], [ 77.074031000261371, 28.461845000086811 ], [ 77.074058000274718, 28.46136099969625 ], [ 77.074146000397192, 28.460446999877302 ], [ 77.074147000238383, 28.459959999549135 ], [ 77.074148000087504, 28.459550999609323 ], [ 77.074171999739377, 28.459082000306346 ], [ 77.074180779714283, 28.458884468710473 ], [ 77.075369175147429, 28.459152245628385 ], [ 77.076155014437191, 28.459331031401966 ], [ 77.080193292581328, 28.460250419453477 ], [ 77.080829429313667, 28.460395233905881 ], [ 77.082374444572594, 28.460698803682195 ], [ 77.083535999594901, 28.460953999732912 ], [ 77.084339000276145, 28.46113099972791 ], [ 77.0845469998184, 28.461176999821625 ], [ 77.08468540630669, 28.461206872384015 ], [ 77.084636999989073, 28.461024999684369 ], [ 77.085877000260311, 28.45979399967662 ], [ 77.08594500003116, 28.458916000090156 ], [ 77.087875000145985, 28.458713999806651 ], [ 77.088198999659667, 28.458690999988221 ], [ 77.089422999497828, 28.458626999782648 ], [ 77.089463310234038, 28.45863540202448 ], [ 77.089464051423477, 28.458626729984243 ], [ 77.089473481643296, 28.458516380594038 ], [ 77.089474162160101, 28.458508413310511 ], [ 77.089477064696908, 28.458474455195063 ], [ 77.08956079951119, 28.458466829692952 ], [ 77.089565321784875, 28.458466418221064 ], [ 77.08956530368755, 28.458464667960985 ], [ 77.089560714096862, 28.458072048548221 ], [ 77.089553501455228, 28.457501246565812 ], [ 77.089551479853441, 28.457341341581813 ], [ 77.089549717911666, 28.457201848936105 ], [ 77.089518436197039, 28.456212088693423 ], [ 77.089511748518476, 28.456000475516205 ], [ 77.089410999776476, 28.455670000295235 ], [ 77.089174000467253, 28.455000000288734 ], [ 77.088872999499316, 28.454942000358514 ], [ 77.088810000415791, 28.454888999888418 ], [ 77.088601000278331, 28.454143000320126 ], [ 77.088904999669083, 28.453591999928268 ], [ 77.088616999600163, 28.453044000334859 ], [ 77.08845300010141, 28.452660000309084 ], [ 77.088338000506496, 28.452464000143937 ], [ 77.087898723789266, 28.452574937351564 ], [ 77.087847866721233, 28.452455205957325 ], [ 77.087761553945541, 28.45224917391603 ], [ 77.08768684725419, 28.452070845983798 ], [ 77.087590036019861, 28.451749652197375 ], [ 77.087459976449722, 28.451318146700402 ], [ 77.08731047727926, 28.450680096645247 ], [ 77.087260955352363, 28.450171372358056 ], [ 77.08721784473795, 28.449946678753093 ], [ 77.087210999691322, 28.449910999653305 ], [ 77.087295195636187, 28.449729899072345 ], [ 77.087127451384447, 28.449438138445718 ], [ 77.087093822724242, 28.449379646749492 ], [ 77.087019427615104, 28.4493807882323 ], [ 77.086866983459686, 28.449383127135007 ], [ 77.086868629770933, 28.4493418287928 ], [ 77.086874222313966, 28.44920156970602 ], [ 77.086609176664695, 28.449318147836074 ], [ 77.086578257607968, 28.449331747593028 ], [ 77.086424292786333, 28.449399467707956 ], [ 77.086513073242457, 28.448968364947834 ], [ 77.086590199719794, 28.448977183404686 ], [ 77.086754356777902, 28.448995954081667 ], [ 77.086881273663252, 28.449010465673297 ], [ 77.086909978640833, 28.448937736918751 ], [ 77.087025373916589, 28.448645362055242 ], [ 77.087497045456871, 28.448517367672398 ], [ 77.087657822094187, 28.448460092032594 ], [ 77.087835469022622, 28.448396806650003 ], [ 77.087841766212364, 28.448359551594219 ], [ 77.087869749222463, 28.447867237967056 ], [ 77.087364600538507, 28.447101691345321 ], [ 77.087166458286447, 28.446780816418414 ], [ 77.086843926610428, 28.446205478890207 ], [ 77.086814740942415, 28.446153415756758 ], [ 77.086333015843806, 28.446423231088545 ], [ 77.08578267232555, 28.446731475557964 ], [ 77.085776271961862, 28.44672319815945 ], [ 77.085639998057019, 28.446557683017804 ], [ 77.085571977100543, 28.446591314885289 ], [ 77.08554753226872, 28.446560796182851 ], [ 77.084917006204989, 28.446864647664718 ], [ 77.084450212086693, 28.447089593388746 ], [ 77.084180973558915, 28.447219336583 ], [ 77.084134821534676, 28.447171418278607 ], [ 77.084050775677127, 28.447084156383838 ], [ 77.084048528755417, 28.447082446580346 ], [ 77.084000364887402, 28.447045787795432 ], [ 77.08392422918925, 28.447082205095782 ], [ 77.083836774312857, 28.447197650551246 ], [ 77.083801318234791, 28.447244455891422 ], [ 77.08378489185111, 28.447266139056854 ], [ 77.083770951438908, 28.44728454202275 ], [ 77.083728929100928, 28.447340013867784 ], [ 77.083615159771597, 28.447545359309725 ], [ 77.083585970559028, 28.447619370779879 ], [ 77.083583496939397, 28.44765108539865 ], [ 77.083580569740207, 28.447688617147545 ], [ 77.083615543340358, 28.447692689702503 ], [ 77.084077205771933, 28.447746451460329 ], [ 77.084198729400583, 28.447760603405694 ], [ 77.084337913394037, 28.447627933441478 ], [ 77.084414934355678, 28.447687586433545 ], [ 77.08448000957975, 28.447737986643926 ], [ 77.08478226618432, 28.447972079930754 ], [ 77.084807369153779, 28.447958238567242 ], [ 77.084830806608593, 28.447945316044599 ], [ 77.084862437336852, 28.447927877145183 ], [ 77.085116107293658, 28.448052911035884 ], [ 77.085501597398505, 28.447875105294596 ], [ 77.085522313714264, 28.447930678727342 ], [ 77.085546641386657, 28.447995940272662 ], [ 77.0857325605065, 28.448494687828873 ], [ 77.085455723074077, 28.448487558408157 ], [ 77.085454655629107, 28.448502251361308 ], [ 77.08551357164815, 28.448813472573836 ], [ 77.085514314304177, 28.448817395397008 ], [ 77.085792932211405, 28.448781674038589 ], [ 77.085860701260287, 28.448784395809771 ], [ 77.08586228134368, 28.448825567982631 ], [ 77.085856800437867, 28.448878905519731 ], [ 77.085791758086813, 28.449511874918404 ], [ 77.084963728696337, 28.449184644842642 ], [ 77.084554635152287, 28.449022972762446 ], [ 77.084490278562001, 28.448997538438938 ], [ 77.084690784558276, 28.448553187960201 ], [ 77.084704387356382, 28.44852304158492 ], [ 77.084735596386452, 28.448469009281272 ], [ 77.084532263556142, 28.448463770648964 ], [ 77.084410060580169, 28.448460621775563 ], [ 77.08433800337562, 28.448458765357042 ], [ 77.084011933454676, 28.448329342194075 ], [ 77.083510122929098, 28.4481301628891 ], [ 77.083382421545949, 28.448079475272181 ], [ 77.083110345487029, 28.448255538366823 ], [ 77.083220167743704, 28.448305164587136 ], [ 77.083084862687159, 28.448386828724558 ], [ 77.083007104317474, 28.448433759230262 ], [ 77.082956999862247, 28.448463999702991 ], [ 77.082939770889766, 28.448487413126394 ], [ 77.082936147923888, 28.448486182766473 ], [ 77.081379177948079, 28.447957621925884 ], [ 77.080857357596798, 28.447780468963533 ], [ 77.080787999844731, 28.44775800043297 ], [ 77.080317999616938, 28.44760600041775 ], [ 77.079964999806961, 28.447485000020929 ], [ 77.07963577193118, 28.447371751827767 ], [ 77.079640256881589, 28.447367263581551 ], [ 77.077721783621314, 28.446359051119114 ], [ 77.0775729998565, 28.446275999644584 ], [ 77.077536999840376, 28.446256000365828 ], [ 77.077435000271421, 28.446198999557275 ], [ 77.077304999908336, 28.44612900027639 ], [ 77.077131999732899, 28.446034999981251 ], [ 77.077044999972401, 28.445998000391342 ], [ 77.077027511334251, 28.445994179797449 ], [ 77.076920122559969, 28.445937740913411 ], [ 77.076210684425646, 28.445918727327953 ], [ 77.076138373679242, 28.445929256847631 ], [ 77.07603265213433, 28.446005323711635 ], [ 77.075970999548531, 28.445985999728933 ], [ 77.075872999630249, 28.445941000117312 ], [ 77.075780000365143, 28.445859000165989 ], [ 77.075459000153188, 28.445532999941353 ], [ 77.075429999906703, 28.445502999970909 ], [ 77.075189999845918, 28.445256999554999 ], [ 77.074568999923187, 28.444621999932789 ], [ 77.074127999590658, 28.444172000371317 ], [ 77.073406999843414, 28.443429999730473 ], [ 77.073037999770264, 28.443050000104769 ], [ 77.072665000034405, 28.442665999738107 ], [ 77.071754999914702, 28.441739000132326 ], [ 77.071138000383073, 28.441111000113036 ], [ 77.071057999825939, 28.441028999923834 ], [ 77.070198783749078, 28.440160011646956 ], [ 77.069739999496733, 28.439695999798698 ], [ 77.06965400015676, 28.439609999604372 ], [ 77.069577999868258, 28.439531000159608 ], [ 77.06827799993539, 28.438192000358235 ], [ 77.068166000031638, 28.438057999615388 ], [ 77.067981000300847, 28.437835999616823 ], [ 77.067917000354853, 28.43775200000071 ], [ 77.067822999616538, 28.437629000214127 ], [ 77.067636999880293, 28.437349000182113 ], [ 77.067529999642275, 28.4372120001536 ], [ 77.067423999869234, 28.437109999564235 ], [ 77.067292999651059, 28.436983999982701 ], [ 77.066616000383078, 28.4375010003391 ], [ 77.065450999567815, 28.438389000050279 ], [ 77.064860999923894, 28.438839000287718 ], [ 77.064036999844859, 28.439468000192218 ], [ 77.06367500031277, 28.439742000053748 ], [ 77.063250999792373, 28.44006299971414 ], [ 77.063225590299126, 28.44008225408384 ], [ 77.063212665221059, 28.440092048384781 ], [ 77.062606999763574, 28.440551000017212 ], [ 77.062410000429892, 28.44070000023639 ], [ 77.062299999868557, 28.440786000425113 ], [ 77.062453900461122, 28.440937075036455 ], [ 77.062485072771466, 28.440967674887894 ], [ 77.062983283118612, 28.441389218200339 ], [ 77.062732687252137, 28.441596087186333 ], [ 77.062307948848314, 28.441946710508539 ], [ 77.062496636680564, 28.442137423934923 ], [ 77.062768749380453, 28.442353728804513 ], [ 77.062810850411182, 28.442387194745304 ], [ 77.062772929744057, 28.442416681900824 ], [ 77.062449632085148, 28.44266807202127 ], [ 77.062430771723783, 28.442682737788878 ], [ 77.062488771402343, 28.442721154921752 ], [ 77.062755736801634, 28.442897986001185 ], [ 77.062912100676144, 28.443009509589071 ], [ 77.062933426971099, 28.443019482911431 ], [ 77.062820177329158, 28.443114648370884 ], [ 77.06280340719097, 28.443127917241611 ], [ 77.062405942123718, 28.443442408865835 ], [ 77.062476391210623, 28.443515074515908 ], [ 77.062554220266904, 28.443595353249567 ], [ 77.062625064388158, 28.443668426100469 ], [ 77.062684992997376, 28.443730240671091 ], [ 77.06270480564784, 28.443800296446227 ], [ 77.062724786036512, 28.443870945224106 ], [ 77.062721013138457, 28.443922724193687 ], [ 77.062761491876131, 28.444122051185257 ], [ 77.062773618819406, 28.44416200019252 ], [ 77.062779096387203, 28.444176956591683 ], [ 77.062833551734315, 28.444325633902739 ], [ 77.062857983107804, 28.444521912406902 ], [ 77.062968163198477, 28.444588206556389 ], [ 77.063007018214719, 28.444859782081437 ], [ 77.063152342429916, 28.445017654892141 ], [ 77.065160078414564, 28.447198691075556 ], [ 77.064692968822413, 28.447585343766903 ], [ 77.065721104283739, 28.448823200423686 ], [ 77.065574090968639, 28.448921236115744 ], [ 77.065476521733316, 28.448986300740941 ], [ 77.065539999614074, 28.449069999630584 ], [ 77.064980999634102, 28.449489000255632 ], [ 77.064468999526667, 28.449871999966263 ], [ 77.064280818986845, 28.450004870779413 ], [ 77.064173000012502, 28.450081000368098 ], [ 77.064390999797098, 28.450307000274972 ], [ 77.06471664105392, 28.450644647552007 ], [ 77.066481000162568, 28.452474000333392 ], [ 77.067687999693746, 28.453768999934635 ], [ 77.068042000463763, 28.454154999753566 ], [ 77.068109999687195, 28.454229000413356 ], [ 77.069012999498, 28.455257999754981 ], [ 77.069310000249104, 28.455578999826056 ], [ 77.069786000911023, 28.456100588980867 ], [ 77.070370892332363, 28.456765188076758 ], [ 77.070180639564114, 28.456747769711118 ], [ 77.070137009635133, 28.456723243955143 ], [ 77.070122777754591, 28.456715243827009 ], [ 77.070074694335247, 28.45668821505582 ], [ 77.069451845930558, 28.456338090306232 ], [ 77.069440441714647, 28.456331679419147 ], [ 77.069049110131203, 28.456088855788238 ], [ 77.068766849558344, 28.455933176292483 ], [ 77.068541331403694, 28.455819556870164 ], [ 77.068366683986994, 28.455760145172725 ], [ 77.068080454996633, 28.455697946246644 ], [ 77.067768421047376, 28.45563013933754 ], [ 77.067393402984933, 28.45554225994341 ], [ 77.067390258180197, 28.455541522705893 ], [ 77.066706380852736, 28.455383395176639 ], [ 77.06670593469839, 28.455383291870024 ], [ 77.06659084551336, 28.45535297670617 ], [ 77.066107722343645, 28.455180988968038 ], [ 77.06602228196509, 28.455149942268367 ], [ 77.066019985402562, 28.455149087440642 ], [ 77.065535142236698, 28.454968628121783 ], [ 77.065338819384436, 28.454895556114398 ], [ 77.064957777112568, 28.454961129673539 ], [ 77.0647003002628, 28.455005437655135 ], [ 77.064652037826363, 28.45501374281622 ], [ 77.064569512641796, 28.455036053656332 ], [ 77.064119313963289, 28.455157765705103 ], [ 77.063954628502756, 28.455190190449837 ], [ 77.063780618882319, 28.455224450192578 ], [ 77.063279199061483, 28.455168447830651 ], [ 77.063266486325915, 28.455166607699432 ], [ 77.063125109374994, 28.455146143148827 ], [ 77.062624785898649, 28.454984246503166 ], [ 77.062579732131752, 28.454976344826246 ], [ 77.062324936774502, 28.454937900244438 ], [ 77.062042712295309, 28.455017243996856 ], [ 77.06190875443825, 28.455054904142713 ], [ 77.061890697183671, 28.455059980194942 ], [ 77.061685893561844, 28.455129305564661 ], [ 77.061220951109746, 28.455286685811707 ], [ 77.061200409303822, 28.455293639317716 ], [ 77.0610766288912, 28.455319541122396 ], [ 77.060699757096486, 28.455485969182192 ], [ 77.060648103590893, 28.455489397495818 ], [ 77.060532786454857, 28.455558270370439 ], [ 77.06041440078512, 28.455628975387292 ], [ 77.060305885243466, 28.455693785530865 ], [ 77.06017485587472, 28.455560647289214 ], [ 77.060066869305402, 28.45557997807007 ], [ 77.059846505556322, 28.455619425950541 ], [ 77.059777509259391, 28.455631777344397 ], [ 77.059399824126814, 28.455699386250988 ], [ 77.059220244778956, 28.45555475265137 ], [ 77.05916102729951, 28.455590831831188 ], [ 77.059080845532947, 28.455639683508529 ], [ 77.058724325524238, 28.455856899048857 ], [ 77.058682871129832, 28.455882155268597 ], [ 77.058647392050418, 28.455898311072673 ], [ 77.058399245749285, 28.455999508960534 ], [ 77.05835386243038, 28.456004011861214 ], [ 77.057922611554687, 28.456046796187838 ], [ 77.057904969451101, 28.456050447849744 ], [ 77.057785208906523, 28.456075234650246 ], [ 77.057752093223598, 28.456083269416634 ], [ 77.057389845741668, 28.456171159591126 ], [ 77.057321439839697, 28.456174966405808 ], [ 77.057098462997217, 28.4561873744323 ], [ 77.057062870685257, 28.456187736817878 ], [ 77.056728121541099, 28.456191141018472 ], [ 77.056058370901013, 28.455940845973867 ], [ 77.055944999733867, 28.455824999861914 ], [ 77.055713022269686, 28.456000186658084 ], [ 77.055360032252636, 28.456136908405 ], [ 77.054309558248363, 28.45654377544907 ], [ 77.053343527876663, 28.456917926343259 ], [ 77.052975401729668, 28.457190521028185 ], [ 77.049881043362348, 28.459481784501037 ], [ 77.049321251236037, 28.459609040298783 ], [ 77.049478000275059, 28.45977199975243 ], [ 77.050198999670712, 28.460518999749848 ], [ 77.051877999770042, 28.46226199972466 ], [ 77.052355000187916, 28.462757000014214 ], [ 77.055277000484324, 28.465807999750975 ], [ 77.055554999994058, 28.466146999559342 ], [ 77.055832000191643, 28.466548999584994 ], [ 77.056028000380735, 28.466855000221891 ], [ 77.056630000025365, 28.467794999674787 ], [ 77.056776999559048, 28.46798099965606 ], [ 77.056978999819108, 28.468236999919657 ], [ 77.057117000281949, 28.468379999765038 ], [ 77.057288000039563, 28.468549000306464 ], [ 77.057535000030001, 28.468747999581385 ], [ 77.057688999727915, 28.468871999558672 ], [ 77.058499573491673, 28.46952566066749 ], [ 77.058838069845322, 28.469798626205353 ], [ 77.060973999620629, 28.471520999583653 ], [ 77.061487000165201, 28.471933999660916 ], [ 77.061604999605109, 28.472027999861652 ], [ 77.062572000412388, 28.472799000152005 ], [ 77.063177000341568, 28.473294000439644 ], [ 77.064371000139218, 28.474273000073154 ], [ 77.067276999857171, 28.476506999555504 ], [ 77.067925999885389, 28.477027000160703 ], [ 77.068545000327731, 28.477523000388537 ], [ 77.070537999838905, 28.479196000247679 ], [ 77.070570999757237, 28.479227000173605 ], [ 77.070701946059984, 28.479348977442978 ], [ 77.071348851279566, 28.479190648918497 ], [ 77.071876555125101, 28.47906149242375 ], [ 77.072181920181663, 28.478991969200493 ], [ 77.072253297792898, 28.478955600398677 ], [ 77.072955427847077, 28.478804429866369 ], [ 77.073506173274197, 28.478651613709228 ] ] ] ] } },
{ "type": "Feature", "properties": { "OBJECTID": 26192, "MC_Code": 12, "MC_Ward_No": "22", "MC_Name": "Gurugram", "Area": 9335185.2102933004, "TotalPopul": 0, "GenPopulat": 0, "BCPopulati": 0, "SCPopulati": 0, "Notificati": "19/45/2023-6C I", "Notifica_1": "2023-12-14", "Remarks": "Updated in GIS Database", "created_us": null, "created_da": null, "last_edite": null, "last_edi_1": null, "Shape_STAr": 9.3351852102899997, "Shape_STLe": 20324.8513494 }, "geometry": { "type": "MultiPolygon", "coordinates": [ [ [ [ 77.07992600040923, 28.473982000129837 ], [ 77.080079000199873, 28.473929999808345 ], [ 77.080071569512967, 28.473905692560397 ], [ 77.080060456562919, 28.473910367078503 ], [ 77.079853353676, 28.473321799711361 ], [ 77.079850472842054, 28.47331361443835 ], [ 77.079830142031341, 28.473260092734922 ], [ 77.0798166581977, 28.473224597911543 ], [ 77.079961307487508, 28.473166799835152 ], [ 77.080010693509834, 28.473147066215603 ], [ 77.08015836698489, 28.473073773596813 ], [ 77.080804602462749, 28.472828811741969 ], [ 77.080824737655732, 28.472821179261864 ], [ 77.081286838771703, 28.472655496805224 ], [ 77.081509006052642, 28.472552634089567 ], [ 77.081926778584858, 28.472359205414758 ], [ 77.082152689568716, 28.472255733930083 ], [ 77.082553686428241, 28.472072068283772 ], [ 77.082618323050099, 28.472042463146142 ], [ 77.082731695296602, 28.472151303616695 ], [ 77.082750503273942, 28.472169360053492 ], [ 77.082780402052705, 28.472210045094847 ], [ 77.082788279377965, 28.472220764222325 ], [ 77.082792142511849, 28.472226021625048 ], [ 77.082798667874599, 28.472222588412713 ], [ 77.082802406607257, 28.472220620881519 ], [ 77.082917000368994, 28.472346000401402 ], [ 77.082976999863845, 28.47241599962307 ], [ 77.083003041250194, 28.47239681120789 ], [ 77.083091000081168, 28.47233200014767 ], [ 77.083674439041673, 28.472002465252562 ], [ 77.083738999854702, 28.471966000268516 ], [ 77.083794978635169, 28.471930782086901 ], [ 77.08375781957777, 28.471894807782572 ], [ 77.083876798534263, 28.471809594428048 ], [ 77.083931997237443, 28.471830462234021 ], [ 77.084160271802091, 28.47168417047045 ], [ 77.08414399988169, 28.471673999701277 ], [ 77.084157827445324, 28.471662186348315 ], [ 77.084124292310463, 28.471632339419642 ], [ 77.084154018293944, 28.471611049611649 ], [ 77.084294408645988, 28.47151049996738 ], [ 77.084403668115826, 28.471432247848671 ], [ 77.084512150639625, 28.471338515295159 ], [ 77.084518441526626, 28.471333079698493 ], [ 77.08448487639329, 28.471286363180496 ], [ 77.084480849130713, 28.471280758235913 ], [ 77.084424716228611, 28.47120263077899 ], [ 77.084391429377447, 28.471156300680477 ], [ 77.084365104158707, 28.471119659638987 ], [ 77.084249963225247, 28.470959401670719 ], [ 77.084240911062892, 28.470943926360679 ], [ 77.084256622064231, 28.470936871940197 ], [ 77.084179773709678, 28.4708091526381 ], [ 77.084085045687246, 28.470651716302491 ], [ 77.083734623807089, 28.470069316920515 ], [ 77.083656167008741, 28.469938923014343 ], [ 77.083381394649237, 28.46944330877108 ], [ 77.083121751476781, 28.46897497710248 ], [ 77.083080608476351, 28.468900764668852 ], [ 77.084122305805323, 28.46863521000547 ], [ 77.084148951711612, 28.468694831517141 ], [ 77.084233981149239, 28.468885092110007 ], [ 77.0842458216663, 28.46888001179768 ], [ 77.084317387263397, 28.468849306233722 ], [ 77.084399850570037, 28.468813924572778 ], [ 77.084576095011442, 28.468738306243832 ], [ 77.084776626675094, 28.468652266836582 ], [ 77.084803363538029, 28.468593156066728 ], [ 77.085034730062077, 28.468533369875725 ], [ 77.08505573233225, 28.468631298133431 ], [ 77.085098229292853, 28.468829447142756 ], [ 77.085110971058896, 28.468908367957713 ], [ 77.085120376294768, 28.468966624030351 ], [ 77.08510640135691, 28.469113526259271 ], [ 77.085103361059083, 28.469145484119323 ], [ 77.08514314097819, 28.469248067388193 ], [ 77.085155651590426, 28.4692803281572 ], [ 77.08516709628762, 28.469309841406531 ], [ 77.085387428642008, 28.469737986913252 ], [ 77.085546188231717, 28.470046481565586 ], [ 77.085562199893985, 28.470038109485781 ], [ 77.085787165362817, 28.469920476405655 ], [ 77.085872637101872, 28.469875783373283 ], [ 77.086067838771072, 28.469773711636282 ], [ 77.086102891636841, 28.469758212120524 ], [ 77.086202012478239, 28.469714383246476 ], [ 77.086219979773873, 28.469706438570533 ], [ 77.086238164805337, 28.469737114270135 ], [ 77.086248005105446, 28.469753714295855 ], [ 77.08630799739673, 28.469854911423997 ], [ 77.086316628395693, 28.469869470863038 ], [ 77.086361856507125, 28.469848124087584 ], [ 77.086385993278171, 28.469836732526325 ], [ 77.086401382276492, 28.469829468954973 ], [ 77.086493567521345, 28.469785959254491 ], [ 77.086963120893586, 28.469564337815125 ], [ 77.086938421984939, 28.469530816068339 ], [ 77.0869361998746, 28.469527123517651 ], [ 77.086878090525218, 28.469430514142154 ], [ 77.086874512898476, 28.469411369992201 ], [ 77.086859590957502, 28.469331531797028 ], [ 77.086838423516753, 28.469218281105682 ], [ 77.086815186089069, 28.469093956192008 ], [ 77.086793680898907, 28.468978894262456 ], [ 77.086776642339913, 28.46888773440509 ], [ 77.086727928698537, 28.468858020906563 ], [ 77.086614754611375, 28.468788991002626 ], [ 77.086584514717785, 28.468760376314396 ], [ 77.086578742052296, 28.468754913716499 ], [ 77.086473281785572, 28.468655119162754 ], [ 77.0862910055112, 28.468482636863559 ], [ 77.086160684653009, 28.468169336640141 ], [ 77.085674999761068, 28.468342999666774 ], [ 77.085541999600082, 28.468171000202812 ], [ 77.085980999912138, 28.468024999571199 ], [ 77.086364999589676, 28.468021999672128 ], [ 77.086955000146247, 28.468022999652138 ], [ 77.087369999825626, 28.468021999805988 ], [ 77.087744999765135, 28.468021999999152 ], [ 77.087831000099058, 28.468023000246429 ], [ 77.088268000319246, 28.468026999859404 ], [ 77.088901000273481, 28.468026999790592 ], [ 77.090765000199582, 28.468028000125926 ], [ 77.091828000408526, 28.468028000253071 ], [ 77.093794999901434, 28.468027999599634 ], [ 77.094447999598614, 28.468028000441077 ], [ 77.094534000119154, 28.467558000186507 ], [ 77.094583000262844, 28.467287000025156 ], [ 77.094724999626905, 28.466510000309444 ], [ 77.094737999700286, 28.466438999986448 ], [ 77.094759999915851, 28.466312000046713 ], [ 77.094164000054548, 28.466428000322562 ], [ 77.093964580719273, 28.466407546758926 ], [ 77.093854002953464, 28.466275309447202 ], [ 77.093609479509084, 28.466371131176263 ], [ 77.093343778840506, 28.466475250669376 ], [ 77.093302569818846, 28.466339670996064 ], [ 77.093267785941791, 28.466225231601296 ], [ 77.093217081189252, 28.466158561587459 ], [ 77.093173373813201, 28.466101091440436 ], [ 77.093129608342281, 28.465768110630091 ], [ 77.093290118354503, 28.465701935550534 ], [ 77.093340663056949, 28.465681098444978 ], [ 77.093287108608493, 28.465563409953859 ], [ 77.093221494302412, 28.465419218660983 ], [ 77.093020255923449, 28.465482609750723 ], [ 77.092993433522622, 28.465491058842208 ], [ 77.092855852467878, 28.46520603381618 ], [ 77.092851915638605, 28.465197876823584 ], [ 77.092479691039472, 28.464426727087556 ], [ 77.093927265448599, 28.463875240406725 ], [ 77.094942709520922, 28.463488368310504 ], [ 77.095096851435756, 28.463429641596758 ], [ 77.09533800008353, 28.463184000326205 ], [ 77.095557000291251, 28.463192000373731 ], [ 77.09614400028353, 28.463306000049158 ], [ 77.096270999728404, 28.463325999720102 ], [ 77.096957000372427, 28.46343599987496 ], [ 77.097705999847037, 28.463553000399919 ], [ 77.098386000412034, 28.46364399957449 ], [ 77.098773999742448, 28.463679000067035 ], [ 77.098865000461331, 28.46368500003123 ], [ 77.099419000446957, 28.463722000290659 ], [ 77.099849999929987, 28.463752999646807 ], [ 77.100111000495914, 28.463771000265993 ], [ 77.100878000385862, 28.463825999775707 ], [ 77.101490999966231, 28.463868000170756 ], [ 77.101630000514376, 28.463877000220226 ], [ 77.102467000157617, 28.463939000003933 ], [ 77.103219999846473, 28.463992000062103 ], [ 77.103929000034739, 28.464047000442154 ], [ 77.104645999632424, 28.464105999648531 ], [ 77.105252071900495, 28.464153383253198 ], [ 77.105479666102497, 28.460592386804294 ], [ 77.105368000095339, 28.460350000045135 ], [ 77.10641009256247, 28.460450187513523 ], [ 77.106633409890662, 28.460471656054761 ], [ 77.1070121119986, 28.460508065908012 ], [ 77.108447000457062, 28.460645999832003 ], [ 77.111584625983198, 28.461480758592554 ], [ 77.113340999547574, 28.461948000114997 ], [ 77.114689349563534, 28.462448914823497 ], [ 77.115836773506018, 28.462875184784149 ], [ 77.116469391916851, 28.46311020417744 ], [ 77.116662767583847, 28.462839668645081 ], [ 77.116909708710793, 28.462494192410684 ], [ 77.117267780438695, 28.461993236560538 ], [ 77.117717256567701, 28.462086133391377 ], [ 77.117904678306672, 28.462124870484597 ], [ 77.11819642621785, 28.461720215134484 ], [ 77.118837756806172, 28.460830680510487 ], [ 77.118914462572675, 28.460724287200854 ], [ 77.118978880901096, 28.460634938131335 ], [ 77.119555486151157, 28.460131113621312 ], [ 77.119748581929898, 28.459962052623606 ], [ 77.119893617133485, 28.459835070885589 ], [ 77.120076211841109, 28.459686183211648 ], [ 77.120790669305961, 28.459103604071757 ], [ 77.121227026146187, 28.458747787323965 ], [ 77.121842504673737, 28.458245904614195 ], [ 77.122226146129819, 28.457933065975695 ], [ 77.122411837042151, 28.457350773671703 ], [ 77.122436436811512, 28.457273634947747 ], [ 77.122704140716181, 28.456434155526438 ], [ 77.122996437798506, 28.455517536938622 ], [ 77.123190525973428, 28.4549088873401 ], [ 77.123204218247636, 28.454594362626061 ], [ 77.123244971047626, 28.45365823318043 ], [ 77.123285723710055, 28.45272210454301 ], [ 77.123326477219578, 28.451785974893781 ], [ 77.123330465557643, 28.451694353278935 ], [ 77.123338801479477, 28.450910200924284 ], [ 77.123339466507247, 28.450847692503125 ], [ 77.123349445753746, 28.449909174568194 ], [ 77.123357515908395, 28.449150058621029 ], [ 77.123435805549946, 28.448667288428346 ], [ 77.123495794947388, 28.448187814050151 ], [ 77.123617665775939, 28.447112108474403 ], [ 77.123707133861615, 28.446322402149441 ], [ 77.123798019326614, 28.445247514815691 ], [ 77.123868369504208, 28.444415478004505 ], [ 77.123877498418992, 28.444314389119668 ], [ 77.123897170128316, 28.443736598925007 ], [ 77.123911879473297, 28.443304557431635 ], [ 77.123924828855365, 28.442924214425755 ], [ 77.123840261222895, 28.442938831450835 ], [ 77.123469000181629, 28.443002999684481 ], [ 77.122521000272073, 28.443132000075167 ], [ 77.122376760601, 28.44314615942449 ], [ 77.118252000469624, 28.443550999940054 ], [ 77.108268000191018, 28.440542999978593 ], [ 77.107112040769138, 28.439737481862309 ], [ 77.106842999969686, 28.439550000390554 ], [ 77.106576241221092, 28.439773909440266 ], [ 77.106401000174827, 28.439921000099236 ], [ 77.106348000365571, 28.439965000148195 ], [ 77.106179097690202, 28.439824583018012 ], [ 77.105621505894305, 28.439361023990841 ], [ 77.105220879255867, 28.439027955144496 ], [ 77.103827149172417, 28.437615933190536 ], [ 77.103508381117265, 28.437408631242086 ], [ 77.103420889457468, 28.437685990791238 ], [ 77.102174843227289, 28.44104646718425 ], [ 77.102068192814414, 28.441334085622948 ], [ 77.101978513266559, 28.441575934204945 ], [ 77.101653814749668, 28.442447682586973 ], [ 77.10158393020717, 28.442635305975177 ], [ 77.101439882914036, 28.442457269418046 ], [ 77.101291805767985, 28.442537726161984 ], [ 77.101326690085912, 28.442556554205503 ], [ 77.101313932102613, 28.442590944438312 ], [ 77.101075605062789, 28.443233342259962 ], [ 77.101020692978466, 28.443398215421745 ], [ 77.100932709614924, 28.443701323960831 ], [ 77.100853507799442, 28.443960132836519 ], [ 77.100025884125628, 28.446765651242817 ], [ 77.099982310814269, 28.446914322577825 ], [ 77.099894938133147, 28.447212434785182 ], [ 77.099535971648336, 28.446911558218275 ], [ 77.09938117665537, 28.446781812619562 ], [ 77.099277348759685, 28.446832322582811 ], [ 77.099212203640761, 28.446864016422296 ], [ 77.098905564470243, 28.44703735716142 ], [ 77.09917003519476, 28.447381022588193 ], [ 77.098412498697257, 28.448166570883714 ], [ 77.098303584053639, 28.448301266428594 ], [ 77.098125485619136, 28.448372196082875 ], [ 77.097386999749503, 28.44741599978758 ], [ 77.096798000097806, 28.447729000352506 ], [ 77.096383000022385, 28.447133000208368 ], [ 77.096553000096094, 28.447049000078348 ], [ 77.096594999897221, 28.44681499992663 ], [ 77.095829999519466, 28.44566200018803 ], [ 77.095864999585757, 28.445621000076358 ], [ 77.095507000445068, 28.445194999711351 ], [ 77.095823999942468, 28.444847999856346 ], [ 77.095975999968715, 28.444721999676897 ], [ 77.09573899995938, 28.444532000104445 ], [ 77.096143000307464, 28.444207000048326 ], [ 77.096202993190673, 28.444124005209652 ], [ 77.096007927860015, 28.444013107690786 ], [ 77.095947565057671, 28.443978790555981 ], [ 77.095106743496331, 28.443500761740232 ], [ 77.095073999769824, 28.443533000381088 ], [ 77.094355999980053, 28.444190999998018 ], [ 77.094103639864969, 28.444095474215057 ], [ 77.093780137522344, 28.443895479115749 ], [ 77.092840752379502, 28.444760117721621 ], [ 77.092517853593776, 28.444476182795341 ], [ 77.092243214923613, 28.444671044381568 ], [ 77.091681194774196, 28.445069803049083 ], [ 77.091640711538588, 28.445087597950327 ], [ 77.091090372199162, 28.445329507689308 ], [ 77.090771129880281, 28.445469833372272 ], [ 77.091114466143949, 28.44595288632657 ], [ 77.091358213104527, 28.446295820058495 ], [ 77.091138024494143, 28.446528113435754 ], [ 77.091267682020614, 28.446642123242341 ], [ 77.091270475642759, 28.446644579776432 ], [ 77.09134438872384, 28.446709572340861 ], [ 77.091504961568887, 28.446850766027968 ], [ 77.091593035212597, 28.446786241721526 ], [ 77.091956690657781, 28.447126704210962 ], [ 77.092693719091542, 28.44781671642146 ], [ 77.092932779080201, 28.44804052358095 ], [ 77.092989086867235, 28.448101207574169 ], [ 77.093153147836077, 28.447971050826641 ], [ 77.093166000226418, 28.447959999717533 ], [ 77.093166540540409, 28.447960426330738 ], [ 77.093191756760646, 28.447940421444898 ], [ 77.093460606599294, 28.448187106404536 ], [ 77.093501801054629, 28.448224903934697 ], [ 77.093707510752296, 28.4484136517891 ], [ 77.093741952249502, 28.448445253049552 ], [ 77.092788180518795, 28.44905082294072 ], [ 77.09239532843209, 28.449272293852502 ], [ 77.092200424451661, 28.449382170376158 ], [ 77.092168485877792, 28.449362931978776 ], [ 77.092121711818137, 28.449406277023694 ], [ 77.091959916367628, 28.449556209554629 ], [ 77.092003886647717, 28.449609811727729 ], [ 77.091914907423572, 28.449669406364286 ], [ 77.091775503224468, 28.44976277406408 ], [ 77.091812527878389, 28.449933727695068 ], [ 77.091839496948595, 28.450037046795341 ], [ 77.09183550934803, 28.450037008863013 ], [ 77.091521084876319, 28.450033999065617 ], [ 77.090581918435049, 28.450025008654578 ], [ 77.087787494525486, 28.449937585328986 ], [ 77.087746387240117, 28.449937414101264 ], [ 77.087739092869981, 28.449937382588612 ], [ 77.087732837575828, 28.449937441603339 ], [ 77.087355747614112, 28.449940988404549 ], [ 77.08721784473795, 28.449946678753093 ], [ 77.087260955352363, 28.450171372358056 ], [ 77.08731047727926, 28.450680096645247 ], [ 77.087376634407107, 28.450962448895339 ], [ 77.087427332752711, 28.45117882727704 ], [ 77.087459976449722, 28.451318146700402 ], [ 77.087590036019861, 28.451749652197375 ], [ 77.08768684725419, 28.452070845983798 ], [ 77.087761553945541, 28.45224917391603 ], [ 77.087847866721233, 28.452455205957325 ], [ 77.087898723789266, 28.452574937351564 ], [ 77.088338000506496, 28.452464000143937 ], [ 77.08845300010141, 28.452660000309084 ], [ 77.088616999600163, 28.453044000334859 ], [ 77.088904999669083, 28.453591999928268 ], [ 77.088601000278331, 28.454143000320126 ], [ 77.088810000415791, 28.454888999888418 ], [ 77.088872999499316, 28.454942000358514 ], [ 77.089174000467253, 28.455000000288734 ], [ 77.089410999776476, 28.455670000295235 ], [ 77.089511748518476, 28.456000475516205 ], [ 77.089518436197039, 28.456212088693423 ], [ 77.089549717911666, 28.457201848936105 ], [ 77.089551479853441, 28.457341341581813 ], [ 77.089553501455228, 28.457501246565812 ], [ 77.089560714096862, 28.458072048548221 ], [ 77.08956530368755, 28.458464667960985 ], [ 77.089565321784875, 28.458466418221064 ], [ 77.08956079951119, 28.458466829692952 ], [ 77.089477064696908, 28.458474455195063 ], [ 77.089474162160101, 28.458508413310511 ], [ 77.089473481643296, 28.458516380594038 ], [ 77.089464051423477, 28.458626729984243 ], [ 77.089463310234038, 28.45863540202448 ], [ 77.089422999497828, 28.458626999782648 ], [ 77.088198999659667, 28.458690999988221 ], [ 77.087875000145985, 28.458713999806651 ], [ 77.08594500003116, 28.458916000090156 ], [ 77.085877000260311, 28.45979399967662 ], [ 77.084636999989073, 28.461024999684369 ], [ 77.08468540630669, 28.461206872384015 ], [ 77.0845469998184, 28.461176999821625 ], [ 77.084339000276145, 28.46113099972791 ], [ 77.083535999594901, 28.460953999732912 ], [ 77.083315235383424, 28.460905497417045 ], [ 77.08237444867332, 28.460698804521737 ], [ 77.080829429313667, 28.460395233905881 ], [ 77.080193292581328, 28.460250419453477 ], [ 77.076155014437191, 28.459331031401966 ], [ 77.075369175147429, 28.459152245628385 ], [ 77.074180779714283, 28.458884468710473 ], [ 77.074171999739377, 28.459082000306346 ], [ 77.074148000087504, 28.459550999609323 ], [ 77.074147000238383, 28.459959999549135 ], [ 77.074146000397192, 28.460446999877302 ], [ 77.074058000274718, 28.46136099969625 ], [ 77.074031000261371, 28.461845000086811 ], [ 77.073840000328019, 28.463171999639616 ], [ 77.073790000217258, 28.463521000059703 ], [ 77.073708999504845, 28.464071999943862 ], [ 77.073438999546056, 28.465938000366446 ], [ 77.073185000088259, 28.467661000055294 ], [ 77.073136999741195, 28.468023000439533 ], [ 77.073067000116893, 28.468463000014744 ], [ 77.072769000478615, 28.4704920000794 ], [ 77.072708999625107, 28.470898000117035 ], [ 77.072672000160594, 28.471010999745172 ], [ 77.07261700032214, 28.471332000379874 ], [ 77.072437999923395, 28.472582999834117 ], [ 77.072301000333553, 28.473539000080116 ], [ 77.072241999973713, 28.473957000229689 ], [ 77.072239627203444, 28.473973659358897 ], [ 77.072912233434025, 28.473984424345264 ], [ 77.073163037345424, 28.474013106765938 ], [ 77.073389748528129, 28.474039034064475 ], [ 77.073465782661501, 28.474033897787741 ], [ 77.073588154853752, 28.474025632798551 ], [ 77.073588167706845, 28.474013745142617 ], [ 77.073588180542416, 28.474001856584589 ], [ 77.073588192357136, 28.473989968042126 ], [ 77.073588205210484, 28.473978080386136 ], [ 77.074159982069261, 28.473978697167887 ], [ 77.074161098935036, 28.474065848198993 ], [ 77.078408217385444, 28.474137607254161 ], [ 77.078987192575255, 28.474181340102714 ], [ 77.079008693659901, 28.47429279506882 ], [ 77.079146000454514, 28.474246000437173 ], [ 77.079273214324346, 28.47420294413801 ], [ 77.079599527080731, 28.474092499910629 ], [ 77.07992600040923, 28.473982000129837 ] ] ] ] } },
{ "type": "Feature", "properties": { "OBJECTID": 26193, "MC_Code": 12, "MC_Ward_No": "30", "MC_Name": "Gurugram", "Area": 594802.19642035, "TotalPopul": 0, "GenPopulat": 0, "BCPopulati": 0, "SCPopulati": 0, "Notificati": "19/45/2023-6C I", "Notifica_1": "2023-12-14", "Remarks": "Updated in GIS Database", "created_us": null, "created_da": null, "last_edite": null, "last_edi_1": null, "Shape_STAr": 0.59480219641999998, "Shape_STLe": 5880.6731350500004 }, "geometry": { "type": "MultiPolygon", "coordinates": [ [ [ [ 77.021789305647445, 28.465075318308259 ], [ 77.021515999505056, 28.464924999701875 ], [ 77.021463000283077, 28.464963000014166 ], [ 77.021202999533514, 28.464438999851069 ], [ 77.021095000285001, 28.464500000240619 ], [ 77.020911999600003, 28.464327999770163 ], [ 77.020709433318927, 28.464122812225099 ], [ 77.020602999690183, 28.464014999811724 ], [ 77.020492999687875, 28.46386700045219 ], [ 77.02045944634969, 28.463822007422955 ], [ 77.021062925593853, 28.463484159863665 ], [ 77.021066537432574, 28.463482129111373 ], [ 77.020831999769413, 28.463106000028766 ], [ 77.020792999862877, 28.463123999656251 ], [ 77.02073300019282, 28.463000999939098 ], [ 77.020614000417424, 28.462780999692875 ], [ 77.020361999748928, 28.462889999782099 ], [ 77.019917999623416, 28.462066000026091 ], [ 77.019901999789496, 28.462037000301791 ], [ 77.01987916530048, 28.461995898570667 ], [ 77.019870137876012, 28.46199966375751 ], [ 77.019744600862595, 28.46178148322468 ], [ 77.019706688206256, 28.461715591067971 ], [ 77.019279309353465, 28.461899905957399 ], [ 77.018644496274021, 28.462173677439214 ], [ 77.018609644292283, 28.462188306814191 ], [ 77.018563528523273, 28.462207664813135 ], [ 77.018542126769617, 28.462119914782757 ], [ 77.018487585997732, 28.461752093683884 ], [ 77.018481086365696, 28.461637590319654 ], [ 77.018426657099965, 28.461518286741896 ], [ 77.01883344277887, 28.46138323783671 ], [ 77.019160130746045, 28.461253886152956 ], [ 77.019607171120427, 28.461095486072765 ], [ 77.019607541312482, 28.461095354244488 ], [ 77.01963666879891, 28.461085033596135 ], [ 77.019658609263175, 28.46107726056578 ], [ 77.019673395117024, 28.461072021140051 ], [ 77.01969121259657, 28.461065707996646 ], [ 77.019710884112484, 28.461058736564901 ], [ 77.019745280669738, 28.461046550061631 ], [ 77.019761445904194, 28.461040821814628 ], [ 77.019805632028081, 28.461025164699901 ], [ 77.019827258024208, 28.461017501889991 ], [ 77.019849903636668, 28.461009117384101 ], [ 77.020042639528, 28.460937752757889 ], [ 77.020114265998089, 28.460911232283866 ], [ 77.020541180852192, 28.460753157961115 ], [ 77.020546819025199, 28.460762535438416 ], [ 77.020568951010986, 28.460807074666764 ], [ 77.020682533234762, 28.461035654923098 ], [ 77.02074075420299, 28.461152823043218 ], [ 77.02082654795602, 28.461325479909281 ], [ 77.020897065029189, 28.461473595748284 ], [ 77.020897099085488, 28.461473668333348 ], [ 77.020961159934402, 28.461609548419549 ], [ 77.020975138088261, 28.46160441560335 ], [ 77.021443807299761, 28.461432308799658 ], [ 77.021443948247523, 28.461432257074698 ], [ 77.021474130187244, 28.461421173207352 ], [ 77.021532183134482, 28.461399854637321 ], [ 77.021537509575282, 28.461397783948758 ], [ 77.02157360972916, 28.461383747992059 ], [ 77.0216299878401, 28.461361828943719 ], [ 77.021815353674853, 28.461289760166746 ], [ 77.021918694404448, 28.46124958195146 ], [ 77.022117523322819, 28.461172277434329 ], [ 77.022225783767695, 28.461130185926624 ], [ 77.022352008960439, 28.461081110009804 ], [ 77.022361480016301, 28.4610772180522 ], [ 77.022456822825816, 28.461038042693868 ], [ 77.022608281588873, 28.460975808439105 ], [ 77.022669337788074, 28.460950720691915 ], [ 77.022546636756218, 28.460696486618708 ], [ 77.022438925665796, 28.460466799257343 ], [ 77.022340880817424, 28.460265916649519 ], [ 77.022191697187438, 28.459950896888532 ], [ 77.022181623147986, 28.459930890671536 ], [ 77.022140572564396, 28.459849370070781 ], [ 77.022123113453986, 28.459811632196956 ], [ 77.022121601309607, 28.459808364676665 ], [ 77.022294864195018, 28.459729102117375 ], [ 77.022403796561107, 28.459676100015081 ], [ 77.022461897758802, 28.459647830389805 ], [ 77.022623031674598, 28.459512211347395 ], [ 77.022700461741493, 28.459445126087648 ], [ 77.022811626861738, 28.45934881328531 ], [ 77.022929204470188, 28.45924694302818 ], [ 77.022994973577866, 28.459186563250977 ], [ 77.023287651087742, 28.458917865635147 ], [ 77.023561629050533, 28.458664534932186 ], [ 77.023693013801378, 28.458541533795628 ], [ 77.023921673593691, 28.45827950214893 ], [ 77.024015233804448, 28.45817228643088 ], [ 77.02404607462104, 28.458130524629279 ], [ 77.024140828485017, 28.458021019827761 ], [ 77.024179204331233, 28.457976669775981 ], [ 77.024089216747356, 28.457904474006529 ], [ 77.024103005988678, 28.457888818577366 ], [ 77.024109877152611, 28.457881019184562 ], [ 77.02414752280626, 28.457840200114902 ], [ 77.024197740331871, 28.457785750564508 ], [ 77.024256876265298, 28.457721631214483 ], [ 77.023940181663775, 28.457521924030441 ], [ 77.023848999547099, 28.45748099998837 ], [ 77.023840523706951, 28.457459079664034 ], [ 77.023785829170507, 28.457424588740032 ], [ 77.02369713240401, 28.457368656554408 ], [ 77.023696361952958, 28.457370287754657 ], [ 77.023511265796031, 28.457317270603976 ], [ 77.023458263474652, 28.457303101677137 ], [ 77.023434316098133, 28.457295943116073 ], [ 77.023377328102001, 28.457278906200155 ], [ 77.023320195335671, 28.457261826295415 ], [ 77.023137049360699, 28.457207073244295 ], [ 77.022351103535428, 28.456972109605896 ], [ 77.022287274514838, 28.45696406670595 ], [ 77.021616963262701, 28.456879598411309 ], [ 77.021150955072656, 28.456868378135567 ], [ 77.02076032244257, 28.456917025995086 ], [ 77.020804321963524, 28.457012469143361 ], [ 77.020848320547501, 28.457107912287292 ], [ 77.020927575863411, 28.45729773459788 ], [ 77.021004174580327, 28.457461577657863 ], [ 77.021010934412232, 28.457476035891911 ], [ 77.021010221617502, 28.457476299145227 ], [ 77.020590283132464, 28.45763126690262 ], [ 77.01989823397642, 28.457888751570977 ], [ 77.01949058905079, 28.458040242537486 ], [ 77.019281640355118, 28.458117892775586 ], [ 77.019309155967832, 28.458170847155589 ], [ 77.019024000169225, 28.458271999850957 ], [ 77.019169999831021, 28.458564000189337 ], [ 77.019224000274491, 28.45867099989626 ], [ 77.018943999662639, 28.45878500044471 ], [ 77.018663999821385, 28.458897999705702 ], [ 77.018524000344911, 28.45895800028212 ], [ 77.018496000297247, 28.458893999908703 ], [ 77.018354999658186, 28.458954999649809 ], [ 77.01837199967953, 28.458988000263325 ], [ 77.017649999503561, 28.459258999987053 ], [ 77.0176229996502, 28.459224999831218 ], [ 77.017420999502235, 28.459345000348776 ], [ 77.017407919630188, 28.459358016036429 ], [ 77.01731965673234, 28.459206201794647 ], [ 77.017167727126292, 28.458944874649156 ], [ 77.01713817972805, 28.458897261246147 ], [ 77.017125303056829, 28.458876512030539 ], [ 77.017013427262995, 28.4586962308564 ], [ 77.016773106425049, 28.45830896665899 ], [ 77.016585521296889, 28.457990866593093 ], [ 77.016472724337348, 28.458037713131894 ], [ 77.016308899481302, 28.458105749208865 ], [ 77.01602788358251, 28.458216875817119 ], [ 77.015864057571491, 28.458284020761674 ], [ 77.015755560945266, 28.458328674310636 ], [ 77.015247274536094, 28.458537866150589 ], [ 77.014831329983338, 28.458714018809196 ], [ 77.014509801054729, 28.458854392593842 ], [ 77.014302135475376, 28.458958698300602 ], [ 77.01404041619675, 28.459061894823517 ], [ 77.013788820363004, 28.459174623305664 ], [ 77.013731813926796, 28.459200165094344 ], [ 77.013679622175914, 28.459229063645296 ], [ 77.013676930274556, 28.459230553600854 ], [ 77.013607761587934, 28.459268852555411 ], [ 77.013410462925236, 28.459350083442317 ], [ 77.013200535923801, 28.459450419934786 ], [ 77.013031532628872, 28.459540963402578 ], [ 77.01283038241057, 28.459647081711623 ], [ 77.012631929990732, 28.459740456344367 ], [ 77.012552000006551, 28.459598000193488 ], [ 77.012439000075275, 28.459430999998311 ], [ 77.012401999726023, 28.459341999716294 ], [ 77.012363000408044, 28.4592389999613 ], [ 77.012200000208239, 28.459313999709771 ], [ 77.012339000313702, 28.459569000055719 ], [ 77.012517673448698, 28.459851114769869 ], [ 77.012493695308038, 28.459869596277407 ], [ 77.012472877234444, 28.459885643365087 ], [ 77.012410045526408, 28.459934072635747 ], [ 77.012228376300783, 28.460041811218588 ], [ 77.012209315930832, 28.460021774735576 ], [ 77.012199708135213, 28.460011675075076 ], [ 77.012179061898195, 28.460024453925573 ], [ 77.012121791916314, 28.460059898790369 ], [ 77.012120666594015, 28.460060594919721 ], [ 77.012097690231712, 28.460079249230478 ], [ 77.01191093847855, 28.460230864213504 ], [ 77.011813880815012, 28.460309660566349 ], [ 77.011760712490343, 28.460352825686616 ], [ 77.011753999945768, 28.46035827509731 ], [ 77.011739652704748, 28.460369922985169 ], [ 77.011841418184432, 28.460377021560614 ], [ 77.011845151116475, 28.460377282163506 ], [ 77.011896188265851, 28.460380843123303 ], [ 77.011943183707004, 28.460384121863367 ], [ 77.012101068925162, 28.460395136396368 ], [ 77.012396119319703, 28.460453800653863 ], [ 77.012559293499066, 28.460510595367005 ], [ 77.0128015559023, 28.460634980270751 ], [ 77.013061032798447, 28.460755290195767 ], [ 77.0133015706528, 28.460902619701059 ], [ 77.013561084901738, 28.461024836566381 ], [ 77.013764695323118, 28.461129474369066 ], [ 77.013767999926699, 28.461131000056323 ], [ 77.013776673219041, 28.461134613717189 ], [ 77.013839999532095, 28.46116100038574 ], [ 77.013822999720787, 28.461173999804373 ], [ 77.013672951307058, 28.461284915801382 ], [ 77.012342999855363, 28.462268000338533 ], [ 77.011408870128051, 28.462872267254038 ], [ 77.0105077091293, 28.463455195146288 ], [ 77.010558691912578, 28.463504185027489 ], [ 77.010897023498842, 28.463829291001538 ], [ 77.010901748436154, 28.463833831301741 ], [ 77.010946176162179, 28.463876522009503 ], [ 77.011470799037653, 28.464340966429909 ], [ 77.011542999613638, 28.464404883850339 ], [ 77.011588089635211, 28.464455557658788 ], [ 77.011707232977969, 28.464589453583464 ], [ 77.011716353901193, 28.464599704840669 ], [ 77.011727055135495, 28.464593172233553 ], [ 77.012241647146837, 28.46438587080004 ], [ 77.012314154254184, 28.464356661251013 ], [ 77.012471555318925, 28.464310510418976 ], [ 77.012521027642435, 28.464296004572713 ], [ 77.012671956831468, 28.464251750413855 ], [ 77.012676955037989, 28.464250284991561 ], [ 77.012813547068376, 28.464210210573466 ], [ 77.013011191538141, 28.464152225413603 ], [ 77.013150752443451, 28.464045885053757 ], [ 77.013794304927671, 28.463760371226169 ], [ 77.013814907146894, 28.463781859970471 ], [ 77.014120558026505, 28.464100668365528 ], [ 77.014173813532324, 28.464156215807876 ], [ 77.014279347572938, 28.464266291890198 ], [ 77.014340067304403, 28.464322088734548 ], [ 77.014355624084942, 28.464296408068815 ], [ 77.015726413525115, 28.462428168411407 ], [ 77.015731555889545, 28.462423599326915 ], [ 77.015742569660603, 28.462413814185712 ], [ 77.015754343048755, 28.462423875154897 ], [ 77.015797203888397, 28.46246050193372 ], [ 77.015969932290602, 28.46256490190105 ], [ 77.016064767285542, 28.462618288246571 ], [ 77.016221173739581, 28.462706337232465 ], [ 77.01630558651128, 28.462753807741944 ], [ 77.016446195830966, 28.462832880280061 ], [ 77.016508934536006, 28.46286539326405 ], [ 77.016636102285545, 28.462931294629577 ], [ 77.01686130665702, 28.463067384839238 ], [ 77.017011186195802, 28.463158700564662 ], [ 77.017294897352897, 28.463331558764384 ], [ 77.017412026135631, 28.463406254712353 ], [ 77.017416051130027, 28.463408821771406 ], [ 77.017545156932883, 28.463509754721919 ], [ 77.017588036061781, 28.463549384580848 ], [ 77.017669580715435, 28.463632215153943 ], [ 77.017972083251991, 28.463855015717549 ], [ 77.018002771088788, 28.463869153284175 ], [ 77.018048400061545, 28.463890173395185 ], [ 77.018184927290321, 28.463909157744553 ], [ 77.018388184469032, 28.463913780307934 ], [ 77.018572720734554, 28.463956881006009 ], [ 77.01884081891653, 28.46407514103247 ], [ 77.01896323728397, 28.464147813349943 ], [ 77.018996610419947, 28.46416676009904 ], [ 77.019186604179765, 28.464274621623144 ], [ 77.019202671608028, 28.464299326081356 ], [ 77.019249863015489, 28.464371881639497 ], [ 77.01936663963528, 28.464545628613191 ], [ 77.019610409835636, 28.464874996346506 ], [ 77.019661273742329, 28.464959199900719 ], [ 77.019699405644758, 28.465022325718653 ], [ 77.01995048812762, 28.465559202743538 ], [ 77.020141820814061, 28.465968317423847 ], [ 77.020356055636157, 28.466426396412121 ], [ 77.020389971588159, 28.466484712792461 ], [ 77.020471693278068, 28.466625227623279 ], [ 77.020710963486948, 28.467017041792193 ], [ 77.020797240546756, 28.467206281978815 ], [ 77.020825545116111, 28.467146367844144 ], [ 77.020874999262261, 28.467041684625233 ], [ 77.021004207426344, 28.466757298594082 ], [ 77.02119245500198, 28.466342963160457 ], [ 77.021395133745244, 28.465896861059935 ], [ 77.021423380407242, 28.465834689972418 ], [ 77.021494213967316, 28.465678782109261 ], [ 77.021610799687409, 28.465422170157201 ], [ 77.021789305647445, 28.465075318308259 ] ] ] ] } },
{ "type": "Feature", "properties": { "OBJECTID": 26194, "MC_Code": 12, "MC_Ward_No": "03", "MC_Name": "Gurugram", "Area": 4833049.6003305297, "TotalPopul": 0, "GenPopulat": 0, "BCPopulati": 0, "SCPopulati": 0, "Notificati": "19/45/2023-6C I", "Notifica_1": "2023-12-14", "Remarks": "Updated in GIS Database", "created_us": null, "created_da": null, "last_edite": null, "last_edi_1": null, "Shape_STAr": 4.8330496003299999, "Shape_STLe": 17644.067920599999 }, "geometry": { "type": "MultiPolygon", "coordinates": [ [ [ [ 77.074760255856233, 28.518204576442468 ], [ 77.074715189492551, 28.518149826218881 ], [ 77.074682682463234, 28.518110333935283 ], [ 77.074601581030564, 28.518162411404052 ], [ 77.074064825568144, 28.517483549245803 ], [ 77.07389730334026, 28.517258528028933 ], [ 77.073886839660659, 28.517244473288837 ], [ 77.07413361322071, 28.51708557860389 ], [ 77.074342471778891, 28.516951096019763 ], [ 77.074483177088339, 28.516860495307245 ], [ 77.074587551001514, 28.516793289384093 ], [ 77.074601080232966, 28.516630711649501 ], [ 77.074640066365774, 28.516162202823526 ], [ 77.075382245022197, 28.516190166969075 ], [ 77.075265987751891, 28.516064740045181 ], [ 77.075092261934699, 28.515877309880885 ], [ 77.074880645245699, 28.515572687066893 ], [ 77.07511682569536, 28.515455578302138 ], [ 77.075145246398705, 28.515441486298442 ], [ 77.075255382862537, 28.515386876025509 ], [ 77.07573962979086, 28.515146763405301 ], [ 77.076420467339886, 28.514812274989453 ], [ 77.076177000227446, 28.514521000341045 ], [ 77.076083727829229, 28.514551016615201 ], [ 77.075338000418213, 28.514790999603832 ], [ 77.074891999878417, 28.515063999608827 ], [ 77.074648999723181, 28.515211000097807 ], [ 77.074374524485108, 28.514848004209856 ], [ 77.0743657658671, 28.51485330115338 ], [ 77.074356739349298, 28.514843817387458 ], [ 77.0741272615127, 28.514602715344708 ], [ 77.074077000067518, 28.514604999701291 ], [ 77.073943608933448, 28.514604160835766 ], [ 77.073599999743365, 28.514601999858623 ], [ 77.073411000215259, 28.514594000279555 ], [ 77.073407999731032, 28.513078999921213 ], [ 77.073411999831109, 28.512938999764671 ], [ 77.073367999730863, 28.51292000045078 ], [ 77.073265014497508, 28.512880611715037 ], [ 77.073261767139769, 28.512879370036615 ], [ 77.07305473928615, 28.513097663589988 ], [ 77.072087706734621, 28.511841898837819 ], [ 77.071923990022853, 28.511629295830907 ], [ 77.072004506754226, 28.511551039497437 ], [ 77.072377749336127, 28.51118827206205 ], [ 77.072429767012267, 28.511028311319489 ], [ 77.073076841730767, 28.510823943645278 ], [ 77.073187005825559, 28.510789150085753 ], [ 77.073184999689289, 28.510776000248143 ], [ 77.073212092403651, 28.510781227256832 ], [ 77.073345111350932, 28.510739214336912 ], [ 77.074090878537504, 28.510727829061057 ], [ 77.073926690469449, 28.510505651087033 ], [ 77.07262015775342, 28.508737619669279 ], [ 77.072147583660552, 28.508098102176671 ], [ 77.071816954029018, 28.507620184437346 ], [ 77.072006000094959, 28.50762300025298 ], [ 77.071881000386384, 28.507453000360591 ], [ 77.071715873263074, 28.507240694346351 ], [ 77.071587000257026, 28.507074999619537 ], [ 77.07145199953672, 28.506914999913384 ], [ 77.071323000046945, 28.506766000106996 ], [ 77.07072100029103, 28.506068999553463 ], [ 77.070610000293172, 28.505940000187454 ], [ 77.07039700047622, 28.505697999622232 ], [ 77.07004999958346, 28.505291000339142 ], [ 77.069973999636147, 28.505202999965448 ], [ 77.069491999517524, 28.504648000443911 ], [ 77.069352999680632, 28.504495000090596 ], [ 77.068856000118274, 28.503945999667348 ], [ 77.068762000244377, 28.503845999901785 ], [ 77.068572999624067, 28.503623000291253 ], [ 77.068409000240507, 28.503436000315723 ], [ 77.068102000124568, 28.503085999932601 ], [ 77.067829999841479, 28.502776999910143 ], [ 77.067511000281257, 28.50241599974591 ], [ 77.067413999486448, 28.502310999608792 ], [ 77.066959999711742, 28.501816999738363 ], [ 77.066254999749574, 28.501044999952303 ], [ 77.065704000028376, 28.500400000033149 ], [ 77.06562800014126, 28.500310999820051 ], [ 77.065552000383931, 28.500221999556718 ], [ 77.065378000460299, 28.500019000071411 ], [ 77.065147000152947, 28.49974200030459 ], [ 77.064593000499428, 28.499072999759345 ], [ 77.064468000122289, 28.498922999694273 ], [ 77.064332999789542, 28.498766000366246 ], [ 77.063538000199998, 28.497867999892332 ], [ 77.062998000191129, 28.497262000197015 ], [ 77.062337999718252, 28.496506000207184 ], [ 77.061719000131703, 28.495806999961417 ], [ 77.061356000351054, 28.495386999832775 ], [ 77.06130799953138, 28.495329999655546 ], [ 77.060794999816821, 28.494756999685187 ], [ 77.060416999744305, 28.494322999657026 ], [ 77.059948999999634, 28.493793999633159 ], [ 77.059819999854213, 28.493654999886445 ], [ 77.059206493163217, 28.494095313968728 ], [ 77.058799043067779, 28.49444276453249 ], [ 77.058766096711267, 28.494480487225037 ], [ 77.058711303188105, 28.494539289420761 ], [ 77.058238253115675, 28.495046941083721 ], [ 77.058197856699067, 28.495098371223687 ], [ 77.058139647796409, 28.495172479078999 ], [ 77.058004882787188, 28.495314147263251 ], [ 77.057639737896665, 28.495614676197771 ], [ 77.057477943689463, 28.495780807004707 ], [ 77.057233527674853, 28.495996220380658 ], [ 77.057021868274362, 28.496182761417202 ], [ 77.056990333266512, 28.496208629895907 ], [ 77.056815529575346, 28.496352021103597 ], [ 77.05663799154317, 28.496519663407952 ], [ 77.056492653014843, 28.496656899107769 ], [ 77.056369955818795, 28.496774529649112 ], [ 77.056325819379964, 28.49681684353931 ], [ 77.056153444929492, 28.496941014230625 ], [ 77.056072867902742, 28.497004820199425 ], [ 77.055750342581632, 28.497260217455743 ], [ 77.055614490774289, 28.497322040512124 ], [ 77.055612815948976, 28.497323637735473 ], [ 77.05548967029759, 28.497441092044991 ], [ 77.055376248168727, 28.4975235957011 ], [ 77.05500671948495, 28.497792389279009 ], [ 77.054891618527989, 28.497876112650133 ], [ 77.054825566892404, 28.497924158053969 ], [ 77.05416073980625, 28.498369337032372 ], [ 77.054077932544885, 28.498416998350532 ], [ 77.053994240279678, 28.498465168387014 ], [ 77.053621964341858, 28.498744303825116 ], [ 77.053496362014329, 28.49883848056745 ], [ 77.053367270928391, 28.498914233489902 ], [ 77.05325723317894, 28.498816465994427 ], [ 77.053233391945042, 28.498785359665796 ], [ 77.05322260468148, 28.498771286365038 ], [ 77.053183443938721, 28.498737125181385 ], [ 77.052912244280577, 28.498500552006252 ], [ 77.052894552383179, 28.498485119393212 ], [ 77.052815116536522, 28.498415825573336 ], [ 77.052601885464242, 28.49822981684644 ], [ 77.052555878883027, 28.498192460806809 ], [ 77.052224478361424, 28.497940414338355 ], [ 77.052222946125909, 28.497939249090749 ], [ 77.052131425243445, 28.497863450074604 ], [ 77.051944655148489, 28.497708765271845 ], [ 77.051912782705486, 28.497688569324929 ], [ 77.051534328075277, 28.497448251972436 ], [ 77.051458447593575, 28.49739744412458 ], [ 77.051449257197902, 28.497391289914894 ], [ 77.051138341055605, 28.497183103892311 ], [ 77.051018518309277, 28.497147994912446 ], [ 77.050767856269786, 28.496959486401863 ], [ 77.050692343967441, 28.496902697197857 ], [ 77.050625016644702, 28.496855690389182 ], [ 77.050566561764143, 28.496814877808728 ], [ 77.050268735175436, 28.49660693787607 ], [ 77.050210631057297, 28.496541407256927 ], [ 77.050157592241433, 28.496516716214462 ], [ 77.050085360978571, 28.49646941585371 ], [ 77.049846407886506, 28.496312939035686 ], [ 77.049469377953102, 28.496066040289875 ], [ 77.049403440131655, 28.496009430747918 ], [ 77.049346502285985, 28.49596054758797 ], [ 77.049006991627323, 28.495771283014616 ], [ 77.048876021420355, 28.495698271905393 ], [ 77.048781456540411, 28.495645555090213 ], [ 77.048773976125503, 28.495641559488035 ], [ 77.048722746466453, 28.495614196696714 ], [ 77.048556705867085, 28.495525508758149 ], [ 77.048449320661092, 28.49546645468563 ], [ 77.048122262924551, 28.495272154432808 ], [ 77.048093829448234, 28.495255261526943 ], [ 77.048053921985115, 28.495231680099014 ], [ 77.048042167237739, 28.495224734132957 ], [ 77.047814677983197, 28.495090308256373 ], [ 77.047636457338086, 28.494984995548638 ], [ 77.047405918525669, 28.494834769664145 ], [ 77.047361127645345, 28.494810639881454 ], [ 77.047139731138145, 28.494691366178515 ], [ 77.046718491609937, 28.494464428354306 ], [ 77.046681171568409, 28.494453687648662 ], [ 77.046649913541756, 28.494444691908502 ], [ 77.046270398830686, 28.49415023396627 ], [ 77.046029827375605, 28.493963578157679 ], [ 77.045998412031565, 28.49394774121534 ], [ 77.045910802257538, 28.493903574693011 ], [ 77.04575192199195, 28.493802890477884 ], [ 77.045444864637247, 28.493608304822502 ], [ 77.045341932673978, 28.493543074915038 ], [ 77.045317295756874, 28.493528732034974 ], [ 77.045032468514989, 28.493362905229322 ], [ 77.04489335675585, 28.49327455532838 ], [ 77.044654044314612, 28.493122566966477 ], [ 77.044636252731223, 28.493113245398824 ], [ 77.044549205737269, 28.493067636548574 ], [ 77.044055138104142, 28.492808766918845 ], [ 77.043966733735957, 28.492762446286978 ], [ 77.043956311248323, 28.492756074554627 ], [ 77.043583594657548, 28.492528226928712 ], [ 77.043537917430399, 28.492500303028077 ], [ 77.043278855661299, 28.492341931690707 ], [ 77.043221591643103, 28.492319662768196 ], [ 77.043188858191684, 28.492306933701023 ], [ 77.042751924391297, 28.49198639065375 ], [ 77.042593463137777, 28.491883295050517 ], [ 77.042514874733854, 28.491834646698699 ], [ 77.042339062556209, 28.491725813644621 ], [ 77.042259196390972, 28.491647234434023 ], [ 77.042166962063803, 28.491556486055984 ], [ 77.042029777386517, 28.491442571163848 ], [ 77.042027844057486, 28.491440986812719 ], [ 77.041901684964557, 28.491349914231236 ], [ 77.041729289865032, 28.491199490187434 ], [ 77.041428181492321, 28.490911448274368 ], [ 77.041412917966497, 28.490896847429667 ], [ 77.041408795389458, 28.490892903824037 ], [ 77.041287576926223, 28.490776944471854 ], [ 77.041212966204398, 28.490838801480535 ], [ 77.04068640327192, 28.491202852074238 ], [ 77.040533820578659, 28.491339226254663 ], [ 77.039922198306215, 28.491748841309775 ], [ 77.039854240671716, 28.491794354528338 ], [ 77.039421052117746, 28.492085396404747 ], [ 77.039173228093304, 28.492098503458891 ], [ 77.038824560586534, 28.49212351364049 ], [ 77.038616310347763, 28.492211038404939 ], [ 77.038489789139575, 28.492145989123316 ], [ 77.038111704263528, 28.492285224368498 ], [ 77.037803785773491, 28.491921714332541 ], [ 77.0377588143552, 28.491876212660838 ], [ 77.037121344068851, 28.492074876904141 ], [ 77.036479210959328, 28.492303398355183 ], [ 77.03643975783838, 28.492319199633734 ], [ 77.036238661435547, 28.492379989732594 ], [ 77.035758015663504, 28.492547266411162 ], [ 77.035657386162271, 28.492576745884939 ], [ 77.035571125335451, 28.492559967536746 ], [ 77.035537516384366, 28.492565391497607 ], [ 77.035074996961029, 28.492640028625043 ], [ 77.034760090118255, 28.492685096499798 ], [ 77.034605156522503, 28.492707479193989 ], [ 77.034392260832533, 28.492762982242191 ], [ 77.034003759639518, 28.492854803750433 ], [ 77.033709806720125, 28.492916128197152 ], [ 77.033027917658742, 28.493129661321383 ], [ 77.032730840913416, 28.493170734705753 ], [ 77.032345795067386, 28.493318578413909 ], [ 77.032165413236129, 28.493404154473406 ], [ 77.03184529652917, 28.493508989691666 ], [ 77.031570950132249, 28.493609393337756 ], [ 77.03168000009714, 28.493676999633134 ], [ 77.030929000078331, 28.495726000306085 ], [ 77.030533000250543, 28.497080999647974 ], [ 77.03019949962939, 28.49808845586341 ], [ 77.02990899982052, 28.49896599963758 ], [ 77.029543000312373, 28.500260000322598 ], [ 77.02947200021255, 28.500473999954629 ], [ 77.029318999615143, 28.500934000244595 ], [ 77.028928000226585, 28.502113999606326 ], [ 77.029343000130353, 28.502500000193919 ], [ 77.029637000050556, 28.502777999761062 ], [ 77.029829999763081, 28.502871000388872 ], [ 77.030085000101693, 28.502956999666406 ], [ 77.030516000139897, 28.50310300042322 ], [ 77.030567000028555, 28.503120000093279 ], [ 77.031133999637163, 28.503301000450282 ], [ 77.03117600030086, 28.503313999846522 ], [ 77.031534999684524, 28.503389999924529 ], [ 77.031787000228078, 28.5034219997988 ], [ 77.032307999749094, 28.503489000436048 ], [ 77.033033000280838, 28.50356400027059 ], [ 77.033337000262733, 28.503580999830834 ], [ 77.033598000013654, 28.503594999569462 ], [ 77.033725999721213, 28.503591000015586 ], [ 77.033824999884374, 28.503588000246921 ], [ 77.034105000099601, 28.503581000189129 ], [ 77.034297000055474, 28.503574999640406 ], [ 77.034310999690973, 28.503575000261929 ], [ 77.034612999652964, 28.50357799985338 ], [ 77.036132270319229, 28.503649584973083 ], [ 77.036225999896843, 28.503654000359138 ], [ 77.036322999521673, 28.503770000068712 ], [ 77.037323341201954, 28.50375981666463 ], [ 77.038113585945467, 28.503751767257963 ], [ 77.04093770465164, 28.50372296215447 ], [ 77.040943771588687, 28.503832544336049 ], [ 77.041130000101802, 28.504065999593156 ], [ 77.041178169687683, 28.504149544451582 ], [ 77.041257999827593, 28.504287999771133 ], [ 77.041543000491345, 28.504283999724052 ], [ 77.041685000344827, 28.504552000156277 ], [ 77.04186985042891, 28.504878778751639 ], [ 77.041832888952072, 28.504893720419499 ], [ 77.041951398927324, 28.505145554241938 ], [ 77.041486000081932, 28.505330999866558 ], [ 77.041495999581542, 28.505515000044628 ], [ 77.041608413398833, 28.505519684006906 ], [ 77.041664160346926, 28.505842093703812 ], [ 77.041687158639732, 28.505975102572002 ], [ 77.041725706336152, 28.506894709487213 ], [ 77.041732164742427, 28.507048788597476 ], [ 77.042023568156694, 28.507022920984564 ], [ 77.042027948778994, 28.507071932966443 ], [ 77.042044240379255, 28.507254194362098 ], [ 77.042021586701665, 28.508042399633037 ], [ 77.042057712222558, 28.50804424781003 ], [ 77.042540642185187, 28.508068949461592 ], [ 77.042539000116847, 28.508093999876014 ], [ 77.042549999698096, 28.508147999740814 ], [ 77.042573087029282, 28.5084518792751 ], [ 77.042586999956271, 28.508635000141993 ], [ 77.043284000443137, 28.508391000239772 ], [ 77.043346999971618, 28.508562000422494 ], [ 77.043473000045282, 28.508846000441874 ], [ 77.04351400036785, 28.508856999589558 ], [ 77.04378799988406, 28.509077999659795 ], [ 77.044138999667339, 28.508985000151711 ], [ 77.044266999912438, 28.508938999681579 ], [ 77.044217999839177, 28.508285999767676 ], [ 77.044269999547865, 28.508266999752564 ], [ 77.044341999907161, 28.508239999895363 ], [ 77.04428246890285, 28.508110881019359 ], [ 77.044194000057303, 28.507918999846147 ], [ 77.044163665346787, 28.507867344838257 ], [ 77.044277269535542, 28.50784135131812 ], [ 77.044678639027666, 28.507691653327665 ], [ 77.04521112939446, 28.507493049084569 ], [ 77.04590945589517, 28.507253378128016 ], [ 77.045929000288567, 28.50730399962417 ], [ 77.045946000017238, 28.507338000306774 ], [ 77.045955658651025, 28.507337580526674 ], [ 77.0460149995655, 28.50733500030433 ], [ 77.046079000038617, 28.507474000333929 ], [ 77.046685000339238, 28.507448000364231 ], [ 77.046876000189116, 28.507394000118421 ], [ 77.046900000382905, 28.507359000099452 ], [ 77.046893999542945, 28.507134000075379 ], [ 77.047602999819063, 28.506911000281196 ], [ 77.047562999520949, 28.506019999712787 ], [ 77.046862999514175, 28.506047000046756 ], [ 77.046863975438555, 28.506118225644453 ], [ 77.046818502152092, 28.506129630670419 ], [ 77.046495938371649, 28.506210156601622 ], [ 77.046231817547834, 28.506276780627783 ], [ 77.046095565014696, 28.506335512001993 ], [ 77.04581204432273, 28.506086066231475 ], [ 77.0453241432933, 28.505617971291304 ], [ 77.045349999729922, 28.505588000343796 ], [ 77.045329999923695, 28.505297999980488 ], [ 77.045799999832781, 28.505735999653819 ], [ 77.045889999928448, 28.505693000065563 ], [ 77.046401999529806, 28.505570000104029 ], [ 77.046630999739918, 28.505514000371225 ], [ 77.04629499968334, 28.504817000414249 ], [ 77.046036999723768, 28.50482999999215 ], [ 77.045788999791085, 28.50484700019528 ], [ 77.045793999833194, 28.504914000003623 ], [ 77.045809999998355, 28.504967000271186 ], [ 77.045642000153578, 28.505038000200621 ], [ 77.045552000120111, 28.505056999871321 ], [ 77.045566999865756, 28.505158000273742 ], [ 77.045328999738771, 28.505164999971313 ], [ 77.045218000045779, 28.50517800005256 ], [ 77.045247000402924, 28.505536000314606 ], [ 77.0452444622954, 28.505541524799412 ], [ 77.044883200988878, 28.50519492384149 ], [ 77.044813582339984, 28.505156651027903 ], [ 77.044758557510121, 28.50512640056747 ], [ 77.044597489031119, 28.505122797971243 ], [ 77.044546543805481, 28.505121658029015 ], [ 77.043980096876396, 28.50512283567695 ], [ 77.04284027260654, 28.50511983068786 ], [ 77.042820893798208, 28.505120532656271 ], [ 77.042779913816815, 28.50511262979294 ], [ 77.042658562249855, 28.505119769293749 ], [ 77.04261551006995, 28.505152656619117 ], [ 77.042487241252886, 28.505250639238497 ], [ 77.042431183348214, 28.505171459056175 ], [ 77.042160322773199, 28.504788876339369 ], [ 77.042001128093517, 28.504535493995377 ], [ 77.041903421130201, 28.504398768751262 ], [ 77.041869999743739, 28.50435199972183 ], [ 77.041678000394981, 28.504084000140661 ], [ 77.041565999529368, 28.503952000268047 ], [ 77.041552275334652, 28.503955588509207 ], [ 77.041443999800421, 28.503845000327146 ], [ 77.04120699964831, 28.503436999949738 ], [ 77.040922000113397, 28.502992999937884 ], [ 77.041419000474605, 28.502987999984878 ], [ 77.041419999517188, 28.502640000345227 ], [ 77.043726999618997, 28.502644999702984 ], [ 77.045394999822079, 28.502635999563225 ], [ 77.045539999772942, 28.502678999764818 ], [ 77.046913000479222, 28.502673000084155 ], [ 77.047168999879744, 28.502671999715755 ], [ 77.047604999938898, 28.502662000374858 ], [ 77.047603999993811, 28.502595999720398 ], [ 77.051790000398114, 28.502559000159057 ], [ 77.051788464417854, 28.502630007303253 ], [ 77.052333000355716, 28.502625000295243 ], [ 77.056807999847493, 28.502583999677036 ], [ 77.057424999708985, 28.502995999828268 ], [ 77.05751499953827, 28.503108000154793 ], [ 77.05786600039815, 28.503542999854879 ], [ 77.058058999687958, 28.503782999915924 ], [ 77.058395207586969, 28.504202734314916 ], [ 77.059480000053668, 28.505557000287396 ], [ 77.059803999943625, 28.505963999622498 ], [ 77.060153999974929, 28.506409000276108 ], [ 77.06049299982628, 28.506840999756704 ], [ 77.060878999789381, 28.507333000271153 ], [ 77.061225000367813, 28.507771000306185 ], [ 77.061360999844723, 28.507936999729768 ], [ 77.061781999726492, 28.508452999977063 ], [ 77.062060000396087, 28.508723000209645 ], [ 77.062303999963149, 28.508960000326958 ], [ 77.062465000004323, 28.50912900001823 ], [ 77.062655999911087, 28.509291999977357 ], [ 77.062817000039487, 28.509385000371431 ], [ 77.06281300000856, 28.509543999590775 ], [ 77.062096000247195, 28.509508999997195 ], [ 77.061376000279878, 28.509494000128896 ], [ 77.061371999630524, 28.509869000254501 ], [ 77.061362999786382, 28.51085399991614 ], [ 77.061318975304914, 28.512159447286333 ], [ 77.061317000457478, 28.512217999542212 ], [ 77.061278776138465, 28.512227444223061 ], [ 77.061303405084587, 28.512241775933074 ], [ 77.061660747760456, 28.512274646165153 ], [ 77.061711797154871, 28.512279341312748 ], [ 77.061936677782697, 28.512300025692749 ], [ 77.06207376794859, 28.512329756614712 ], [ 77.062593675917682, 28.512442511223387 ], [ 77.062622128327092, 28.512448681598944 ], [ 77.062834809119636, 28.512480772147928 ], [ 77.063307140064154, 28.512552042200809 ], [ 77.063571890585848, 28.512591987740947 ], [ 77.063666638051842, 28.512606284192895 ], [ 77.063817003072657, 28.512628970984576 ], [ 77.063992155962239, 28.512655398326839 ], [ 77.064331264406931, 28.512696029750892 ], [ 77.064675705665977, 28.512607777324888 ], [ 77.065358670103052, 28.51249976453299 ], [ 77.065577641882172, 28.512460283401008 ], [ 77.065598168721635, 28.512456582053879 ], [ 77.066041484673278, 28.512376650866152 ], [ 77.066126982467097, 28.512376359189162 ], [ 77.066468390506913, 28.512314799057972 ], [ 77.066724444765768, 28.512268631364272 ], [ 77.066947412312388, 28.512229593470583 ], [ 77.067362539414106, 28.512156911381876 ], [ 77.067384846980374, 28.512209097969265 ], [ 77.067407270819515, 28.512315942929607 ], [ 77.067475546755944, 28.512609872328081 ], [ 77.067483993631086, 28.512646237992659 ], [ 77.067570253529411, 28.512867002559119 ], [ 77.067573807166397, 28.51287708625425 ], [ 77.067593235610985, 28.512932226665232 ], [ 77.067634106100726, 28.513048214802488 ], [ 77.067890851528063, 28.513324711937734 ], [ 77.067973507981222, 28.513425976444537 ], [ 77.068053293801086, 28.513522626724175 ], [ 77.068281663631623, 28.513799264506645 ], [ 77.068429722046432, 28.513986691549629 ], [ 77.068552344032142, 28.514127152829314 ], [ 77.068744578267726, 28.514333905241788 ], [ 77.068874597813249, 28.514504107415377 ], [ 77.068908235258121, 28.514548139019098 ], [ 77.068968005955782, 28.514621203228369 ], [ 77.069059724396467, 28.514733318530077 ], [ 77.069082693568845, 28.514761396821587 ], [ 77.069214080690159, 28.514922003969744 ], [ 77.069371125413738, 28.515109070057132 ], [ 77.069513787355703, 28.515309408326591 ], [ 77.069825811843614, 28.515669729994642 ], [ 77.070147295264306, 28.516017855943847 ], [ 77.070166190536483, 28.51603713335026 ], [ 77.070314622286602, 28.516231511190149 ], [ 77.070536652950423, 28.516541979717488 ], [ 77.070583707837926, 28.516573844894967 ], [ 77.070595236930473, 28.516589382451109 ], [ 77.070735156892212, 28.516745689931291 ], [ 77.070777717645811, 28.51679244175703 ], [ 77.070785069694679, 28.516801407185067 ], [ 77.070844958660899, 28.516874428945911 ], [ 77.071199350338048, 28.517306534439765 ], [ 77.071223488444673, 28.517352802774663 ], [ 77.071364677647821, 28.51750902880357 ], [ 77.071503966385237, 28.517899832001429 ], [ 77.071506811377489, 28.517907814904756 ], [ 77.071552663714172, 28.518009853028055 ], [ 77.071755707877202, 28.518461693870155 ], [ 77.071780351646794, 28.518573603059011 ], [ 77.071790391717414, 28.518604453325825 ], [ 77.071842964291619, 28.518691934252608 ], [ 77.072001014779204, 28.519008452521856 ], [ 77.072004569301058, 28.519015570072174 ], [ 77.072023865788523, 28.519053383198045 ], [ 77.072104735110827, 28.519211855919501 ], [ 77.072132363808521, 28.51932293624176 ], [ 77.072202207233886, 28.51956776028981 ], [ 77.072260836862384, 28.519881860918947 ], [ 77.072231461628306, 28.519896121232492 ], [ 77.072174733170328, 28.519923659924938 ], [ 77.072125186087234, 28.519947713376567 ], [ 77.072210981261946, 28.520113738286806 ], [ 77.072301906742865, 28.520269335032541 ], [ 77.072324508537065, 28.520251261013428 ], [ 77.072485200450316, 28.52012276040697 ], [ 77.073185406535416, 28.519668465011421 ], [ 77.073264799705967, 28.519602716027816 ], [ 77.073325937749502, 28.519561638581514 ], [ 77.07355893116349, 28.519435459128896 ], [ 77.073884218828795, 28.519259295312981 ], [ 77.074137286524234, 28.519171132423189 ], [ 77.074178439229286, 28.519156795606293 ], [ 77.074187455299068, 28.519145479753323 ], [ 77.074194860001683, 28.519136186284449 ], [ 77.074232572525744, 28.519088854800259 ], [ 77.074381168889531, 28.519023101255176 ], [ 77.074423887135566, 28.519004198089721 ], [ 77.074580461490754, 28.518933556329742 ], [ 77.074736944839159, 28.518865790631814 ], [ 77.074947094913924, 28.518754868988601 ], [ 77.074958451452929, 28.518748875406015 ], [ 77.074970679609024, 28.518742420946424 ], [ 77.075056406115962, 28.518697172754131 ], [ 77.075018166864865, 28.518643306394463 ], [ 77.074992935253803, 28.518607760846489 ], [ 77.07496092829075, 28.518562672828033 ], [ 77.074944273533589, 28.518514620677681 ], [ 77.074842000370822, 28.51831800021829 ], [ 77.074795999825255, 28.518248000364846 ], [ 77.074760255856233, 28.518204576442468 ] ] ] ] } },
{ "type": "Feature", "properties": { "OBJECTID": 26195, "MC_Code": 12, "MC_Ward_No": "15", "MC_Name": "Gurugram", "Area": 13202820.917809069, "TotalPopul": 0, "GenPopulat": 0, "BCPopulati": 0, "SCPopulati": 0, "Notificati": "19/45/2023-6C I", "Notifica_1": "2023-12-14", "Remarks": "Updated in GIS Database", "created_us": null, "created_da": null, "last_edite": null, "last_edi_1": null, "Shape_STAr": 13.2028209178, "Shape_STLe": 23979.407141299998 }, "geometry": { "type": "MultiPolygon", "coordinates": [ [ [ [ 77.076124939684547, 28.412782997861051 ], [ 77.076136517932014, 28.412780981398434 ], [ 77.079411219344252, 28.412210512565686 ], [ 77.079463788063805, 28.41219920807799 ], [ 77.079660458223145, 28.412156915628035 ], [ 77.07992917491201, 28.412111094865445 ], [ 77.080145463329018, 28.41207421385446 ], [ 77.080342558873298, 28.412040605346906 ], [ 77.080483880206287, 28.412016689219644 ], [ 77.080561358851057, 28.41200357702316 ], [ 77.080762603241538, 28.411969519207776 ], [ 77.08082725824454, 28.411958351610171 ], [ 77.081007860681041, 28.41192715626843 ], [ 77.081024657810758, 28.411924291722524 ], [ 77.081509185141158, 28.411852555980349 ], [ 77.081540935836813, 28.41184785475297 ], [ 77.081602088344141, 28.411838740848744 ], [ 77.081707050851776, 28.41182309717837 ], [ 77.082191886910209, 28.411804958235638 ], [ 77.082322556270611, 28.411800069410106 ], [ 77.082390921934675, 28.411797511363236 ], [ 77.082399199560172, 28.411797384747285 ], [ 77.082972126815605, 28.411788619932445 ], [ 77.083075088468419, 28.411787044538237 ], [ 77.083759846851805, 28.411806819087353 ], [ 77.083845387899686, 28.411820930852045 ], [ 77.083918011401465, 28.41183291224268 ], [ 77.084441050810668, 28.411645121410022 ], [ 77.084475955240947, 28.411631370312858 ], [ 77.084993757806686, 28.411427370257766 ], [ 77.085000332744215, 28.411424779988579 ], [ 77.085120178409468, 28.411377563687804 ], [ 77.085173207521493, 28.411354289380132 ], [ 77.085798709631348, 28.411079757974356 ], [ 77.085831853114001, 28.411072252488619 ], [ 77.085835054441731, 28.411070052247862 ], [ 77.085852032885327, 28.411058384659977 ], [ 77.086136639798639, 28.410862803196697 ], [ 77.086473245814005, 28.410578378773359 ], [ 77.08652630969155, 28.410533540975042 ], [ 77.086844468120646, 28.410365570915445 ], [ 77.086904333734083, 28.410278878990685 ], [ 77.087110528187011, 28.40998028566549 ], [ 77.087127233679055, 28.409955132046047 ], [ 77.087144865029572, 28.409928583642184 ], [ 77.087259177186382, 28.409756459270952 ], [ 77.087476933814784, 28.40942857129718 ], [ 77.087632972479398, 28.409206158903409 ], [ 77.087654428132467, 28.409175576064854 ], [ 77.087810098719771, 28.408953686176257 ], [ 77.087821791999161, 28.408937018300154 ], [ 77.087809183399798, 28.40887731847025 ], [ 77.08780854098525, 28.408874276589135 ], [ 77.087780395385906, 28.40874101487945 ], [ 77.087770698168043, 28.408699403031367 ], [ 77.087749253866633, 28.408698509191463 ], [ 77.087750487023655, 28.408612679024088 ], [ 77.087751921266346, 28.408512854904249 ], [ 77.087800501260887, 28.40846442549913 ], [ 77.087936514356471, 28.408328831367704 ], [ 77.088122722826228, 28.408109510139386 ], [ 77.088388636169313, 28.407796309679256 ], [ 77.088414588905607, 28.407775607917102 ], [ 77.088602646194886, 28.407588607715084 ], [ 77.08862102737595, 28.407557297691234 ], [ 77.088704102113411, 28.407408019668004 ], [ 77.088549107115426, 28.407050364227537 ], [ 77.088499611657255, 28.406954669950846 ], [ 77.088459700525732, 28.406877506287945 ], [ 77.088372653445106, 28.406709210437057 ], [ 77.088371756005316, 28.406707474554199 ], [ 77.088301566101833, 28.406571769975056 ], [ 77.088279774468432, 28.406529638018391 ], [ 77.088255206779166, 28.406482138170386 ], [ 77.088217301950792, 28.406408852608418 ], [ 77.088214366775588, 28.406403177656266 ], [ 77.088178713820895, 28.406317900560897 ], [ 77.08811619063512, 28.40616835179474 ], [ 77.087427688449623, 28.40492845063492 ], [ 77.087362934023886, 28.404834833267603 ], [ 77.087260199308517, 28.404636578208027 ], [ 77.087221028087399, 28.404560986367866 ], [ 77.087212200551278, 28.404547714626212 ], [ 77.087133943176781, 28.404430059877328 ], [ 77.087080167360511, 28.404380907718807 ], [ 77.087069321817225, 28.404370995653775 ], [ 77.087058477278504, 28.404361082670032 ], [ 77.086993288636407, 28.404301500131677 ], [ 77.086880292245525, 28.404198220564219 ], [ 77.086702108761685, 28.404035357275031 ], [ 77.086665116474862, 28.40400154568492 ], [ 77.086564668273695, 28.403909733649364 ], [ 77.086383951575442, 28.403777735585312 ], [ 77.086332875192809, 28.403740429252988 ], [ 77.086335498805397, 28.403635862128439 ], [ 77.086338989684549, 28.403496762445236 ], [ 77.086324506278956, 28.403433898605147 ], [ 77.086282960546882, 28.40308893369874 ], [ 77.086277751999305, 28.403043688629655 ], [ 77.086251981303789, 28.40303656873408 ], [ 77.086248347939303, 28.403014211013421 ], [ 77.086246915886647, 28.403005396273471 ], [ 77.08617246886854, 28.402657326900897 ], [ 77.086043911171473, 28.402158272885366 ], [ 77.086039389264982, 28.402140718423059 ], [ 77.0860519010904, 28.402106680618616 ], [ 77.086000680899616, 28.40188860195401 ], [ 77.085959205206706, 28.401712010073783 ], [ 77.085907345081068, 28.401405514758604 ], [ 77.085995357320513, 28.401346169078323 ], [ 77.08629707597126, 28.401091203210562 ], [ 77.086360909108251, 28.401028935996095 ], [ 77.086377721434971, 28.401014080236127 ], [ 77.086383509316406, 28.401009479821543 ], [ 77.086428651696096, 28.400973595724896 ], [ 77.086580699732579, 28.400852735479045 ], [ 77.086624149854316, 28.400818197385771 ], [ 77.086771169238318, 28.400701332889046 ], [ 77.086782116127011, 28.400689675551785 ], [ 77.086974959712293, 28.400484232665612 ], [ 77.087152685461675, 28.400294893520787 ], [ 77.087160669326735, 28.40028638744754 ], [ 77.087268157594394, 28.400186370588806 ], [ 77.08744338334148, 28.400023324994851 ], [ 77.087466360396093, 28.40000291541244 ], [ 77.087505557229434, 28.399968101170355 ], [ 77.087512687634486, 28.399961766574396 ], [ 77.087512706871024, 28.399905181926865 ], [ 77.087570684152126, 28.399841876022716 ], [ 77.087583030039355, 28.399832513503288 ], [ 77.087710760399659, 28.399735655528517 ], [ 77.087722203307024, 28.399726978186742 ], [ 77.087915275773383, 28.399580845413457 ], [ 77.088037109237234, 28.399497518016698 ], [ 77.088421962138924, 28.399231946353215 ], [ 77.088784391245767, 28.399208360548428 ], [ 77.088824945779464, 28.399205545784945 ], [ 77.089108981353831, 28.399185833427513 ], [ 77.089061707363882, 28.399126824237527 ], [ 77.089061431190643, 28.399126479266243 ], [ 77.089029074534864, 28.399086091231954 ], [ 77.089017360413706, 28.399071469746403 ], [ 77.089007580490843, 28.399059261239778 ], [ 77.089000925791453, 28.399035949244119 ], [ 77.088975742749014, 28.398998299856629 ], [ 77.088984912005145, 28.398995819415262 ], [ 77.088959887476406, 28.398953089187536 ], [ 77.088954592615806, 28.398944005279091 ], [ 77.088893566418761, 28.398839298304615 ], [ 77.088708551936975, 28.398521858266676 ], [ 77.088613554444578, 28.398339195115678 ], [ 77.088585425213722, 28.39829522928477 ], [ 77.088383941792088, 28.397980306184223 ], [ 77.088266810560725, 28.397814968841079 ], [ 77.08822174655063, 28.397751358643312 ], [ 77.088171114923256, 28.397679888637899 ], [ 77.088038791645019, 28.397439033811207 ], [ 77.087998598449943, 28.397377238357034 ], [ 77.0878881179096, 28.39720737806028 ], [ 77.087861843054284, 28.397166982179908 ], [ 77.087701113546473, 28.396919867042715 ], [ 77.087686796687208, 28.396897854495762 ], [ 77.08761746923669, 28.396788756036294 ], [ 77.087537373822229, 28.396742417502722 ], [ 77.087487829485383, 28.396651663618346 ], [ 77.087414034778575, 28.396484880594791 ], [ 77.087289071139907, 28.396169209464237 ], [ 77.087267705454593, 28.396119250926301 ], [ 77.087216245262866, 28.395998924780546 ], [ 77.08717170459029, 28.395894779027277 ], [ 77.087144817085047, 28.395895306596081 ], [ 77.087136455235651, 28.395877899432278 ], [ 77.087112719648005, 28.395828484302253 ], [ 77.086991074537309, 28.395522097637468 ], [ 77.086979485870586, 28.395492910136511 ], [ 77.086834184446602, 28.395126932033197 ], [ 77.086829812422565, 28.395115920004255 ], [ 77.086716403114266, 28.39483026908243 ], [ 77.086692263246064, 28.394769467913825 ], [ 77.086671808845168, 28.394769215539228 ], [ 77.086660992705205, 28.39476908168082 ], [ 77.086651126419966, 28.394737275308639 ], [ 77.086539179530405, 28.394376376678022 ], [ 77.086411843071744, 28.393966290285512 ], [ 77.086331801728136, 28.393744952392925 ], [ 77.086293907216685, 28.393640923713942 ], [ 77.086285251508102, 28.393613030287572 ], [ 77.086248529902349, 28.393494694044392 ], [ 77.086232340419201, 28.393442523750981 ], [ 77.086221303783617, 28.393406956227711 ], [ 77.086216881008596, 28.393397148680972 ], [ 77.08618769978159, 28.393257680327146 ], [ 77.085804676265994, 28.392603340279543 ], [ 77.085772885635322, 28.392603511313219 ], [ 77.085724262034532, 28.392603773185535 ], [ 77.085721863364526, 28.392598943555651 ], [ 77.085701295400241, 28.392557542980274 ], [ 77.085688273883065, 28.392531330660546 ], [ 77.085625600171099, 28.392405172123784 ], [ 77.085609354897215, 28.392379568616267 ], [ 77.08556729142397, 28.392313276545728 ], [ 77.085557287812549, 28.392297511404379 ], [ 77.085483856361279, 28.392181780823968 ], [ 77.085462922588704, 28.39214878756901 ], [ 77.085452207271274, 28.392131901771386 ], [ 77.08544685011509, 28.392123458413312 ], [ 77.08544149193969, 28.392115015070623 ], [ 77.085263808454286, 28.391834982058963 ], [ 77.085261416277319, 28.391831211676532 ], [ 77.085240592050198, 28.39174214929259 ], [ 77.085217409249211, 28.391643004078723 ], [ 77.085262759733169, 28.391607600932488 ], [ 77.085228442177112, 28.391516995473911 ], [ 77.08521129690682, 28.391471729980811 ], [ 77.085167343211083, 28.391220193821699 ], [ 77.085122979480843, 28.390966307878088 ], [ 77.085116116807711, 28.390927032648449 ], [ 77.085070727662242, 28.390706965243012 ], [ 77.085064215810092, 28.390675392498249 ], [ 77.085031141505553, 28.39051503624232 ], [ 77.085027511564547, 28.390258238304835 ], [ 77.085023023830516, 28.389940778669331 ], [ 77.085012380596908, 28.389668221171181 ], [ 77.084882446713877, 28.386689359439284 ], [ 77.084868259130076, 28.386562428396918 ], [ 77.084827032991086, 28.38632255087818 ], [ 77.084825720294944, 28.386314911830514 ], [ 77.084811049372632, 28.386229544050767 ], [ 77.084773086848813, 28.386017730134981 ], [ 77.084726698502081, 28.385770095558758 ], [ 77.084671068999924, 28.385473124764687 ], [ 77.084666354701454, 28.385445263789258 ], [ 77.084647473362622, 28.385333679487001 ], [ 77.084629129751391, 28.385225274047517 ], [ 77.084601387717143, 28.385061326650494 ], [ 77.084565629023189, 28.384928565292782 ], [ 77.084519195670367, 28.38475617095613 ], [ 77.08447835944753, 28.384604554166447 ], [ 77.08443451640008, 28.384441775284891 ], [ 77.084419108404632, 28.384384567489096 ], [ 77.084408319342472, 28.384332203209304 ], [ 77.084367824725632, 28.384135861603323 ], [ 77.084306824552414, 28.383840101544681 ], [ 77.084237059716457, 28.383591155880303 ], [ 77.084217730274432, 28.383522181851177 ], [ 77.084194541027131, 28.383295636324299 ], [ 77.084190163847111, 28.383046154898693 ], [ 77.084189752012463, 28.383022701913919 ], [ 77.084188422030579, 28.382946886993995 ], [ 77.08418496306939, 28.382749767491884 ], [ 77.084168097035956, 28.382598854886979 ], [ 77.08415717255042, 28.382501105348542 ], [ 77.084129650899939, 28.382254860980158 ], [ 77.084124033542579, 28.38220460031425 ], [ 77.084080637938499, 28.381956208442979 ], [ 77.084036725614851, 28.381704860227909 ], [ 77.084028871430277, 28.381659899883861 ], [ 77.084019077120942, 28.381599366686963 ], [ 77.084005883579451, 28.381411304948056 ], [ 77.083985060808757, 28.381114498610547 ], [ 77.083960614817428, 28.380866298617445 ], [ 77.083952325573762, 28.3807821314936 ], [ 77.083943398485374, 28.380691486228493 ], [ 77.083942395302032, 28.3806846401047 ], [ 77.083912543018315, 28.380480941861492 ], [ 77.083892575271975, 28.3803213707228 ], [ 77.083872449250308, 28.380160536901904 ], [ 77.083855505432908, 28.380024268703508 ], [ 77.083831404452496, 28.379874128057605 ], [ 77.083815728055001, 28.37977647458013 ], [ 77.083768049505025, 28.379479462576931 ], [ 77.083732972733202, 28.379231599208531 ], [ 77.083715851617683, 28.379110610465482 ], [ 77.083701825195192, 28.379011491570736 ], [ 77.083707125096993, 28.378934294757691 ], [ 77.083714964618409, 28.378774401111059 ], [ 77.083764105388994, 28.378762036277024 ], [ 77.083764124217169, 28.378760442438509 ], [ 77.08373493988033, 28.378745557871074 ], [ 77.08372996159396, 28.378712928326042 ], [ 77.083725923016232, 28.378686457386515 ], [ 77.083698394878894, 28.378506018537166 ], [ 77.083682406766357, 28.378401220461075 ], [ 77.083631841031632, 28.378141621513311 ], [ 77.08362151036259, 28.378088583244043 ], [ 77.083787647330894, 28.377982284680382 ], [ 77.083847712219765, 28.377943853489235 ], [ 77.084171630378606, 28.377736600857876 ], [ 77.084258366728974, 28.377681104104056 ], [ 77.084369486907875, 28.377593865857417 ], [ 77.084734227308445, 28.377307514544302 ], [ 77.084642430559995, 28.377047741094003 ], [ 77.084598108688553, 28.37692231489579 ], [ 77.084565218126613, 28.376829238993206 ], [ 77.084558408484142, 28.376809969720895 ], [ 77.084542424935947, 28.376764737619439 ], [ 77.084685091181001, 28.376668204147357 ], [ 77.084819883972571, 28.376576997572247 ], [ 77.084886440228971, 28.3764231814712 ], [ 77.085027706712154, 28.376096703344466 ], [ 77.08480811293181, 28.375926539874822 ], [ 77.084594692778296, 28.375767299263313 ], [ 77.084121384217838, 28.375491395912046 ], [ 77.083847055270766, 28.375331480423345 ], [ 77.083798997728238, 28.37530346562037 ], [ 77.083651888493947, 28.375335877371743 ], [ 77.083435058851279, 28.375383649227309 ], [ 77.083283631911911, 28.375417011817106 ], [ 77.08321863026525, 28.375431332498323 ], [ 77.083195227392139, 28.375417321281695 ], [ 77.082748581556899, 28.375149914202613 ], [ 77.082715417166682, 28.37513005869727 ], [ 77.082643704420278, 28.375094933589999 ], [ 77.082643769828806, 28.375095513704277 ], [ 77.082593638488035, 28.375058881122484 ], [ 77.082328234202038, 28.374910210987441 ], [ 77.082317459850614, 28.37490417559497 ], [ 77.082248872278456, 28.374865754944793 ], [ 77.081426434384298, 28.375244579282572 ], [ 77.081339515801673, 28.37528461431874 ], [ 77.08128891572332, 28.375064138808042 ], [ 77.081273327353927, 28.374996215098395 ], [ 77.081279764291409, 28.374764353208938 ], [ 77.08128107522559, 28.374717117642131 ], [ 77.080817972829848, 28.374459299136003 ], [ 77.080716191094979, 28.374379044456028 ], [ 77.079889210871087, 28.373605020869274 ], [ 77.079447253995397, 28.373939878791383 ], [ 77.079243139919456, 28.374075398542484 ], [ 77.078767151021026, 28.374431547663391 ], [ 77.078662629665345, 28.374522895634566 ], [ 77.078114345592653, 28.374327367966501 ], [ 77.077490990349915, 28.374094677767623 ], [ 77.077033636004245, 28.374247583317011 ], [ 77.075778642158738, 28.374791920318017 ], [ 77.075774743085447, 28.374793612076122 ], [ 77.074164859048594, 28.375491852941995 ], [ 77.074172724160547, 28.375495941787999 ], [ 77.07405650237574, 28.375540829067212 ], [ 77.074014819006166, 28.375556927212866 ], [ 77.074014729917621, 28.375556962858408 ], [ 77.073791000471587, 28.375654000119464 ], [ 77.073137736135763, 28.375939006944925 ], [ 77.073129453589488, 28.375942620567251 ], [ 77.072716000189004, 28.376123000255244 ], [ 77.072262396533816, 28.376376759751988 ], [ 77.071557566621905, 28.376771057981873 ], [ 77.071555151397376, 28.376772409434071 ], [ 77.071395000136306, 28.376862000037967 ], [ 77.069324992285175, 28.378080549922533 ], [ 77.069258106238038, 28.378119923101586 ], [ 77.069244354973037, 28.378128017633792 ], [ 77.069117828538964, 28.378202497599222 ], [ 77.069083000442717, 28.378223000153632 ], [ 77.067925422894177, 28.379793567128981 ], [ 77.067865132391816, 28.37987536575395 ], [ 77.067669393182086, 28.380140932789864 ], [ 77.067657738510789, 28.380150144954253 ], [ 77.067639145054244, 28.38016483956056 ], [ 77.067509945605963, 28.38026695995076 ], [ 77.067482787421554, 28.380250139819029 ], [ 77.06748171135068, 28.380249473968544 ], [ 77.067448259854473, 28.380228756412475 ], [ 77.067334650760827, 28.380422932947923 ], [ 77.067293525018769, 28.38049322424769 ], [ 77.067149563739292, 28.380739277418314 ], [ 77.067145657897427, 28.380745950947041 ], [ 77.067140987736636, 28.380753933659751 ], [ 77.06712493492256, 28.380781369708767 ], [ 77.067053823510534, 28.380902908594628 ], [ 77.067024234133896, 28.380953481573236 ], [ 77.067015965275758, 28.38096761519558 ], [ 77.066995118777115, 28.381003245160301 ], [ 77.066988209979755, 28.381019587865747 ], [ 77.06698130218291, 28.381035929653358 ], [ 77.066948953117716, 28.381112450205674 ], [ 77.066928395459698, 28.381161079620981 ], [ 77.066826775634453, 28.381401463062691 ], [ 77.066821302803618, 28.381414409166613 ], [ 77.066805135020644, 28.38145265443573 ], [ 77.066771506819876, 28.381532202809531 ], [ 77.066751676782914, 28.381579111199621 ], [ 77.066746398081492, 28.381591598666414 ], [ 77.066688315544326, 28.381728991724628 ], [ 77.066609324248972, 28.381758629556614 ], [ 77.066468741883241, 28.381811376998535 ], [ 77.066318239200413, 28.382038768641433 ], [ 77.066299467488747, 28.382067131955917 ], [ 77.066284561684654, 28.382089651631819 ], [ 77.066269656894463, 28.382112171290853 ], [ 77.066269877026798, 28.382113683909047 ], [ 77.066422849720979, 28.382652865237013 ], [ 77.066427786813392, 28.382670266262075 ], [ 77.066557436728104, 28.383196882101508 ], [ 77.066562100791927, 28.383215827580798 ], [ 77.066585744129114, 28.383296117804946 ], [ 77.066584908632834, 28.383379872645307 ], [ 77.066584437148691, 28.383427159596973 ], [ 77.066583708083229, 28.383500199159151 ], [ 77.066553307019177, 28.383514913043811 ], [ 77.066375671613756, 28.383600886004913 ], [ 77.066389337410868, 28.383647944075744 ], [ 77.066390623204796, 28.383652372280402 ], [ 77.066390723731104, 28.383652715455192 ], [ 77.066400796814847, 28.383675566398253 ], [ 77.066425170000983, 28.383706473213927 ], [ 77.066354025401239, 28.383760091119044 ], [ 77.066289027347196, 28.38381708260653 ], [ 77.066285254050555, 28.383820391928268 ], [ 77.065698575708197, 28.384200226065889 ], [ 77.065644972696887, 28.384234930449434 ], [ 77.065644486984851, 28.38423524461534 ], [ 77.065644097004665, 28.384235496871817 ], [ 77.065683717866179, 28.384302600696046 ], [ 77.065714246051115, 28.384347208610862 ], [ 77.065954054705301, 28.384697615499402 ], [ 77.066016078737931, 28.384788245832944 ], [ 77.066040641261665, 28.384849006962853 ], [ 77.066067471706077, 28.384915380627952 ], [ 77.066107356229665, 28.384971849659411 ], [ 77.066266498141587, 28.385197162272039 ], [ 77.066274341627121, 28.385208266790297 ], [ 77.066275797568622, 28.385210681966775 ], [ 77.06638718767131, 28.38539537281871 ], [ 77.066418329202321, 28.385446477221841 ], [ 77.06661061507576, 28.385762024676719 ], [ 77.066673151547093, 28.385864648199441 ], [ 77.066708517416288, 28.38592268438941 ], [ 77.066716917016407, 28.385941674239827 ], [ 77.066745459299767, 28.386006205323927 ], [ 77.066848418127378, 28.386238979281337 ], [ 77.0669437921906, 28.38644509536454 ], [ 77.067069483490826, 28.386739971617295 ], [ 77.067149019014593, 28.386926559977585 ], [ 77.067171229653582, 28.38701518334452 ], [ 77.06730515172886, 28.387465806204816 ], [ 77.067402330782443, 28.387849834236142 ], [ 77.067404601857703, 28.387858810677091 ], [ 77.067432388019824, 28.387968608820024 ], [ 77.067440798051209, 28.388001842114775 ], [ 77.067442990650903, 28.388010507531167 ], [ 77.067495045400122, 28.388555501003889 ], [ 77.067522729500908, 28.388987860704162 ], [ 77.067529944218336, 28.389100551781038 ], [ 77.067531080332742, 28.389118290158947 ], [ 77.067533691262511, 28.389159073030012 ], [ 77.067537278465124, 28.389215089062333 ], [ 77.067545519524032, 28.389343802997463 ], [ 77.067551823132732, 28.389442248896362 ], [ 77.067558135751284, 28.389540842642603 ], [ 77.067562576051955, 28.389597647913831 ], [ 77.067570921036491, 28.389659849545978 ], [ 77.067578839012882, 28.389718871446281 ], [ 77.067608346529497, 28.389886871378231 ], [ 77.067611212095244, 28.389903183046485 ], [ 77.067556887684546, 28.389918125005178 ], [ 77.066981956159182, 28.390076260988742 ], [ 77.066964745206576, 28.3900809951399 ], [ 77.06687113997755, 28.390106741254744 ], [ 77.066827021945173, 28.390118875129971 ], [ 77.066553147319354, 28.390194202988624 ], [ 77.066325342327161, 28.390262018637529 ], [ 77.066295867992977, 28.390270792704101 ], [ 77.066185331421707, 28.390307766037882 ], [ 77.065609814015147, 28.390500267819295 ], [ 77.065499416881764, 28.390529881600024 ], [ 77.06493915895345, 28.390680165360049 ], [ 77.064923709819169, 28.390684309479941 ], [ 77.064813638836441, 28.390723294141882 ], [ 77.064651808172911, 28.390780611420197 ], [ 77.064580220513292, 28.390805966298508 ], [ 77.064501900181369, 28.390809840665138 ], [ 77.064237555229951, 28.390822916756299 ], [ 77.064128206404618, 28.390845005967591 ], [ 77.063551398653061, 28.390961521566517 ], [ 77.063442679244957, 28.390985882757118 ], [ 77.063107875559126, 28.391060901483698 ], [ 77.062865254766422, 28.391115265211873 ], [ 77.062798155551391, 28.391133262870575 ], [ 77.062757066035076, 28.391144283908048 ], [ 77.062179141011427, 28.391299293477054 ], [ 77.06207130040994, 28.391332979669702 ], [ 77.061939883941292, 28.391374030384416 ], [ 77.06189715051282, 28.391387378866881 ], [ 77.061525433539629, 28.391503491821673 ], [ 77.061493054755474, 28.391513605519446 ], [ 77.061385419518956, 28.391544850811886 ], [ 77.060806951109797, 28.39171277112148 ], [ 77.060749478836399, 28.39173072229492 ], [ 77.060699587307454, 28.3917463064695 ], [ 77.060120859004286, 28.39192707561568 ], [ 77.060013653586708, 28.391967662662246 ], [ 77.059794113700733, 28.39205077924839 ], [ 77.05943480975256, 28.392186808836293 ], [ 77.05932757252782, 28.392218495899851 ], [ 77.059074112060159, 28.39229339032239 ], [ 77.058959478771754, 28.392299326477588 ], [ 77.058748621462627, 28.39231024617289 ], [ 77.058471620645491, 28.392312194183926 ], [ 77.058422751299318, 28.392312538436411 ], [ 77.058405470817263, 28.392312659733893 ], [ 77.058388399104814, 28.392402306994494 ], [ 77.058372627762793, 28.392452796685674 ], [ 77.058341276344521, 28.392553167691347 ], [ 77.058336135217814, 28.392569628574961 ], [ 77.058323766620418, 28.392609225021396 ], [ 77.058320859740419, 28.392618533447603 ], [ 77.058310286228846, 28.392652383628143 ], [ 77.058308538242301, 28.392657980292196 ], [ 77.058308833820135, 28.392697985416543 ], [ 77.058296986823933, 28.392739492388323 ], [ 77.058217359898762, 28.392948048258592 ], [ 77.058208272067517, 28.392994887963408 ], [ 77.058111519356984, 28.393493572015501 ], [ 77.058098850893813, 28.393539521053984 ], [ 77.057961067347591, 28.394039243723718 ], [ 77.057960891190447, 28.394084043878628 ], [ 77.057960274586534, 28.394240445126851 ], [ 77.05796005358232, 28.394296601213355 ], [ 77.057959994859942, 28.394311463913322 ], [ 77.057772087993882, 28.394380679603696 ], [ 77.057378169091521, 28.394525778736231 ], [ 77.057034992982281, 28.394511774713727 ], [ 77.056691815885898, 28.394497769836679 ], [ 77.056640341051434, 28.394497940777885 ], [ 77.056005496698404, 28.394471354117993 ], [ 77.055989157463387, 28.394470669544891 ], [ 77.055990551390309, 28.394480871306307 ], [ 77.056005579178233, 28.394590907073933 ], [ 77.056010438842378, 28.394621580628325 ], [ 77.056048738231013, 28.394863350298266 ], [ 77.05609189855285, 28.395135792569747 ], [ 77.05609805995735, 28.395166973441061 ], [ 77.056127150325665, 28.395314193254254 ], [ 77.056134302525251, 28.395350390706746 ], [ 77.056006341827867, 28.395378375380286 ], [ 77.055887485734587, 28.395422493799011 ], [ 77.0553619437311, 28.395617566960603 ], [ 77.055183037087602, 28.395683973302642 ], [ 77.055170744497346, 28.395684014427225 ], [ 77.055148720462284, 28.39568408689998 ], [ 77.055097952272433, 28.395708162692777 ], [ 77.055063561429336, 28.395724471995425 ], [ 77.054634201777901, 28.395928086455257 ], [ 77.054428388996214, 28.396019627767359 ], [ 77.054066492107694, 28.39612805367495 ], [ 77.0540552250567, 28.396131429686513 ], [ 77.053989314015197, 28.396151176565606 ], [ 77.054033947266362, 28.39623294098417 ], [ 77.054043666226761, 28.396249136094784 ], [ 77.054044642546842, 28.396250762757937 ], [ 77.053903000278694, 28.396312999616303 ], [ 77.053731032980991, 28.396365506926461 ], [ 77.053542346773341, 28.396423119006371 ], [ 77.053283999538579, 28.396502000251971 ], [ 77.053178000238702, 28.396567999627937 ], [ 77.051751999864038, 28.396597999989652 ], [ 77.051752000444552, 28.398495000397336 ], [ 77.048072999992911, 28.398456000168924 ], [ 77.048144000190931, 28.397878999810857 ], [ 77.046762000193411, 28.397917999773938 ], [ 77.046753000425596, 28.398412999871883 ], [ 77.046162999815834, 28.398444000025023 ], [ 77.045732000377328, 28.398375000023638 ], [ 77.044933999857264, 28.401348999944119 ], [ 77.046368000108444, 28.401804999828258 ], [ 77.047617999704187, 28.402187999874155 ], [ 77.048407000087849, 28.402434000247158 ], [ 77.049689000196182, 28.402896999561044 ], [ 77.051165000159429, 28.403574999745477 ], [ 77.051346673306782, 28.403654579610038 ], [ 77.051632999744953, 28.403780000405668 ], [ 77.05266799975665, 28.40417399978806 ], [ 77.054904999973317, 28.405020000095423 ], [ 77.054905669001812, 28.405115084814692 ], [ 77.054885187933863, 28.40511572958539 ], [ 77.054880215338912, 28.405824068551876 ], [ 77.054870548856556, 28.407201328985636 ], [ 77.054186247516711, 28.407206946407015 ], [ 77.054182422783143, 28.407751432616774 ], [ 77.054159404483912, 28.407872880612867 ], [ 77.053655000437587, 28.407864000082036 ], [ 77.05365600037689, 28.408471000086621 ], [ 77.052584999976787, 28.408504000271588 ], [ 77.052581999928378, 28.408346000446656 ], [ 77.052383999848118, 28.4083410003587 ], [ 77.052017000493066, 28.408348000273865 ], [ 77.051423999607806, 28.408356999649538 ], [ 77.051424000293807, 28.408385999587715 ], [ 77.051422999505476, 28.408435000017501 ], [ 77.051412999601197, 28.409381000307995 ], [ 77.051418000289047, 28.409662999904931 ], [ 77.051418999558905, 28.409740999912209 ], [ 77.051418999840166, 28.409922999862303 ], [ 77.051419000077132, 28.410132000128261 ], [ 77.052282999988066, 28.410116999883762 ], [ 77.052283999900268, 28.410025000392647 ], [ 77.05279790345098, 28.410023174908567 ], [ 77.05279478598726, 28.41046634113615 ], [ 77.052790955115768, 28.411010827437593 ], [ 77.052845743659816, 28.411011128353984 ], [ 77.052845000333377, 28.411099999993937 ], [ 77.053475682794328, 28.411099061958041 ], [ 77.053473112444124, 28.411313784758004 ], [ 77.053472395402267, 28.411415732925338 ], [ 77.053471388080538, 28.411559073831274 ], [ 77.053470175484705, 28.411559067757764 ], [ 77.053469983405108, 28.411575189439699 ], [ 77.052786897161738, 28.411587502366793 ], [ 77.052783489538285, 28.411738994380254 ], [ 77.052768156911611, 28.412174708963416 ], [ 77.0527682018772, 28.412966341659367 ], [ 77.052768203343774, 28.412984089175595 ], [ 77.052768235882752, 28.413552422267053 ], [ 77.052768242755306, 28.413673619396214 ], [ 77.052772211679724, 28.41372783445393 ], [ 77.052773302475771, 28.413742741168249 ], [ 77.052497274944074, 28.413742307424592 ], [ 77.05196094192965, 28.413741460252684 ], [ 77.051637917185943, 28.413740002429208 ], [ 77.051414642821655, 28.413738993428158 ], [ 77.051414906648247, 28.413710589590782 ], [ 77.051387808298685, 28.413710393355998 ], [ 77.051342602508043, 28.413710064811507 ], [ 77.051343534989073, 28.413371730273756 ], [ 77.051344110296, 28.413162792702721 ], [ 77.051322691056498, 28.41222217327828 ], [ 77.051029040967592, 28.412221877416236 ], [ 77.050613293583211, 28.412221454751322 ], [ 77.050310344392528, 28.412221146711758 ], [ 77.049955679698272, 28.412220784756538 ], [ 77.049808842312672, 28.412220635162711 ], [ 77.049672967509764, 28.412220495418097 ], [ 77.049269937992989, 28.412220082903787 ], [ 77.048385939974125, 28.412222348123148 ], [ 77.047723373153175, 28.412224042863365 ], [ 77.047465809430946, 28.412223475337019 ], [ 77.046970750045915, 28.412222382683538 ], [ 77.046876429104927, 28.412222174800107 ], [ 77.046795346064357, 28.412221995219671 ], [ 77.04669753344352, 28.412221779250004 ], [ 77.046679192245065, 28.412221739162661 ], [ 77.046660851029117, 28.412221698170747 ], [ 77.04665105578654, 28.412221676687214 ], [ 77.046588656885731, 28.412221538235425 ], [ 77.046489866478296, 28.412221320572993 ], [ 77.046280080600724, 28.412220856430942 ], [ 77.046229588685165, 28.412220744579898 ], [ 77.046048423019784, 28.412220342590665 ], [ 77.04601391154192, 28.4122202666086 ], [ 77.045312654510155, 28.412218711379335 ], [ 77.044899520825879, 28.412217793423093 ], [ 77.044765285945914, 28.412217495102304 ], [ 77.044590532965074, 28.412217105843165 ], [ 77.044511480955123, 28.412216929589249 ], [ 77.044327940104523, 28.412216521272704 ], [ 77.044286934137233, 28.412216429581239 ], [ 77.044114869543975, 28.412216046263854 ], [ 77.043868411171914, 28.412215495571221 ], [ 77.043867970871844, 28.412182207845962 ], [ 77.043866976538411, 28.412106947093452 ], [ 77.043788999801379, 28.412105999901176 ], [ 77.043747375701059, 28.412096624832841 ], [ 77.043596660270495, 28.412087621358552 ], [ 77.043498623795003, 28.412079201292062 ], [ 77.043132590546506, 28.412020170978852 ], [ 77.043050234385746, 28.41200688886526 ], [ 77.042801523469649, 28.411972605546435 ], [ 77.042800984023003, 28.411975660005687 ], [ 77.042800973228353, 28.411975523009051 ], [ 77.042798202459309, 28.411974948273446 ], [ 77.042782361800761, 28.411971665860097 ], [ 77.042757819505539, 28.411966581158126 ], [ 77.042412765189781, 28.411895082919056 ], [ 77.041999161859962, 28.411810283417164 ], [ 77.041538999661981, 28.413403000397071 ], [ 77.041404000095937, 28.413869999839079 ], [ 77.040918000112825, 28.415524999751568 ], [ 77.040411999598064, 28.417195999877684 ], [ 77.040925999995395, 28.417368999923962 ], [ 77.040941999700294, 28.417374999850129 ], [ 77.041750000070849, 28.417657000422757 ], [ 77.042682000477285, 28.417981999666655 ], [ 77.042897000429193, 28.418063000185516 ], [ 77.043637000036995, 28.418324000254938 ], [ 77.043991000003842, 28.418448999984214 ], [ 77.044241999608005, 28.418538000343212 ], [ 77.044289999770186, 28.418555999788968 ], [ 77.04444399995414, 28.418610000329291 ], [ 77.04362002991698, 28.418983504405055 ], [ 77.042271000040529, 28.41959500023151 ], [ 77.042292999990792, 28.419631000001843 ], [ 77.042807999707875, 28.420464000092867 ], [ 77.044634999591651, 28.419567000197727 ], [ 77.045084000501959, 28.419346999830083 ], [ 77.04470199972468, 28.418700999870868 ], [ 77.045351999544309, 28.418924000268479 ], [ 77.045913999664137, 28.419092000419703 ], [ 77.045903999747125, 28.419716999844379 ], [ 77.04712999983434, 28.419700999565535 ], [ 77.047939000464339, 28.4196910002794 ], [ 77.047908999902148, 28.420295000164892 ], [ 77.049561000374041, 28.420305999955023 ], [ 77.049570000260886, 28.420205999776584 ], [ 77.049582999943979, 28.420052000125011 ], [ 77.049604000201555, 28.419806000284691 ], [ 77.04997999968478, 28.419811000267988 ], [ 77.04998199983747, 28.418676999902623 ], [ 77.05064700049536, 28.418679999704004 ], [ 77.050658000291236, 28.41967000002003 ], [ 77.05132700016334, 28.419670999560083 ], [ 77.051308000413655, 28.420450999690203 ], [ 77.051304999910741, 28.420605000311657 ], [ 77.051303999654479, 28.420733999899248 ], [ 77.051316999676814, 28.420738999743286 ], [ 77.052030999681818, 28.42114099995354 ], [ 77.052014000496058, 28.421056999708636 ], [ 77.052023000106047, 28.420977000169625 ], [ 77.052090000269473, 28.420801999708669 ], [ 77.052434999756542, 28.420080000265258 ], [ 77.052549999535515, 28.419822999779406 ], [ 77.05288099954933, 28.419852999592152 ], [ 77.052891000001239, 28.420333999880121 ], [ 77.053628999534411, 28.420352999573119 ], [ 77.053627999500591, 28.419823000246243 ], [ 77.056263000279287, 28.419816000078264 ], [ 77.056295999604757, 28.420140999640683 ], [ 77.055437999583447, 28.420137000026152 ], [ 77.055434000115596, 28.420383999616838 ], [ 77.054650000315661, 28.420388000412789 ], [ 77.054631000152142, 28.421473000381162 ], [ 77.054634000514966, 28.421713000322931 ], [ 77.055538999698513, 28.421728000106448 ], [ 77.055540000315702, 28.422263999586097 ], [ 77.056124000146838, 28.42227499968509 ], [ 77.056116000103785, 28.422765000340192 ], [ 77.056218000078488, 28.42277700013733 ], [ 77.056218000291494, 28.422805999981165 ], [ 77.056470000385389, 28.422813000148594 ], [ 77.056469999866081, 28.422871999653065 ], [ 77.056760999853523, 28.422873000394919 ], [ 77.056757000388927, 28.422949000207932 ], [ 77.057644913847696, 28.422963578723135 ], [ 77.058158000350275, 28.422972000085721 ], [ 77.05817599980179, 28.421555999685378 ], [ 77.058802999546145, 28.421568000311229 ], [ 77.058815999739736, 28.420984000107119 ], [ 77.05887200042973, 28.420559000091949 ], [ 77.058869000360573, 28.420435999678972 ], [ 77.059550000329338, 28.420440000248878 ], [ 77.059545999607693, 28.420614000162001 ], [ 77.059655000089663, 28.420614000309996 ], [ 77.060255000041749, 28.420620999705918 ], [ 77.060248999679658, 28.42072699967893 ], [ 77.060233999495694, 28.421003000177702 ], [ 77.060915999862416, 28.421016000345208 ], [ 77.06091199968462, 28.419318000143058 ], [ 77.061209000256639, 28.419319999928049 ], [ 77.061210000134679, 28.419340999678074 ], [ 77.06157400014115, 28.419334999864422 ], [ 77.061571000426923, 28.419401000049437 ], [ 77.062313000176275, 28.419397000405549 ], [ 77.062303000025807, 28.420870000103157 ], [ 77.061598000336545, 28.420869000083783 ], [ 77.061593000126365, 28.421545999780573 ], [ 77.062313999603077, 28.421556999832895 ], [ 77.062323999623942, 28.421852000447291 ], [ 77.062935000377692, 28.421365999786897 ], [ 77.065430999845205, 28.419454000055392 ], [ 77.065041000461335, 28.419461000203491 ], [ 77.065057999907253, 28.418321000152108 ], [ 77.065930000129356, 28.418346999809771 ], [ 77.065941000226616, 28.418361999577339 ], [ 77.066092999525409, 28.418574999850524 ], [ 77.066490000444702, 28.41857299962281 ], [ 77.066496000113986, 28.416574000276601 ], [ 77.066845000339228, 28.416565000237661 ], [ 77.066834999810865, 28.41603199964575 ], [ 77.0665130000841, 28.416029999710965 ], [ 77.066510000058841, 28.415742000247953 ], [ 77.067179000263167, 28.415743000256654 ], [ 77.067178000501528, 28.415527999579542 ], [ 77.070605000199166, 28.415554000327933 ], [ 77.071061000489323, 28.415143999920044 ], [ 77.071199999730467, 28.414993999870994 ], [ 77.071373000286343, 28.414836000039063 ], [ 77.071704999945538, 28.414677999556709 ], [ 77.072975999924637, 28.413621000236482 ], [ 77.073374000130357, 28.413302999560013 ], [ 77.074066000048518, 28.412743999615596 ], [ 77.074555000391356, 28.41235900034221 ], [ 77.075803288286508, 28.412811804213494 ], [ 77.076075161484013, 28.412786500130249 ], [ 77.076122014198134, 28.412782139224792 ], [ 77.076124939684547, 28.412782997861051 ] ] ] ] } },
{ "type": "Feature", "properties": { "OBJECTID": 26196, "MC_Code": 12, "MC_Ward_No": "28", "MC_Name": "Gurugram", "Area": 1469930.89777149, "TotalPopul": 0, "GenPopulat": 0, "BCPopulati": 0, "SCPopulati": 0, "Notificati": "19/45/2023-6C I", "Notifica_1": "2023-12-14", "Remarks": "Updated in GIS Database", "created_us": null, "created_da": null, "last_edite": null, "last_edi_1": null, "Shape_STAr": 1.4699308977700001, "Shape_STLe": 6583.9508143700004 }, "geometry": { "type": "MultiPolygon", "coordinates": [ [ [ [ 77.012938000046475, 28.454841999579703 ], [ 77.013630999994689, 28.454368999628795 ], [ 77.013879999927497, 28.454507000237239 ], [ 77.014031000454821, 28.45441400012205 ], [ 77.014008999791059, 28.454391999634574 ], [ 77.013977999655665, 28.454368000118812 ], [ 77.01384599962978, 28.454267000414777 ], [ 77.013831000350862, 28.454140999932481 ], [ 77.01379016051402, 28.454014544649329 ], [ 77.013676064796286, 28.453741118667281 ], [ 77.013625516501946, 28.453607341797372 ], [ 77.013588851202016, 28.453510304838158 ], [ 77.013386772304457, 28.452960337920452 ], [ 77.013343886370137, 28.452854030931174 ], [ 77.013570857706327, 28.452750411242338 ], [ 77.013738591850867, 28.452671755003678 ], [ 77.01384907691218, 28.452619944196375 ], [ 77.013958847384927, 28.45256846873426 ], [ 77.01448642793612, 28.452303742324688 ], [ 77.014453202232389, 28.452229701912611 ], [ 77.014840377796588, 28.452080818104424 ], [ 77.015031145267201, 28.452007459810702 ], [ 77.015108268437658, 28.451974480980123 ], [ 77.015294475310824, 28.451894858012498 ], [ 77.015338370465628, 28.451869940390868 ], [ 77.015382216097422, 28.451845050560372 ], [ 77.015724049943699, 28.451651004223145 ], [ 77.016049827392436, 28.451469877760427 ], [ 77.016250799475969, 28.45135814067304 ], [ 77.016582147096827, 28.451173915629624 ], [ 77.017177847053489, 28.450839226071185 ], [ 77.017282899705151, 28.450780202961084 ], [ 77.017690246033993, 28.450551335386336 ], [ 77.017740875196296, 28.450516722314823 ], [ 77.017745705080742, 28.450513420211216 ], [ 77.017773252003707, 28.450543449167707 ], [ 77.01786064384811, 28.45063871275589 ], [ 77.017862827018078, 28.450641093286052 ], [ 77.018489098756817, 28.451323770438524 ], [ 77.019113989904497, 28.452004930832945 ], [ 77.019140965441835, 28.452029834423794 ], [ 77.019145865244582, 28.45202639587794 ], [ 77.019601045655733, 28.452537218317865 ], [ 77.020128836145119, 28.453121504712435 ], [ 77.020187393991151, 28.4530801884341 ], [ 77.020220032861033, 28.453075735068104 ], [ 77.021188303963854, 28.452943617954162 ], [ 77.021291585325841, 28.452929110804774 ], [ 77.021789843579114, 28.45286480609715 ], [ 77.022144941353289, 28.452818977005869 ], [ 77.023477281671205, 28.452622073360395 ], [ 77.02367089843743, 28.452594873310712 ], [ 77.023670966671062, 28.452594864174266 ], [ 77.023768957422249, 28.452581429182786 ], [ 77.024464779056188, 28.452486029585238 ], [ 77.025017162828632, 28.45241215196371 ], [ 77.026287913745605, 28.452260276960004 ], [ 77.026300672480801, 28.452258148619517 ], [ 77.026308282331911, 28.452256879329259 ], [ 77.0263061688742, 28.452216624065784 ], [ 77.026295336901953, 28.452183266382693 ], [ 77.026270913367753, 28.452108047679172 ], [ 77.026234419182856, 28.451995655605398 ], [ 77.026101890744769, 28.451703967646523 ], [ 77.025726625496617, 28.451007632874596 ], [ 77.025499958965526, 28.450595582568319 ], [ 77.025391720839181, 28.450390560145735 ], [ 77.025267345815223, 28.45015497220697 ], [ 77.025107224680994, 28.449832656271209 ], [ 77.024962216313028, 28.449452814334123 ], [ 77.024876559583078, 28.44921056493062 ], [ 77.024732798370465, 28.448754304836587 ], [ 77.024609659519044, 28.448422815593826 ], [ 77.024541313283549, 28.448238828136866 ], [ 77.024379424926408, 28.448105352754173 ], [ 77.024342547540343, 28.448111350911464 ], [ 77.024330667539544, 28.448065152679757 ], [ 77.024290000448175, 28.447907000120516 ], [ 77.02419705660725, 28.447626245658185 ], [ 77.024186426242267, 28.447594135418584 ], [ 77.024145000004069, 28.44746899974167 ], [ 77.024113999599663, 28.447395999824458 ], [ 77.023946999664176, 28.447000000232357 ], [ 77.023852999697155, 28.446853999897968 ], [ 77.023634999611929, 28.4465140002191 ], [ 77.023584999720612, 28.446436000359896 ], [ 77.023583777105202, 28.446434095615277 ], [ 77.023566543816756, 28.446407253159858 ], [ 77.023465170769683, 28.446249357171308 ], [ 77.023467394956199, 28.44622611625952 ], [ 77.023389749605627, 28.446100206984433 ], [ 77.02338116275061, 28.446086283135177 ], [ 77.022894324784204, 28.44529682760917 ], [ 77.02279287162915, 28.445117338701589 ], [ 77.022691848310487, 28.444988737407115 ], [ 77.022577429652884, 28.444843082930905 ], [ 77.022454000872941, 28.444681994750383 ], [ 77.022401511466526, 28.444615463406063 ], [ 77.022314411773991, 28.444505060270007 ], [ 77.022192425889017, 28.444350438348476 ], [ 77.022168044490428, 28.444318377099616 ], [ 77.022089972603041, 28.444215713615051 ], [ 77.021860972483296, 28.443914577282925 ], [ 77.021855807038989, 28.443907785272149 ], [ 77.021794583486383, 28.443685035711617 ], [ 77.021756999846815, 28.443555999723241 ], [ 77.021760738185364, 28.443556092154804 ], [ 77.021749406200001, 28.443511775915876 ], [ 77.02174479683147, 28.443493748447022 ], [ 77.021743169951037, 28.443487386607746 ], [ 77.021794472006249, 28.443493701425961 ], [ 77.021700000221287, 28.443171000369379 ], [ 77.021648999631054, 28.443186000237077 ], [ 77.021609445526281, 28.443099769945711 ], [ 77.02152435753662, 28.443107312046763 ], [ 77.021422325434813, 28.443157157742657 ], [ 77.021166662137063, 28.44328205779922 ], [ 77.021158294809084, 28.443286145284439 ], [ 77.021076347106856, 28.443198292345944 ], [ 77.021027204816733, 28.443145608860252 ], [ 77.019890936829114, 28.443159775134667 ], [ 77.019837408365035, 28.443160442639861 ], [ 77.019792458648823, 28.442526706584225 ], [ 77.018535999633073, 28.443188000387408 ], [ 77.017945000027225, 28.443499999864667 ], [ 77.017888999585125, 28.443528999581702 ], [ 77.017225000378971, 28.443913000063187 ], [ 77.017051000193121, 28.444054999664402 ], [ 77.016769000049052, 28.444233999875834 ], [ 77.015948999622253, 28.444539000398869 ], [ 77.015923000282896, 28.444549000357707 ], [ 77.015189000341138, 28.444822000139375 ], [ 77.015034605279197, 28.444879473006516 ], [ 77.014734999544331, 28.444991000313497 ], [ 77.01440099982149, 28.445115999636176 ], [ 77.013895000488716, 28.445304000219092 ], [ 77.013816999678369, 28.445333000063794 ], [ 77.013651000044575, 28.445419999810888 ], [ 77.013172595114497, 28.445672515358368 ], [ 77.013130239926539, 28.445694871988678 ], [ 77.013077285790004, 28.44563802971539 ], [ 77.011945857196025, 28.446226793971302 ], [ 77.01104813466354, 28.446711920201359 ], [ 77.010606221146503, 28.446940705866044 ], [ 77.010222728782708, 28.44713924403823 ], [ 77.009728198524783, 28.447383211658771 ], [ 77.009458623813273, 28.447516177252751 ], [ 77.009447854048872, 28.447521489750976 ], [ 77.009376039356795, 28.447556911738506 ], [ 77.009259486033415, 28.447614373349207 ], [ 77.008695512975578, 28.44789241579279 ], [ 77.008495873774706, 28.44799575899625 ], [ 77.0078075443611, 28.448284840798419 ], [ 77.007807113019382, 28.448256555291806 ], [ 77.007158374517473, 28.448564830312179 ], [ 77.007158903568723, 28.448592838260151 ], [ 77.006947472393307, 28.44869359383863 ], [ 77.006956374451207, 28.448731116425193 ], [ 77.006985412473668, 28.448853516243531 ], [ 77.007004488422311, 28.448854000900848 ], [ 77.007074600059923, 28.44885578181464 ], [ 77.007099928073856, 28.449225090254 ], [ 77.007771063906418, 28.449225456614624 ], [ 77.007770779253363, 28.449287172700046 ], [ 77.00778799997704, 28.449286999732177 ], [ 77.007784616763161, 28.449769143908725 ], [ 77.00821813708933, 28.449759290945369 ], [ 77.008217534886683, 28.449773561721912 ], [ 77.008217114577533, 28.449850179655591 ], [ 77.008214701668251, 28.450290637277714 ], [ 77.008301609473477, 28.450295167206171 ], [ 77.008430597124089, 28.450301891143578 ], [ 77.008433015119877, 28.450344360457031 ], [ 77.008468031506865, 28.450959464983416 ], [ 77.008474252613652, 28.451068737081805 ], [ 77.008515663620486, 28.451917606749415 ], [ 77.008486205216911, 28.451914838346582 ], [ 77.008082976650869, 28.451907567759449 ], [ 77.008086352093471, 28.452086155561499 ], [ 77.00804729902471, 28.452078137081731 ], [ 77.007970767775475, 28.452248664314361 ], [ 77.00792630695409, 28.452322793045763 ], [ 77.007963380947103, 28.45233770326092 ], [ 77.007947000150466, 28.452368999981491 ], [ 77.007789999835722, 28.452300000060081 ], [ 77.007435999486916, 28.452137999635273 ], [ 77.007060999577973, 28.451977000226719 ], [ 77.006643999559543, 28.451803999774558 ], [ 77.006628999853575, 28.451845999688306 ], [ 77.006630999897368, 28.451916000076078 ], [ 77.0066160002945, 28.452180999809194 ], [ 77.005785000172935, 28.452188000381764 ], [ 77.005779581936679, 28.452505254671753 ], [ 77.00578291431556, 28.452810689758291 ], [ 77.005786928434048, 28.453178566612589 ], [ 77.005817434405415, 28.45317769533861 ], [ 77.007081281928308, 28.453141574450992 ], [ 77.007307605776589, 28.453135105152317 ], [ 77.007352568151958, 28.453169077981148 ], [ 77.007665250885452, 28.453478237887449 ], [ 77.007699458531619, 28.453512344071783 ], [ 77.007699478283669, 28.453512362729892 ], [ 77.007870556367777, 28.453682931721669 ], [ 77.008004392645205, 28.453816369334248 ], [ 77.008005013895968, 28.453816988208583 ], [ 77.008162987573456, 28.45397445932149 ], [ 77.008202492684092, 28.453927062248194 ], [ 77.008281681081499, 28.454001679043397 ], [ 77.008309367940655, 28.454026395680856 ], [ 77.008386216109784, 28.454090201440245 ], [ 77.008441962650807, 28.454181059435243 ], [ 77.008444649782589, 28.454222308361842 ], [ 77.008445200138524, 28.454267890414574 ], [ 77.008456000306325, 28.454278999663181 ], [ 77.008506000498642, 28.454324000378911 ], [ 77.00864799998557, 28.454460000373302 ], [ 77.008800000380944, 28.4546470003325 ], [ 77.008847487120633, 28.454705446268171 ], [ 77.008851999960129, 28.454711000443766 ], [ 77.009046999812128, 28.454777000378684 ], [ 77.00973300029095, 28.455097000029753 ], [ 77.009974000187015, 28.454792000276438 ], [ 77.010021000424118, 28.454725999780845 ], [ 77.010366999602979, 28.454363000219345 ], [ 77.010394999753046, 28.45436000017289 ], [ 77.010434999506444, 28.454340999793299 ], [ 77.010525000240676, 28.454268000050931 ], [ 77.01113900030586, 28.454878000144038 ], [ 77.01151600014876, 28.454626000271748 ], [ 77.012081999787711, 28.455346999798479 ], [ 77.012938000046475, 28.454841999579703 ] ] ] ] } }
]
}
