{
"type": "FeatureCollection",
"name": "Gurugram_district",
"crs": { "type": "name", "properties": { "name": "urn:ogc:def:crs:OGC:1.3:CRS84" } },
"features": [
{ "type": "Feature", "properties": { "OBJECTID": 229, "STATE_UT": "HARYANA", "STATE_LGD": "06", "DISTRICT": "GURUGRAM", "DIST_LGD": "086", "REMARKS": null, "Shape_Leng": 241233.449903, "Shape_Area": 1217636706.1600001 }, "geometry": { "type": "MultiPolygon", "coordinates": [ [ [ [ 77.008844374210597, 28.540342386245769, 0.0 ], [ 77.009469182296229, 28.539922035607141, 0.0 ], [ 77.009862694916961, 28.540309513420631, 0.0 ], [ 77.009902888290185, 28.540346728354972, 0.0 ], [ 77.010112138158661, 28.540540471505796, 0.0 ], [ 77.010217267383055, 28.540623936217592, 0.0 ], [ 77.010382841404024, 28.540550647875481, 0.0 ], [ 77.01048673355892, 28.540489611876716, 0.0 ], [ 77.011078045118765, 28.54037365321928, 0.0 ], [ 77.011360497351944, 28.540318261258118, 0.0 ], [ 77.011704552978514, 28.540262245547581, 0.0 ], [ 77.012057255972081, 28.540265104836418, 0.0 ], [ 77.01262124978642, 28.540264251637527, 0.0 ], [ 77.013064507681264, 28.540263581064764, 0.0 ], [ 77.013395957042505, 28.540254258717301, 0.0 ], [ 77.013432903400442, 28.540253219064958, 0.0 ], [ 77.013545603885305, 28.540235752127007, 0.0 ], [ 77.013792287081543, 28.540197520688189, 0.0 ], [ 77.014156539343162, 28.540150951865026, 0.0 ], [ 77.014769931808985, 28.539965113013526, 0.0 ], [ 77.015120423432677, 28.53985956245371, 0.0 ], [ 77.015435508956955, 28.539739727471808, 0.0 ], [ 77.016627927240179, 28.539123519483002, 0.0 ], [ 77.017742117194103, 28.538564363772473, 0.0 ], [ 77.017759619815493, 28.538483462435622, 0.0 ], [ 77.017925509954011, 28.538207005249685, 0.0 ], [ 77.017893687245873, 28.537867731586566, 0.0 ], [ 77.018004536575745, 28.537355356220569, 0.0 ], [ 77.018318124380926, 28.537100038500359, 0.0 ], [ 77.01860435126595, 28.536911874879443, 0.0 ], [ 77.018886312279093, 28.53669201552438, 0.0 ], [ 77.01907923418355, 28.536551565546674, 0.0 ], [ 77.019732592269889, 28.536208522331226, 0.0 ], [ 77.02003378098091, 28.536034211849731, 0.0 ], [ 77.020339596923975, 28.535878056604631, 0.0 ], [ 77.021151664903684, 28.535335150009008, 0.0 ], [ 77.021448343893042, 28.535138167999033, 0.0 ], [ 77.021718869440591, 28.534963213709762, 0.0 ], [ 77.021802433028427, 28.534897233200489, 0.0 ], [ 77.022629093929737, 28.534381713454255, 0.0 ], [ 77.022883202541522, 28.534247050460813, 0.0 ], [ 77.023029647910292, 28.53412368545165, 0.0 ], [ 77.023767291040514, 28.533303813004395, 0.0 ], [ 77.024038895059164, 28.533088244372497, 0.0 ], [ 77.024353350773708, 28.53299095279333, 0.0 ], [ 77.025331755368271, 28.532726894289507, 0.0 ], [ 77.025671875964917, 28.532625620491057, 0.0 ], [ 77.026012118410236, 28.532519834073668, 0.0 ], [ 77.026331798464554, 28.532418132814314, 0.0 ], [ 77.027009266847941, 28.532319363391196, 0.0 ], [ 77.027352810038707, 28.532281364548801, 0.0 ], [ 77.027716909588065, 28.532239277872563, 0.0 ], [ 77.027983326876125, 28.532217732991633, 0.0 ], [ 77.028702631494056, 28.532083706966993, 0.0 ], [ 77.029072442245834, 28.532019162869911, 0.0 ], [ 77.029344617132892, 28.531981583908333, 0.0 ], [ 77.029441889935754, 28.531968153640253, 0.0 ], [ 77.030057918236437, 28.531872609180521, 0.0 ], [ 77.030306302743242, 28.531760387315181, 0.0 ], [ 77.030393645690296, 28.531744144767199, 0.0 ], [ 77.031113304375822, 28.531596571059669, 0.0 ], [ 77.031400998953174, 28.531543858637054, 0.0 ], [ 77.031763292068234, 28.531569447077008, 0.0 ], [ 77.032004217934471, 28.531353228640345, 0.0 ], [ 77.032231020069034, 28.531091567740724, 0.0 ], [ 77.032416582566526, 28.530842593650515, 0.0 ], [ 77.032537825450333, 28.530705154932889, 0.0 ], [ 77.032918027976379, 28.530442164428287, 0.0 ], [ 77.033198864166067, 28.530262891357843, 0.0 ], [ 77.033495030677884, 28.530083935887291, 0.0 ], [ 77.033796543349297, 28.529896060992208, 0.0 ], [ 77.034612897081573, 28.529380266685031, 0.0 ], [ 77.034924625269056, 28.529192603279018, 0.0 ], [ 77.035434231949523, 28.528869086595734, 0.0 ], [ 77.036056962580417, 28.528520828244563, 0.0 ], [ 77.036378545463521, 28.5283469104251, 0.0 ], [ 77.037337698055069, 28.527843096524798, 0.0 ], [ 77.037544951738496, 28.52773904022726, 0.0 ], [ 77.037861300677406, 28.527569526173416, 0.0 ], [ 77.039013443522023, 28.526920714571276, 0.0 ], [ 77.039335136935776, 28.526742278374897, 0.0 ], [ 77.040803604100986, 28.525923936792399, 0.0 ], [ 77.041950605401027, 28.525275000166115, 0.0 ], [ 77.042261711472392, 28.525109882929598, 0.0 ], [ 77.04257281773468, 28.524944765980539, 0.0 ], [ 77.042998002692414, 28.524718802982161, 0.0 ], [ 77.043102342321646, 28.524639697189333, 0.0 ], [ 77.04317008144973, 28.524591437042407, 0.0 ], [ 77.043369380465847, 28.524401427969963, 0.0 ], [ 77.043877070095078, 28.523955947037066, 0.0 ], [ 77.04462372690935, 28.52336642135116, 0.0 ], [ 77.044910956029312, 28.523137596676683, 0.0 ], [ 77.045207444461312, 28.522945082354873, 0.0 ], [ 77.045998634931451, 28.522410651558332, 0.0 ], [ 77.046279911432762, 28.52221330519798, 0.0 ], [ 77.046561068488501, 28.522020471223378, 0.0 ], [ 77.047357475480297, 28.521481625601442, 0.0 ], [ 77.047653956160104, 28.52128910715658, 0.0 ], [ 77.047976218159349, 28.521088090960891, 0.0 ], [ 77.048512018791726, 28.520737986919613, 0.0 ], [ 77.048297032406509, 28.520363326161579, 0.0 ], [ 77.04820925859859, 28.520203489949765, 0.0 ], [ 77.048009003238988, 28.519851706197102, 0.0 ], [ 77.047428084571123, 28.518819335731752, 0.0 ], [ 77.04721773514072, 28.518462825192547, 0.0 ], [ 77.04665594818573, 28.517480508121555, 0.0 ], [ 77.046450834408049, 28.517119588536513, 0.0 ], [ 77.046242047331845, 28.516704414675857, 0.0 ], [ 77.046440174244879, 28.516654337482638, 0.0 ], [ 77.046572919789327, 28.516615963627824, 0.0 ], [ 77.046574743254823, 28.516620325391916, 0.0 ], [ 77.046638300998382, 28.516604260039482, 0.0 ], [ 77.046988454305961, 28.516507666048231, 0.0 ], [ 77.047328031616871, 28.516424394413221, 0.0 ], [ 77.047718933955977, 28.51633315552105, 0.0 ], [ 77.048314310196758, 28.516241632477183, 0.0 ], [ 77.048688927941598, 28.516186171792729, 0.0 ], [ 77.049032773160022, 28.516134590910685, 0.0 ], [ 77.049279192300901, 28.516094537716224, 0.0 ], [ 77.049814095137691, 28.515970152837131, 0.0 ], [ 77.050015490334175, 28.515893049759015, 0.0 ], [ 77.050335344767817, 28.515782276395512, 0.0 ], [ 77.050675992614984, 28.515658388149198, 0.0 ], [ 77.051615234351658, 28.515321127197172, 0.0 ], [ 77.051955997991911, 28.51519272405292, 0.0 ], [ 77.05231196884813, 28.515069147601334, 0.0 ], [ 77.053225656693783, 28.514731349690688, 0.0 ], [ 77.053555961690691, 28.514611756350405, 0.0 ], [ 77.05483071479172, 28.51415047505953, 0.0 ], [ 77.055166124018058, 28.514030983599973, 0.0 ], [ 77.055625694396682, 28.513855362356662, 0.0 ], [ 77.056430528247745, 28.513573992334663, 0.0 ], [ 77.056766054636171, 28.51344998443388, 0.0 ], [ 77.057478449623602, 28.51318476205509, 0.0 ], [ 77.058025696256649, 28.51297933677165, 0.0 ], [ 77.058371553099761, 28.512851024658787, 0.0 ], [ 77.058691510337894, 28.512735722838428, 0.0 ], [ 77.058949566665575, 28.512641718157049, 0.0 ], [ 77.059685109905033, 28.512467258739505, 0.0 ], [ 77.060014687143521, 28.512374726835972, 0.0 ], [ 77.060363742427555, 28.512318713362877, 0.0 ], [ 77.0611010537651, 28.512270700886141, 0.0 ], [ 77.061374500853077, 28.512294267271635, 0.0 ], [ 77.061376442533458, 28.512294434255349, 0.0 ], [ 77.061728221758983, 28.512328771892413, 0.0 ], [ 77.062079883218757, 28.512367620855514, 0.0 ], [ 77.063082352191145, 28.512537257210287, 0.0 ], [ 77.06344351752422, 28.512603387645527, 0.0 ], [ 77.06380124118904, 28.512606238460794, 0.0 ], [ 77.064271116841269, 28.512620427348946, 0.0 ], [ 77.064711522843083, 28.512560665081217, 0.0 ], [ 77.064820001461442, 28.512545944027263, 0.0 ], [ 77.065173687815289, 28.512508073407751, 0.0 ], [ 77.065518227223123, 28.512429383224806, 0.0 ], [ 77.066462028916391, 28.512110189126979, 0.0 ], [ 77.066817259353314, 28.512013655852087, 0.0 ], [ 77.066958835053299, 28.512200882378654, 0.0 ], [ 77.066980252774258, 28.512229206033918, 0.0 ], [ 77.067008076552909, 28.51226379039149, 0.0 ], [ 77.067227714561668, 28.512536787368344, 0.0 ], [ 77.067605978073473, 28.512923812080565, 0.0 ], [ 77.067834791411059, 28.513163287501438, 0.0 ], [ 77.068006698058767, 28.513428682667467, 0.0 ], [ 77.068548674923989, 28.514198311996655, 0.0 ], [ 77.068740660712365, 28.51447766267621, 0.0 ], [ 77.068818584520983, 28.514598668470299, 0.0 ], [ 77.068917440978481, 28.514752184427227, 0.0 ], [ 77.06952192596323, 28.515477947019292, 0.0 ], [ 77.069735182880777, 28.515726127334698, 0.0 ], [ 77.069974342131104, 28.515961295413842, 0.0 ], [ 77.070263520443334, 28.516238124722626, 0.0 ], [ 77.070568501433613, 28.516691354993814, 0.0 ], [ 77.070740419888011, 28.516956743034772, 0.0 ], [ 77.07089665435781, 28.517235355168992, 0.0 ], [ 77.071184532334115, 28.51775595168634, 0.0 ], [ 77.071324490727989, 28.51807034587863, 0.0 ], [ 77.071434392989886, 28.518361547963988, 0.0 ], [ 77.071508057032105, 28.518670066149333, 0.0 ], [ 77.071771231655461, 28.519546820162834, 0.0 ], [ 77.07181448297365, 28.519845682020264, 0.0 ], [ 77.071762564188916, 28.520070354388789, 0.0 ], [ 77.071795239284867, 28.520188410121424, 0.0 ], [ 77.072303515255257, 28.51990989960477, 0.0 ], [ 77.072893530565878, 28.519633067306955, 0.0 ], [ 77.072928246883635, 28.519614452, 0.0 ], [ 77.07320980448398, 28.519463481839626, 0.0 ], [ 77.074085434736716, 28.519016430257594, 0.0 ], [ 77.074411566858501, 28.518860590589654, 0.0 ], [ 77.075007156283206, 28.518565804721817, 0.0 ], [ 77.075175630342898, 28.518573776378965, 0.0 ], [ 77.075694117369281, 28.518489600358532, 0.0 ], [ 77.07602250741563, 28.518442157569542, 0.0 ], [ 77.076371333484005, 28.518395132743819, 0.0 ], [ 77.077391554575755, 28.518280604705552, 0.0 ], [ 77.077745367683377, 28.518238194415737, 0.0 ], [ 77.078421987735453, 28.51816628015299, 0.0 ], [ 77.079129378658124, 28.518090480205821, 0.0 ], [ 77.079472974639685, 28.518047855130945, 0.0 ], [ 77.079842114038883, 28.518005754784546, 0.0 ], [ 77.080421070519634, 28.517954405892031, 0.0 ], [ 77.080808379031239, 28.517804320168363, 0.0 ], [ 77.081143413006615, 28.517698311769699, 0.0 ], [ 77.081534999224473, 28.51757991405584, 0.0 ], [ 77.082436855026813, 28.517300400463046, 0.0 ], [ 77.082781866720907, 28.517203623420112, 0.0 ], [ 77.083132223940311, 28.517097924101545, 0.0 ], [ 77.084080522957152, 28.516801291737664, 0.0 ], [ 77.084425533070601, 28.516704509249845, 0.0 ], [ 77.084765787687033, 28.516594084467396, 0.0 ], [ 77.085739385988234, 28.516306991756235, 0.0 ], [ 77.08606383834578, 28.51621429934622, 0.0 ], [ 77.086455414109636, 28.516095892014757, 0.0 ], [ 77.087748464059104, 28.515711475567947, 0.0 ], [ 77.088052714647816, 28.515609338614464, 0.0 ], [ 77.089016196785551, 28.515317502956613, 0.0 ], [ 77.089356088397636, 28.51522060713285, 0.0 ], [ 77.089686117752521, 28.51510996221354, 0.0 ], [ 77.090644363716535, 28.514822525238344, 0.0 ], [ 77.090994705455742, 28.514716809141639, 0.0 ], [ 77.091329366523368, 28.514624315994265, 0.0 ], [ 77.092287840761983, 28.514327844745704, 0.0 ], [ 77.092622736646064, 28.514226324660385, 0.0 ], [ 77.092978301335975, 28.514116194311498, 0.0 ], [ 77.093132032716341, 28.51410127143355, 0.0 ], [ 77.093447789283431, 28.513949697289782, 0.0 ], [ 77.093863322065218, 28.513696317535654, 0.0 ], [ 77.094164459738636, 28.513517354270927, 0.0 ], [ 77.094480802710038, 28.513343216521275, 0.0 ], [ 77.095326713157633, 28.512854812386198, 0.0 ], [ 77.095617391328361, 28.512684663130536, 0.0 ], [ 77.095939193862662, 28.512497090012605, 0.0 ], [ 77.096764302245816, 28.512021797774079, 0.0 ], [ 77.09707042118275, 28.511847446488556, 0.0 ], [ 77.097371313274706, 28.511677501787748, 0.0 ], [ 77.098252722461709, 28.511198836619641, 0.0 ], [ 77.098527713904133, 28.511041906113821, 0.0 ], [ 77.098342071304899, 28.510713064113745, 0.0 ], [ 77.097897109302764, 28.509941009948204, 0.0 ], [ 77.09773583501098, 28.509657809650815, 0.0 ], [ 77.097099783133231, 28.508570338591198, 0.0 ], [ 77.096943150678825, 28.508305290373361, 0.0 ], [ 77.096678965297187, 28.507852945058129, 0.0 ], [ 77.096322437977179, 28.507218126861595, 0.0 ], [ 77.096161288554299, 28.506930411634801, 0.0 ], [ 77.095921472652805, 28.506523707558436, 0.0 ], [ 77.096188245568399, 28.506289863544232, 0.0 ], [ 77.096548381732731, 28.506003743575931, 0.0 ], [ 77.096809217021004, 28.505801381197728, 0.0 ], [ 77.097115085152012, 28.505636052467466, 0.0 ], [ 77.097473095322329, 28.505431153515147, 0.0 ], [ 77.097970559286381, 28.505170403684758, 0.0 ], [ 77.098292102407456, 28.504991849785604, 0.0 ], [ 77.098633842374653, 28.504822734380834, 0.0 ], [ 77.099482901124006, 28.504406609515602, 0.0 ], [ 77.099808840255875, 28.50425523015377, 0.0 ], [ 77.100171242224661, 28.504077503429954, 0.0 ], [ 77.101019819377669, 28.503679419496695, 0.0 ], [ 77.101350509976086, 28.503541678120339, 0.0 ], [ 77.101680376943563, 28.503435522179288, 0.0 ], [ 77.102185333450592, 28.503278751615465, 0.0 ], [ 77.10265511863507, 28.503098689970724, 0.0 ], [ 77.102949342157004, 28.50298729149392, 0.0 ], [ 77.104504890331086, 28.502328168832285, 0.0 ], [ 77.108299161028356, 28.500201682647177, 0.0 ], [ 77.108651030314405, 28.500004469160221, 0.0 ], [ 77.108669539344277, 28.499994096052593, 0.0 ], [ 77.10918916596809, 28.499760843570684, 0.0 ], [ 77.112180453886353, 28.498408388025332, 0.0 ], [ 77.114650786028548, 28.497338773697567, 0.0 ], [ 77.116970622652403, 28.496356366132364, 0.0 ], [ 77.117941953978615, 28.496339858311153, 0.0 ], [ 77.120728165507501, 28.495940766146962, 0.0 ], [ 77.12073213166714, 28.495940198226155, 0.0 ], [ 77.119693199622063, 28.49244322520266, 0.0 ], [ 77.119189746706837, 28.48997727876996, 0.0 ], [ 77.118565273595024, 28.488052482856983, 0.0 ], [ 77.118536649562927, 28.487964252105055, 0.0 ], [ 77.117469854681048, 28.485550122205844, 0.0 ], [ 77.116223871683658, 28.484139060367607, 0.0 ], [ 77.115542835793434, 28.483208891577959, 0.0 ], [ 77.11491753105723, 28.481507892017319, 0.0 ], [ 77.114686192519997, 28.480970522637762, 0.0 ], [ 77.114652603744872, 28.480744435840961, 0.0 ], [ 77.113859513299957, 28.475405663867598, 0.0 ], [ 77.112966288984012, 28.471229865360215, 0.0 ], [ 77.110984809979982, 28.471397442971405, 0.0 ], [ 77.110777561024889, 28.471311989852925, 0.0 ], [ 77.111610880282939, 28.470058306665507, 0.0 ], [ 77.111713195624731, 28.469904376665106, 0.0 ], [ 77.113751224131775, 28.467354335228158, 0.0 ], [ 77.114392444907878, 28.466265785579264, 0.0 ], [ 77.116259867086356, 28.463789002566244, 0.0 ], [ 77.116835735817062, 28.462835454812371, 0.0 ], [ 77.1168362745981, 28.462834563475187, 0.0 ], [ 77.117827977141829, 28.461941963023911, 0.0 ], [ 77.118410031649006, 28.461418064373436, 0.0 ], [ 77.118964636457051, 28.460918863570601, 0.0 ], [ 77.118970172939285, 28.460913880123154, 0.0 ], [ 77.119509902018777, 28.460462346516707, 0.0 ], [ 77.121847036162123, 28.458507047627325, 0.0 ], [ 77.122584477407614, 28.454477001246531, 0.0 ], [ 77.122674933741592, 28.453773175699968, 0.0 ], [ 77.122675184470282, 28.453771222045603, 0.0 ], [ 77.122945264707539, 28.45166968635672, 0.0 ], [ 77.123153310155786, 28.450050787353774, 0.0 ], [ 77.123629407853997, 28.445455659782766, 0.0 ], [ 77.123762341846003, 28.445334540384025, 0.0 ], [ 77.123762270367209, 28.445334488624962, 0.0 ], [ 77.123796095794944, 28.445303672304675, 0.0 ], [ 77.123796109030906, 28.445303773481932, 0.0 ], [ 77.124713855131589, 28.444467567967877, 0.0 ], [ 77.128593074387055, 28.440932813317477, 0.0 ], [ 77.128905405584973, 28.44070434584912, 0.0 ], [ 77.130572480994871, 28.440625010626047, 0.0 ], [ 77.131412904337978, 28.440610402450897, 0.0 ], [ 77.13141558802235, 28.440610356237201, 0.0 ], [ 77.131684063710949, 28.439902469257941, 0.0 ], [ 77.132014065012171, 28.439372379624242, 0.0 ], [ 77.132014370117659, 28.439371888677201, 0.0 ], [ 77.132326691166497, 28.43914341212836, 0.0 ], [ 77.135389062580202, 28.438428425442588, 0.0 ], [ 77.138451964158918, 28.437492175132544, 0.0 ], [ 77.141077101683123, 28.436696070406484, 0.0 ], [ 77.141994814500833, 28.437156865436332, 0.0 ], [ 77.142444619758706, 28.437341936413553, 0.0 ], [ 77.14316054645073, 28.437306610228905, 0.0 ], [ 77.148048869614598, 28.437395321113222, 0.0 ], [ 77.148309289000068, 28.437400044293675, 0.0 ], [ 77.149084148337195, 28.436735634165821, 0.0 ], [ 77.151638388637707, 28.434545399130268, 0.0 ], [ 77.152667820452777, 28.43366263665725, 0.0 ], [ 77.15267674139325, 28.433654986971373, 0.0 ], [ 77.155066031558462, 28.432086463407067, 0.0 ], [ 77.158401910346143, 28.430645097273125, 0.0 ], [ 77.159219945106756, 28.430338843871862, 0.0 ], [ 77.160737635215668, 28.429770639500283, 0.0 ], [ 77.161855217761939, 28.429201476539088, 0.0 ], [ 77.162295829558389, 28.428939460718343, 0.0 ], [ 77.162295974780548, 28.428939374293162, 0.0 ], [ 77.162357151436296, 28.428883775514123, 0.0 ], [ 77.162844452501332, 28.428441255481669, 0.0 ], [ 77.162846992259404, 28.428438583564429, 0.0 ], [ 77.162850119224345, 28.428435744079085, 0.0 ], [ 77.164785894791478, 28.426402468194834, 0.0 ], [ 77.164786257433107, 28.426402087401438, 0.0 ], [ 77.165092565516957, 28.426205023021588, 0.0 ], [ 77.165896204237427, 28.42571274694448, 0.0 ], [ 77.165922030408609, 28.425696926330243, 0.0 ], [ 77.165927756080492, 28.425693419982181, 0.0 ], [ 77.16569461604378, 28.423413501186403, 0.0 ], [ 77.165533451995316, 28.42011022190708, 0.0 ], [ 77.164979708229012, 28.41778780970149, 0.0 ], [ 77.164863183619076, 28.416345374680773, 0.0 ], [ 77.164842485032707, 28.414949987543849, 0.0 ], [ 77.165167170235321, 28.414229605856949, 0.0 ], [ 77.165732712140326, 28.413890744580975, 0.0 ], [ 77.16629753328229, 28.413552312508763, 0.0 ], [ 77.168097079726905, 28.412573568939816, 0.0 ], [ 77.16809936965349, 28.412572324912112, 0.0 ], [ 77.168961959809792, 28.411781347642606, 0.0 ], [ 77.169810789334534, 28.410451478361853, 0.0 ], [ 77.169812757790623, 28.410448392349966, 0.0 ], [ 77.17092409669857, 28.409430994697285, 0.0 ], [ 77.171135293618676, 28.409237646412148, 0.0 ], [ 77.171226493493023, 28.408661599240201, 0.0 ], [ 77.171316134523707, 28.407945571290188, 0.0 ], [ 77.171445364980698, 28.406266941265869, 0.0 ], [ 77.171445573998966, 28.406264226838072, 0.0 ], [ 77.172046934526222, 28.405905958759472, 0.0 ], [ 77.173797791418437, 28.4049158578913, 0.0 ], [ 77.174483149783498, 28.40466759121842, 0.0 ], [ 77.174449296463948, 28.404391535086422, 0.0 ], [ 77.17393803903019, 28.403410791261358, 0.0 ], [ 77.173399259943693, 28.402307605167643, 0.0 ], [ 77.173026103815616, 28.401519200813034, 0.0 ], [ 77.172571693215062, 28.400512486992181, 0.0 ], [ 77.172190103599888, 28.399453040818404, 0.0 ], [ 77.171863667983587, 28.398232162586602, 0.0 ], [ 77.171406396672239, 28.396936456889392, 0.0 ], [ 77.170668253477047, 28.395644207456677, 0.0 ], [ 77.169909324668751, 28.394568239181879, 0.0 ], [ 77.169155735451866, 28.394891878751991, 0.0 ], [ 77.16825903582253, 28.395221701834039, 0.0 ], [ 77.167853740644986, 28.395299432752392, 0.0 ], [ 77.167108445865097, 28.39509502400216, 0.0 ], [ 77.166582625156337, 28.394691816649541, 0.0 ], [ 77.165840030601004, 28.394582261447837, 0.0 ], [ 77.165468619975897, 28.394732890958341, 0.0 ], [ 77.164348250961709, 28.394823490153886, 0.0 ], [ 77.163037363900813, 28.394576214939722, 0.0 ], [ 77.162148745059127, 28.394386988380226, 0.0 ], [ 77.160914408569568, 28.394141216825052, 0.0 ], [ 77.159582341953893, 28.393523296393962, 0.0 ], [ 77.158856404081988, 28.393161220257209, 0.0 ], [ 77.157829183336361, 28.39280216809663, 0.0 ], [ 77.157349446885561, 28.392395327992666, 0.0 ], [ 77.156267135509623, 28.391394099816726, 0.0 ], [ 77.155965079922154, 28.391026913624977, 0.0 ], [ 77.155489809803655, 28.390845884275183, 0.0 ], [ 77.154851146269891, 28.390666109936358, 0.0 ], [ 77.1544668043841, 28.39052300712882, 0.0 ], [ 77.153724138582362, 28.389817464897757, 0.0 ], [ 77.15328786073654, 28.389109001378305, 0.0 ], [ 77.152977308500724, 28.388475279979613, 0.0 ], [ 77.152690829577821, 28.386898493427932, 0.0 ], [ 77.152680634715338, 28.386297851147607, 0.0 ], [ 77.152226201877113, 28.385101446489141, 0.0 ], [ 77.151916587743443, 28.384431623179555, 0.0 ], [ 77.151812992857757, 28.383490522620068, 0.0 ], [ 77.151675394952093, 28.383081462373941, 0.0 ], [ 77.151499056675718, 28.382590367258569, 0.0 ], [ 77.151277868392555, 28.382256384650098, 0.0 ], [ 77.151137790902396, 28.38154479809258, 0.0 ], [ 77.1508560594702, 28.380383435589984, 0.0 ], [ 77.150853460812513, 28.380085421952803, 0.0 ], [ 77.151530127184543, 28.37977388457826, 0.0 ], [ 77.153518358223323, 28.379474981345062, 0.0 ], [ 77.153564391779568, 28.379471386107536, 0.0 ], [ 77.153325680583166, 28.37842375172394, 0.0 ], [ 77.152871086223044, 28.376834569650114, 0.0 ], [ 77.152269027295716, 28.374623942983696, 0.0 ], [ 77.151713562774887, 28.372188507218471, 0.0 ], [ 77.150715804007817, 28.369085099688622, 0.0 ], [ 77.150162075163863, 28.366983766039905, 0.0 ], [ 77.149939625088209, 28.366500771309482, 0.0 ], [ 77.149756045789502, 28.365795757164154, 0.0 ], [ 77.14966073988856, 28.365429746187129, 0.0 ], [ 77.149249744990612, 28.363936218716958, 0.0 ], [ 77.149305945340927, 28.363734184845562, 0.0 ], [ 77.149396932923793, 28.363568961545589, 0.0 ], [ 77.150678335522386, 28.363156649147907, 0.0 ], [ 77.151393404797702, 28.362936171427457, 0.0 ], [ 77.151559870854243, 28.362813086304456, 0.0 ], [ 77.151560623548292, 28.362809025034071, 0.0 ], [ 77.151778909160882, 28.361630112957005, 0.0 ], [ 77.152043581813075, 28.35885889573213, 0.0 ], [ 77.152356335119265, 28.356002856277801, 0.0 ], [ 77.15229613701905, 28.353161938404625, 0.0 ], [ 77.152216195163078, 28.352094881352379, 0.0 ], [ 77.152133510256306, 28.351935217929782, 0.0 ], [ 77.150770068298286, 28.349569387454682, 0.0 ], [ 77.150662576311646, 28.349382138090654, 0.0 ], [ 77.150674955468432, 28.348497510227844, 0.0 ], [ 77.15081806204455, 28.346689986482094, 0.0 ], [ 77.150883927442834, 28.346108909913905, 0.0 ], [ 77.150826330381534, 28.344766900437104, 0.0 ], [ 77.151017502840133, 28.343475007080041, 0.0 ], [ 77.151073694532698, 28.341873416832247, 0.0 ], [ 77.15116535552005, 28.340281563421467, 0.0 ], [ 77.151164055075228, 28.340132553171411, 0.0 ], [ 77.151323249567355, 28.339693294244874, 0.0 ], [ 77.151592588329478, 28.33873704489578, 0.0 ], [ 77.151750626974788, 28.338342909841565, 0.0 ], [ 77.152048648776216, 28.337062174835857, 0.0 ], [ 77.153037769274064, 28.333492740209095, 0.0 ], [ 77.153148938474231, 28.332935136171866, 0.0 ], [ 77.153732716470401, 28.331452424417211, 0.0 ], [ 77.154002857522428, 28.330663227908904, 0.0 ], [ 77.154331433553182, 28.32938309342115, 0.0 ], [ 77.154624953517356, 28.327276064773315, 0.0 ], [ 77.155025548722776, 28.324570710981511, 0.0 ], [ 77.155668396031857, 28.320967239983158, 0.0 ], [ 77.156128975648286, 28.317707758397553, 0.0 ], [ 77.156857130442361, 28.317039320960884, 0.0 ], [ 77.158150620904749, 28.315851882126136, 0.0 ], [ 77.162395666669681, 28.315083143168376, 0.0 ], [ 77.162440508667245, 28.31507502241805, 0.0 ], [ 77.162016662733549, 28.312682798122616, 0.0 ], [ 77.164566282669881, 28.311523582127005, 0.0 ], [ 77.166659306791146, 28.310865413494703, 0.0 ], [ 77.166183535548896, 28.308305119947104, 0.0 ], [ 77.169160547473865, 28.307525883578908, 0.0 ], [ 77.1692134518605, 28.307512033982253, 0.0 ], [ 77.175491758883211, 28.305753925345432, 0.0 ], [ 77.179534330315391, 28.304447942412271, 0.0 ], [ 77.182849012904995, 28.302671473009021, 0.0 ], [ 77.188519053431051, 28.298309299492896, 0.0 ], [ 77.188805556645434, 28.298680645430437, 0.0 ], [ 77.189774513492594, 28.298081232079941, 0.0 ], [ 77.191531874542861, 28.296658744742583, 0.0 ], [ 77.191560476850455, 28.296635591769771, 0.0 ], [ 77.191629438410743, 28.296568017239768, 0.0 ], [ 77.194044536383601, 28.29420139474632, 0.0 ], [ 77.194739594660305, 28.293944191396861, 0.0 ], [ 77.195950242506711, 28.293466875739227, 0.0 ], [ 77.200792957526318, 28.289432540789658, 0.0 ], [ 77.200815878548909, 28.289413444712803, 0.0 ], [ 77.203772080632078, 28.292144218713517, 0.0 ], [ 77.204971708219119, 28.293531209073954, 0.0 ], [ 77.205128459336166, 28.294401116600159, 0.0 ], [ 77.207174220961363, 28.298260699835666, 0.0 ], [ 77.208139240942018, 28.298885873483709, 0.0 ], [ 77.208173115937726, 28.298907818732459, 0.0 ], [ 77.211623682200013, 28.296158161573889, 0.0 ], [ 77.213237518451351, 28.295056523034091, 0.0 ], [ 77.213966440080767, 28.294258118090102, 0.0 ], [ 77.216280436429955, 28.292894729248644, 0.0 ], [ 77.216857906612518, 28.292492059166211, 0.0 ], [ 77.218169887906697, 28.291577193875668, 0.0 ], [ 77.219832551119481, 28.290557698694883, 0.0 ], [ 77.221084919943138, 28.289832673350837, 0.0 ], [ 77.223746994688739, 28.28759105682467, 0.0 ], [ 77.226442712406126, 28.289124384271485, 0.0 ], [ 77.227014133122665, 28.289528288447677, 0.0 ], [ 77.227431609798771, 28.289148141432285, 0.0 ], [ 77.228324430034107, 28.289549260742383, 0.0 ], [ 77.228326550185216, 28.289547734613659, 0.0 ], [ 77.230858696419574, 28.287724900945172, 0.0 ], [ 77.23560243902979, 28.283794346216386, 0.0 ], [ 77.237311711697643, 28.282734919100392, 0.0 ], [ 77.240719276806018, 28.280024357792858, 0.0 ], [ 77.241404976623159, 28.279518434873744, 0.0 ], [ 77.241771566852236, 28.279379079287878, 0.0 ], [ 77.241868325425074, 28.279342297213582, 0.0 ], [ 77.241262041481605, 28.278336739091571, 0.0 ], [ 77.240805192974662, 28.277579016013881, 0.0 ], [ 77.239719718775504, 28.27507035283508, 0.0 ], [ 77.239085209356659, 28.273712657175171, 0.0 ], [ 77.238716244389011, 28.272695928313421, 0.0 ], [ 77.238636412430921, 28.272475940100843, 0.0 ], [ 77.237769102129505, 28.270980713001418, 0.0 ], [ 77.237232670338599, 28.270055891981382, 0.0 ], [ 77.234375422189871, 28.269910169925137, 0.0 ], [ 77.232122594770445, 28.269451064787589, 0.0 ], [ 77.228725288617397, 28.268053167067471, 0.0 ], [ 77.225286057583347, 28.266704032068425, 0.0 ], [ 77.224163086044598, 28.266119987391598, 0.0 ], [ 77.223816029567956, 28.265939484157897, 0.0 ], [ 77.221774876107034, 28.26435563310109, 0.0 ], [ 77.220678273759447, 28.263340987016456, 0.0 ], [ 77.220391653252307, 28.263011356421575, 0.0 ], [ 77.220390744606263, 28.263010309792225, 0.0 ], [ 77.219097897943882, 28.26373454427797, 0.0 ], [ 77.218481706220572, 28.263496775252978, 0.0 ], [ 77.217300373566133, 28.262814544858614, 0.0 ], [ 77.216400569405735, 28.262498990365955, 0.0 ], [ 77.216027233263006, 28.262338192816394, 0.0 ], [ 77.215469213758524, 28.262426614486195, 0.0 ], [ 77.215228473069089, 28.26206072273515, 0.0 ], [ 77.214379419262855, 28.261962622193284, 0.0 ], [ 77.21428782773431, 28.261952038280786, 0.0 ], [ 77.213815601548603, 28.261667400789491, 0.0 ], [ 77.21326020694508, 28.259606805141004, 0.0 ], [ 77.213153057244696, 28.258792038487705, 0.0 ], [ 77.213074312528249, 28.257043254359353, 0.0 ], [ 77.213502756418677, 28.25703809017422, 0.0 ], [ 77.213216473091236, 28.256454590305527, 0.0 ], [ 77.212011283367772, 28.254485112568457, 0.0 ], [ 77.211742639998363, 28.254421162560075, 0.0 ], [ 77.210982106914585, 28.253227899468609, 0.0 ], [ 77.211309516989303, 28.25236745655323, 0.0 ], [ 77.210588759085212, 28.251215603731861, 0.0 ], [ 77.210305887808389, 28.250496717479027, 0.0 ], [ 77.21023435992474, 28.250036932883344, 0.0 ], [ 77.210220259473672, 28.250007454884528, 0.0 ], [ 77.210011806661214, 28.249773500119552, 0.0 ], [ 77.209802801733545, 28.249564217978548, 0.0 ], [ 77.209777997222758, 28.24955668958329, 0.0 ], [ 77.209587156394704, 28.249498768114016, 0.0 ], [ 77.20890591083888, 28.249348266807338, 0.0 ], [ 77.208141658697372, 28.2494073602629, 0.0 ], [ 77.20719943545177, 28.249854616754906, 0.0 ], [ 77.206956088213687, 28.250032612429415, 0.0 ], [ 77.206588374605815, 28.250301572182568, 0.0 ], [ 77.206359220922707, 28.25044608039077, 0.0 ], [ 77.205714700665709, 28.25085643264039, 0.0 ], [ 77.205233663456355, 28.251096464422421, 0.0 ], [ 77.205035050254367, 28.250983662563677, 0.0 ], [ 77.204396439891383, 28.250620960219216, 0.0 ], [ 77.203298718396383, 28.249996888109457, 0.0 ], [ 77.202741097071836, 28.249681220721985, 0.0 ], [ 77.20057464262247, 28.248229726542132, 0.0 ], [ 77.197949438601739, 28.246318168936977, 0.0 ], [ 77.195684544366955, 28.244954346232518, 0.0 ], [ 77.196414214177992, 28.243810558003588, 0.0 ], [ 77.196851806579474, 28.242998196450806, 0.0 ], [ 77.194557225791371, 28.240075782673777, 0.0 ], [ 77.194006398364991, 28.239164701143402, 0.0 ], [ 77.194006081814351, 28.238736099246765, 0.0 ], [ 77.194249990600582, 28.237729874396521, 0.0 ], [ 77.193439446676507, 28.236877550557828, 0.0 ], [ 77.192083425901572, 28.235542830426915, 0.0 ], [ 77.191461696131157, 28.234809458699424, 0.0 ], [ 77.192176276563657, 28.234451349193591, 0.0 ], [ 77.192627755663494, 28.234225087852334, 0.0 ], [ 77.195642314784095, 28.232288029383572, 0.0 ], [ 77.199512418953987, 28.230174544056542, 0.0 ], [ 77.201783532802082, 28.228932562669666, 0.0 ], [ 77.200626026505773, 28.227327007976545, 0.0 ], [ 77.199136859411524, 28.224832839644197, 0.0 ], [ 77.197866870931463, 28.222446837437698, 0.0 ], [ 77.200051238564498, 28.22126357997724, 0.0 ], [ 77.200162961061764, 28.22083488900736, 0.0 ], [ 77.202520634526195, 28.219809420560768, 0.0 ], [ 77.203987143864012, 28.219267221680425, 0.0 ], [ 77.204431485540141, 28.218858887048569, 0.0 ], [ 77.204482359767312, 28.218812133854524, 0.0 ], [ 77.203568745355568, 28.218175558264882, 0.0 ], [ 77.203216915951003, 28.217765254936513, 0.0 ], [ 77.202650920241865, 28.216876736104929, 0.0 ], [ 77.202298866176477, 28.216082942032756, 0.0 ], [ 77.20238522992328, 28.215794067570972, 0.0 ], [ 77.202843245482853, 28.215135118924589, 0.0 ], [ 77.202842818162821, 28.214647866302613, 0.0 ], [ 77.202450124765676, 28.213953261418002, 0.0 ], [ 77.202164312431307, 28.213100742176128, 0.0 ], [ 77.202296432783299, 28.212753293454881, 0.0 ], [ 77.202887340746045, 28.212752888840289, 0.0 ], [ 77.203299721861953, 28.212536092243706, 0.0 ], [ 77.203299478528791, 28.212306002631276, 0.0 ], [ 77.202621782348658, 28.211859707472943, 0.0 ], [ 77.202035915735479, 28.211589420437736, 0.0 ], [ 77.201618175517083, 28.211589649769643, 0.0 ], [ 77.201047890197486, 28.211765940991686, 0.0 ], [ 77.20054860797346, 28.21149551625648, 0.0 ], [ 77.199937017558497, 28.211008531375899, 0.0 ], [ 77.199167532731892, 28.210431505307696, 0.0 ], [ 77.198642697036348, 28.210061777196294, 0.0 ], [ 77.198143472678112, 28.209868040200153, 0.0 ], [ 77.197771572464191, 28.209773497243017, 0.0 ], [ 77.196635602283081, 28.209539545952602, 0.0 ], [ 77.195739077837118, 28.209368511616425, 0.0 ], [ 77.194842524383873, 28.209116354680148, 0.0 ], [ 77.19429238003606, 28.208922608382355, 0.0 ], [ 77.193945896448966, 28.208710795092756, 0.0 ], [ 77.193865256764326, 28.208592890810994, 0.0 ], [ 77.193769302812299, 28.208584524256917, 0.0 ], [ 77.193100341078406, 28.208526203876936, 0.0 ], [ 77.192555417418703, 28.208702414590856, 0.0 ], [ 77.192117443608439, 28.208644015847764, 0.0 ], [ 77.191778651750369, 28.208594126991112, 0.0 ], [ 77.191694749452481, 28.208725411909349, 0.0 ], [ 77.191430074028588, 28.209027874358188, 0.0 ], [ 77.190921030856316, 28.209519862096375, 0.0 ], [ 77.19061053979037, 28.209763683769005, 0.0 ], [ 77.190187989906121, 28.210012007384218, 0.0 ], [ 77.189790833122004, 28.210197119830813, 0.0 ], [ 77.18911361144697, 28.210544893287341, 0.0 ], [ 77.188650329204108, 28.210784207430184, 0.0 ], [ 77.188461788745727, 28.210734709658411, 0.0 ], [ 77.188171395121316, 28.210540842943704, 0.0 ], [ 77.187478338952246, 28.209882396998445, 0.0 ], [ 77.186881994700684, 28.209255606612508, 0.0 ], [ 77.186362194357685, 28.208655742207124, 0.0 ], [ 77.185364166535777, 28.208976503439818, 0.0 ], [ 77.18427436693004, 28.209383089825927, 0.0 ], [ 77.182695826363968, 28.209925150847099, 0.0 ], [ 77.182609147550536, 28.209695084304158, 0.0 ], [ 77.182282868799632, 28.209248580702276, 0.0 ], [ 77.181951596516654, 28.208666714957094, 0.0 ], [ 77.181671086951482, 28.208026199156315, 0.0 ], [ 77.181054585751454, 28.207503019673279, 0.0 ], [ 77.180402236201061, 28.206844608865978, 0.0 ], [ 77.179459630896929, 28.205992304493872, 0.0 ], [ 77.178649471274554, 28.205311311402511, 0.0 ], [ 77.177115940797648, 28.204093750034122, 0.0 ], [ 77.17606642312704, 28.203336242741536, 0.0 ], [ 77.175714948093457, 28.203101721707, 0.0 ], [ 77.175169676102414, 28.202501853605796, 0.0 ], [ 77.174318700392391, 28.201437448194884, 0.0 ], [ 77.173289507842654, 28.200544513705026, 0.0 ], [ 77.172851270257624, 28.200003213695823, 0.0 ], [ 77.171851118363861, 28.199003870228708, 0.0 ], [ 77.171282526479672, 28.199570634404406, 0.0 ], [ 77.170661519159964, 28.200179915633608, 0.0 ], [ 77.17015757680629, 28.200685462591174, 0.0 ], [ 77.16969941992933, 28.201123238065776, 0.0 ], [ 77.16859460469081, 28.201895117631139, 0.0 ], [ 77.168248384892422, 28.202156870316379, 0.0 ], [ 77.167830979166411, 28.202585602079917, 0.0 ], [ 77.167337191228526, 28.203136185101528, 0.0 ], [ 77.166736583153437, 28.20405679608654, 0.0 ], [ 77.166303843553649, 28.204629870875021, 0.0 ], [ 77.166125846325471, 28.205162366958955, 0.0 ], [ 77.165779803240596, 28.205938448997919, 0.0 ], [ 77.165668089254339, 28.206691959120512, 0.0 ], [ 77.165724352336724, 28.207440914917463, 0.0 ], [ 77.165841803775905, 28.208117616987142, 0.0 ], [ 77.165887712098311, 28.208428920799655, 0.0 ], [ 77.165678895118106, 28.20842897934838, 0.0 ], [ 77.165363206253858, 28.208478644707338, 0.0 ], [ 77.165332650928889, 28.208731330991171, 0.0 ], [ 77.16537361817079, 28.209105786151287, 0.0 ], [ 77.165460311827346, 28.209484752654298, 0.0 ], [ 77.165536898191846, 28.209872720875367, 0.0 ], [ 77.165384148691516, 28.210193125029562, 0.0 ], [ 77.165037971981903, 28.210423289108956, 0.0 ], [ 77.164645884235327, 28.210725734631662, 0.0 ], [ 77.164121446633956, 28.211208666401038, 0.0 ], [ 77.162828203610445, 28.212332420586904, 0.0 ], [ 77.162349574886747, 28.212779251812577, 0.0 ], [ 77.162217146793935, 28.212905596039462, 0.0 ], [ 77.161814834892752, 28.212923778421377, 0.0 ], [ 77.160918407677414, 28.213050286424458, 0.0 ], [ 77.16039389819008, 28.213217388460759, 0.0 ], [ 77.159248071325607, 28.213853861032391, 0.0 ], [ 77.157190673303958, 28.215000275404027, 0.0 ], [ 77.155540624764072, 28.215812779778592, 0.0 ], [ 77.154588301448698, 28.21636342026957, 0.0 ], [ 77.153264253612122, 28.217031437754297, 0.0 ], [ 77.15298411999936, 28.217148823705529, 0.0 ], [ 77.151955226113671, 28.21718965359813, 0.0 ], [ 77.151211536877511, 28.217122127796934, 0.0 ], [ 77.150717509806952, 28.217104182188727, 0.0 ], [ 77.15031500029923, 28.21691028297327, 0.0 ], [ 77.149601298205738, 28.216529161924971, 0.0 ], [ 77.149143430399221, 28.216693909828866, 0.0 ], [ 77.148980544496567, 28.216851855435298, 0.0 ], [ 77.148333750255077, 28.217217361747373, 0.0 ], [ 77.147569772873624, 28.217713833135928, 0.0 ], [ 77.146872032458219, 28.218079412679561, 0.0 ], [ 77.146148947341672, 28.218751733646197, 0.0 ], [ 77.143897970399465, 28.220989859167943, 0.0 ], [ 77.142640021331374, 28.222045835495177, 0.0 ], [ 77.142028763908485, 28.222474463255971, 0.0 ], [ 77.141361608834075, 28.222930313641246, 0.0 ], [ 77.141076362826084, 28.223160370443118, 0.0 ], [ 77.140857398733345, 28.223327393892994, 0.0 ], [ 77.140836980590876, 28.223498799534607, 0.0 ], [ 77.140674022365133, 28.22359808164336, 0.0 ], [ 77.140200380698701, 28.223914011244105, 0.0 ], [ 77.140349452784932, 28.224395066380232, 0.0 ], [ 77.140083738730198, 28.224468015652612, 0.0 ], [ 77.140047610621949, 28.224477934979152, 0.0 ], [ 77.139568808361901, 28.224816409191639, 0.0 ], [ 77.139217402125027, 28.225019432862243, 0.0 ], [ 77.138876159375712, 28.22515480146707, 0.0 ], [ 77.138616368707417, 28.225231594412026, 0.0 ], [ 77.138300444911152, 28.225037568021051, 0.0 ], [ 77.138091643860946, 28.224825533052289, 0.0 ], [ 77.137816528232719, 28.224572935677831, 0.0 ], [ 77.137633147695922, 28.224572915353555, 0.0 ], [ 77.137587278456536, 28.224581934579668, 0.0 ], [ 77.137169590383252, 28.224807645295805, 0.0 ], [ 77.136721422395595, 28.225114411177103, 0.0 ], [ 77.136003233822436, 28.225552175242512, 0.0 ], [ 77.135315551138802, 28.225931166572959, 0.0 ], [ 77.134745098377493, 28.226170355348099, 0.0 ], [ 77.134429256687184, 28.226364329451254, 0.0 ], [ 77.134133791734314, 28.226179448119144, 0.0 ], [ 77.133858650070337, 28.22589968257974, 0.0 ], [ 77.133761831312086, 28.225647091380456, 0.0 ], [ 77.133466441706091, 28.225435046812777, 0.0 ], [ 77.133247350161511, 28.225453082329619, 0.0 ], [ 77.132799071288531, 28.225570435021453, 0.0 ], [ 77.132256408846899, 28.225788335595222, 0.0 ], [ 77.132209533250432, 28.225699380148164, 0.0 ], [ 77.132101197171792, 28.22549379157071, 0.0 ], [ 77.131836356895022, 28.225250136247347, 0.0 ], [ 77.131540926889471, 28.225317816390604, 0.0 ], [ 77.131169050743807, 28.225399050821192, 0.0 ], [ 77.130893935817809, 28.225263743571919, 0.0 ], [ 77.130384517705423, 28.224708794910143, 0.0 ], [ 77.13008903887031, 28.224420045007037, 0.0 ], [ 77.129768168459407, 28.224514828094563, 0.0 ], [ 77.129319944013218, 28.224537420488467, 0.0 ], [ 77.128973563903585, 28.224496794086612, 0.0 ], [ 77.128728974191176, 28.224302806695707, 0.0 ], [ 77.128229830460512, 28.223833593426036, 0.0 ], [ 77.127486076951541, 28.223292204995616, 0.0 ], [ 77.126620076700618, 28.222529743134167, 0.0 ], [ 77.126008824722675, 28.221898126943913, 0.0 ], [ 77.125963008242991, 28.221519128806168, 0.0 ], [ 77.125448553008624, 28.220959725991765, 0.0 ], [ 77.125056355282155, 28.220436319910849, 0.0 ], [ 77.124740464151358, 28.220648409182957, 0.0 ], [ 77.124215822333269, 28.221009381302942, 0.0 ], [ 77.123966296858512, 28.221203385045403, 0.0 ], [ 77.123680996768343, 28.220928176871336, 0.0 ], [ 77.122662255574298, 28.21986333394581, 0.0 ], [ 77.121699591918286, 28.218681298144887, 0.0 ], [ 77.121231052097698, 28.218072168432013, 0.0 ], [ 77.12101204995831, 28.217954921275251, 0.0 ], [ 77.120629988009412, 28.217968426005545, 0.0 ], [ 77.120375332659947, 28.218103758828661, 0.0 ], [ 77.119876076229943, 28.218383469744754, 0.0 ], [ 77.119188441337002, 28.21859544566583, 0.0 ], [ 77.117594106503603, 28.219136835129607, 0.0 ], [ 77.11663146397936, 28.219398444496935, 0.0 ], [ 77.116830065750477, 28.219953387103043, 0.0 ], [ 77.116371564999596, 28.219903725700494, 0.0 ], [ 77.11599982301604, 28.219903704548429, 0.0 ], [ 77.115704367915299, 28.219660037249163, 0.0 ], [ 77.115164435423111, 28.21930365861175, 0.0 ], [ 77.114972154003397, 28.218800228429505, 0.0 ], [ 77.114105036343474, 28.219339620662673, 0.0 ], [ 77.113330759098289, 28.219632856152597, 0.0 ], [ 77.112062305247875, 28.220268856373952, 0.0 ], [ 77.11089582001064, 28.221008667574875, 0.0 ], [ 77.109408342109006, 28.221734921009709, 0.0 ], [ 77.108598324278049, 28.222149868940026, 0.0 ], [ 77.107701741453852, 28.22258744145628, 0.0 ], [ 77.106606512612373, 28.223119658408699, 0.0 ], [ 77.105985051859236, 28.223430892213514, 0.0 ], [ 77.105669161326972, 28.223660985280965, 0.0 ], [ 77.105832127164049, 28.22388208044033, 0.0 ], [ 77.105984884669098, 28.2240760824339, 0.0 ], [ 77.106280330967806, 28.224423542328282, 0.0 ], [ 77.106596076612078, 28.224901801490823, 0.0 ], [ 77.106704618400158, 28.225271991440863, 0.0 ], [ 77.106453579778375, 28.225325798268379, 0.0 ], [ 77.106453317295674, 28.225325854994189, 0.0 ], [ 77.106244443404577, 28.22547020156885, 0.0 ], [ 77.105994897256039, 28.225587472571792, 0.0 ], [ 77.10518480257052, 28.226083704243926, 0.0 ], [ 77.104308617749794, 28.226566329972115, 0.0 ], [ 77.103600428774797, 28.227048984455891, 0.0 ], [ 77.10331517227776, 28.227215888271946, 0.0 ], [ 77.102989027248356, 28.227495493751523, 0.0 ], [ 77.102866807067116, 28.227242818030007, 0.0 ], [ 77.102581649173374, 28.226999144709897, 0.0 ], [ 77.102235284715064, 28.226611132114552, 0.0 ], [ 77.101929755944198, 28.22626363712245, 0.0 ], [ 77.101710804563467, 28.225992956639924, 0.0 ], [ 77.101557926935314, 28.226010916849432, 0.0 ], [ 77.101216587465615, 28.226227406740506, 0.0 ], [ 77.100875254278364, 28.226407891321713, 0.0 ], [ 77.100646018322237, 28.226475479807512, 0.0 ], [ 77.10026392133409, 28.226556608345629, 0.0 ], [ 77.099968503223081, 28.226678363022351, 0.0 ], [ 77.099698522237546, 28.226709942445527, 0.0 ], [ 77.099566148730773, 28.226515891846642, 0.0 ], [ 77.099469353675715, 28.226281320068001, 0.0 ], [ 77.099148532548412, 28.225839034673267, 0.0 ], [ 77.098995756431762, 28.2255863716161, 0.0 ], [ 77.098985664602225, 28.225216469197935, 0.0 ], [ 77.098899194385581, 28.225004387756965, 0.0 ], [ 77.098812624554427, 28.22485998492095, 0.0 ], [ 77.098746393216786, 28.224625304083361, 0.0 ], [ 77.098899249819496, 28.224444921811724, 0.0 ], [ 77.098843289454464, 28.224250870243573, 0.0 ], [ 77.098649786359275, 28.224025271956801, 0.0 ], [ 77.09831882854958, 28.223637192028047, 0.0 ], [ 77.098033499049805, 28.22359203074663, 0.0 ], [ 77.097447767928784, 28.223397895690081, 0.0 ], [ 77.097127003180361, 28.223077513431409, 0.0 ], [ 77.097020056098899, 28.222833890046878, 0.0 ], [ 77.096877646004856, 28.222021692304853, 0.0 ], [ 77.096831884269562, 28.22176007664099, 0.0 ], [ 77.096592546328296, 28.22139910077037, 0.0 ], [ 77.096536605491892, 28.220965922038385, 0.0 ], [ 77.09639406176602, 28.220636577321145, 0.0 ], [ 77.096276978358603, 28.220577825381323, 0.0 ], [ 77.096164894877916, 28.220550758031052, 0.0 ], [ 77.095935647500809, 28.220492099463733, 0.0 ], [ 77.095619926853459, 28.220392715322941, 0.0 ], [ 77.095477312545498, 28.220288963029212, 0.0 ], [ 77.095360229895832, 28.220230299424458, 0.0 ], [ 77.095101584801483, 28.220144123752306, 0.0 ], [ 77.094918721314485, 28.220093192578855, 0.0 ], [ 77.094614347664901, 28.220028772071988, 0.0 ], [ 77.094291386344423, 28.219899387953102, 0.0 ], [ 77.094092480333046, 28.219913948246536, 0.0 ], [ 77.093725174194731, 28.220175755258829, 0.0 ], [ 77.09337350367916, 28.220672026414473, 0.0 ], [ 77.093179947458253, 28.220834347463963, 0.0 ], [ 77.092904770730783, 28.221068934995667, 0.0 ], [ 77.092675529182415, 28.221339543242497, 0.0 ], [ 77.092578602129052, 28.221551547604736, 0.0 ], [ 77.092761968514168, 28.221822339650615, 0.0 ], [ 77.092894295494148, 28.222025421763412, 0.0 ], [ 77.093036836111622, 28.222287091864704, 0.0 ], [ 77.093133580848416, 28.222499199182298, 0.0 ], [ 77.093057085078172, 28.222693115485608, 0.0 ], [ 77.092807526954729, 28.222810364343946, 0.0 ], [ 77.092588489027463, 28.222810377375922, 0.0 ], [ 77.092303223349305, 28.222877999317831, 0.0 ], [ 77.091732629604564, 28.223198136311073, 0.0 ], [ 77.09144733028667, 28.223342456424902, 0.0 ], [ 77.091228231588644, 28.223459686964585, 0.0 ], [ 77.091116152240559, 28.223364937352773, 0.0 ], [ 77.090886996914122, 28.223274688451749, 0.0 ], [ 77.090769794649574, 28.223518222982023, 0.0 ], [ 77.090627098811098, 28.223671642418523, 0.0 ], [ 77.090484402052056, 28.223856553062337, 0.0 ], [ 77.090265417878584, 28.223739164492255, 0.0 ], [ 77.090056603584486, 28.223594818495314, 0.0 ], [ 77.089969993066163, 28.223730144824785, 0.0 ], [ 77.089796758136359, 28.223874464332582, 0.0 ], [ 77.089618412182176, 28.224023283420252, 0.0 ], [ 77.089353482451628, 28.224167559344711, 0.0 ], [ 77.089246498671258, 28.223973561675752, 0.0 ], [ 77.089170233772109, 28.223729915352823, 0.0 ], [ 77.088877623030839, 28.223645502396469, 0.0 ], [ 77.088751651221813, 28.223718054719406, 0.0 ], [ 77.088558951401666, 28.223829038191109, 0.0 ], [ 77.088151322436588, 28.224058963439234, 0.0 ], [ 77.087473781072873, 28.224397228636843, 0.0 ], [ 77.086775702332531, 28.224784982960085, 0.0 ], [ 77.086520987560462, 28.22495183955003, 0.0 ], [ 77.08630190851386, 28.225190970730416, 0.0 ], [ 77.086301782706599, 28.225425497016943, 0.0 ], [ 77.086454562618158, 28.22556998141723, 0.0 ], [ 77.086642999785226, 28.225714372488049, 0.0 ], [ 77.086785520077413, 28.22584980782873, 0.0 ], [ 77.086841494984199, 28.225998655914371, 0.0 ], [ 77.086642868777915, 28.226147510197606, 0.0 ], [ 77.086031356508556, 28.22663906719162, 0.0 ], [ 77.08469635422307, 28.227685422119649, 0.0 ], [ 77.083610996630625, 28.228488200886723, 0.0 ], [ 77.08247471548512, 28.229408242981158, 0.0 ], [ 77.081939717384074, 28.229728430280428, 0.0 ], [ 77.081619886586751, 28.229933245738177, 0.0 ], [ 77.081348841022333, 28.229579332669346, 0.0 ], [ 77.081196063161059, 28.229434932347122, 0.0 ], [ 77.080931293987675, 28.22920019722471, 0.0 ], [ 77.0805035045843, 28.228870756059923, 0.0 ], [ 77.079933190107454, 28.228410383236923, 0.0 ], [ 77.07937813123867, 28.227927396901784, 0.0 ], [ 77.079255265396753, 28.227808485390014, 0.0 ], [ 77.07904711468197, 28.227607036499329, 0.0 ], [ 77.078705884312527, 28.227390333481193, 0.0 ], [ 77.078028657715706, 28.22669073435625, 0.0 ], [ 77.077438132147776, 28.226058934729849, 0.0 ], [ 77.076791561670674, 28.225242097909856, 0.0 ], [ 77.076516610373304, 28.224822430562639, 0.0 ], [ 77.076374161869197, 28.224511020728251, 0.0 ], [ 77.076089185675173, 28.223725955428385, 0.0 ], [ 77.075824471302667, 28.223355849574233, 0.0 ], [ 77.075615966343548, 28.222742155940836, 0.0 ], [ 77.075544382322406, 28.222684029830827, 0.0 ], [ 77.075013774264335, 28.222253188472529, 0.0 ], [ 77.074980263486523, 28.222192275010435, 0.0 ], [ 77.074587610824082, 28.221478560327373, 0.0 ], [ 77.074429971898368, 28.220797226399679, 0.0 ], [ 77.074410078265245, 28.219863303493508, 0.0 ], [ 77.074278261068102, 28.218572924904603, 0.0 ], [ 77.074135816016124, 28.218202858398456, 0.0 ], [ 77.074085688236892, 28.217733573569955, 0.0 ], [ 77.073881468510621, 28.217664342544818, 0.0 ], [ 77.073433185050888, 28.21751237245563, 0.0 ], [ 77.073092073447455, 28.217241507367643, 0.0 ], [ 77.072674795929814, 28.216334451408386, 0.0 ], [ 77.072216731049906, 28.215567337957086, 0.0 ], [ 77.071931795685273, 28.215129583450075, 0.0 ], [ 77.071942116533407, 28.214714515295995, 0.0 ], [ 77.071942336879758, 28.21433551604267, 0.0 ], [ 77.071728310753841, 28.21452040472181, 0.0 ], [ 77.071443043546537, 28.214714315447413, 0.0 ], [ 77.071203507355236, 28.214818016089701, 0.0 ], [ 77.07090296262777, 28.214917137605354, 0.0 ], [ 77.070577024581951, 28.214993719788801, 0.0 ], [ 77.069996301307654, 28.215070190817524, 0.0 ], [ 77.069654945949495, 28.215187341965983, 0.0 ], [ 77.069018099350714, 28.215507395163161, 0.0 ], [ 77.067739276109805, 28.21630999778159, 0.0 ], [ 77.066791588718701, 28.216878021125584, 0.0 ], [ 77.066185156635029, 28.217360571116458, 0.0 ], [ 77.065619579389093, 28.217716710087881, 0.0 ], [ 77.065354978126834, 28.217175220910754, 0.0 ], [ 77.065146437440433, 28.21677807623286, 0.0 ], [ 77.064942876743757, 28.216385459347478, 0.0 ], [ 77.064785030089936, 28.216245538772441, 0.0 ], [ 77.064617004328127, 28.216164245458202, 0.0 ], [ 77.064377605634647, 28.216132576674152, 0.0 ], [ 77.064056742898202, 28.216150502791219, 0.0 ], [ 77.063898813065009, 28.216249712946535, 0.0 ], [ 77.063073625910931, 28.216280933742819, 0.0 ], [ 77.062003704898885, 28.216745101421967, 0.0 ], [ 77.061366765777308, 28.217173405205756, 0.0 ], [ 77.060862150548516, 28.21775519336213, 0.0 ], [ 77.060749824842361, 28.218165751988298, 0.0 ], [ 77.060706356469893, 28.218533449252302, 0.0 ], [ 77.060662889934619, 28.21890114542914, 0.0 ], [ 77.060677989509301, 28.219135714688662, 0.0 ], [ 77.060994217897374, 28.219735181248279, 0.0 ], [ 77.060031749914756, 28.220125794455669, 0.0 ], [ 77.057911014151927, 28.221020309876508, 0.0 ], [ 77.055668829470676, 28.222517060168492, 0.0 ], [ 77.054741388377991, 28.223057990287018, 0.0 ], [ 77.055632104054084, 28.224141260429626, 0.0 ], [ 77.055926996189001, 28.22499417460125, 0.0 ], [ 77.056465831267104, 28.226735959472059, 0.0 ], [ 77.056684530810486, 28.227227803344029, 0.0 ], [ 77.057259714048655, 28.228085340234021, 0.0 ], [ 77.057469570802624, 28.228588538341647, 0.0 ], [ 77.057498727281811, 28.228658451877845, 0.0 ], [ 77.057686945688829, 28.229069087328902, 0.0 ], [ 77.057686701958204, 28.229560885454074, 0.0 ], [ 77.057482786915983, 28.229691550794797, 0.0 ], [ 77.057390986343094, 28.229872055166226, 0.0 ], [ 77.057390880813927, 28.230052440166052, 0.0 ], [ 77.057435509291793, 28.23194287674011, 0.0 ], [ 77.057455691987101, 28.232330955617272, 0.0 ], [ 77.057501143464862, 28.232958053818781, 0.0 ], [ 77.057540842375303, 28.23459129589078, 0.0 ], [ 77.057586533754616, 28.234938744392394, 0.0 ], [ 77.057499304276647, 28.235872663383219, 0.0 ], [ 77.05725942329974, 28.236630477569598, 0.0 ], [ 77.057366204682594, 28.236901208635366, 0.0 ], [ 77.057452655753977, 28.237248673833996, 0.0 ], [ 77.057783230801135, 28.238142101753702, 0.0 ], [ 77.057935606036907, 28.238882101874776, 0.0 ], [ 77.058240890515876, 28.239423712395968, 0.0 ], [ 77.058459635761594, 28.240064442226043, 0.0 ], [ 77.058505217994167, 28.240416402631382, 0.0 ], [ 77.05835217921755, 28.24080429330413, 0.0 ], [ 77.058285860805825, 28.240980262167383, 0.0 ], [ 77.058173563930225, 28.241192206313219, 0.0 ], [ 77.058020757920403, 28.241210207763839, 0.0 ], [ 77.057832038000242, 28.241602605473673, 0.0 ], [ 77.057525937932837, 28.242202510440297, 0.0 ], [ 77.057240376221884, 28.242725764365808, 0.0 ], [ 77.056602824570135, 28.243794747315675, 0.0 ], [ 77.056363247076192, 28.244006620864159, 0.0 ], [ 77.055945323581966, 28.244164326842935, 0.0 ], [ 77.054544133087049, 28.244416315867252, 0.0 ], [ 77.053402756813611, 28.244587146035279, 0.0 ], [ 77.052200242535733, 28.244726398311162, 0.0 ], [ 77.051466686704188, 28.244626780411323, 0.0 ], [ 77.048970253369319, 28.244607382228907, 0.0 ], [ 77.047151504496057, 28.244488995053267, 0.0 ], [ 77.045745190365309, 28.244623572099695, 0.0 ], [ 77.043752797982506, 28.245028503441379, 0.0 ], [ 77.041801169296065, 28.245455894697354, 0.0 ], [ 77.039915944626401, 28.245630684572973, 0.0 ], [ 77.038535215880543, 28.245611764135685, 0.0 ], [ 77.036696046722511, 28.245529457077588, 0.0 ], [ 77.03549376521147, 28.245393333080983, 0.0 ], [ 77.033674896421701, 28.245333422922908, 0.0 ], [ 77.032930786199358, 28.245702918572412, 0.0 ], [ 77.032227043323616, 28.246460378030172, 0.0 ], [ 77.03207372608361, 28.246925037649934, 0.0 ], [ 77.03163504312792, 28.247565394392289, 0.0 ], [ 77.031395491133324, 28.247641958024317, 0.0 ], [ 77.030233622908966, 28.247875706625887, 0.0 ], [ 77.028129342864446, 28.247991595584647, 0.0 ], [ 77.027074849785521, 28.247814854437259, 0.0 ], [ 77.025852337350031, 28.247466615705754, 0.0 ], [ 77.024930408131638, 28.247213263446966, 0.0 ], [ 77.024120256853493, 28.247212633829655, 0.0 ], [ 77.023177699711383, 28.247248067290265, 0.0 ], [ 77.022793111865681, 28.247393811985638, 0.0 ], [ 77.022419864734175, 28.24748173520678, 0.0 ], [ 77.022341847763727, 28.247500112754082, 0.0 ], [ 77.022122670747081, 28.247657845349025, 0.0 ], [ 77.021756393136471, 28.247856013143139, 0.0 ], [ 77.021292344201925, 28.248203077812857, 0.0 ], [ 77.020987570698495, 28.248717793016333, 0.0 ], [ 77.020841136896635, 28.249053028916794, 0.0 ], [ 77.020590227731006, 28.249462813423555, 0.0 ], [ 77.020555225018143, 28.249687501445326, 0.0 ], [ 77.020710179738785, 28.250533087061246, 0.0 ], [ 77.020885198970447, 28.251488142488775, 0.0 ], [ 77.021405995584018, 28.254329944421638, 0.0 ], [ 77.021411958235348, 28.25446174677165, 0.0 ], [ 77.02144769894285, 28.255251874919111, 0.0 ], [ 77.021577826090848, 28.257638516227704, 0.0 ], [ 77.021577807307281, 28.259169101440857, 0.0 ], [ 77.021513573089592, 28.260048179562865, 0.0 ], [ 77.02131390351002, 28.261416564099026, 0.0 ], [ 77.02119123149626, 28.262000948096183, 0.0 ], [ 77.021011052016689, 28.262638309143341, 0.0 ], [ 77.02051122918887, 28.263788209341399, 0.0 ], [ 77.020251263520009, 28.264739948892654, 0.0 ], [ 77.020126535864748, 28.265401042397407, 0.0 ], [ 77.020109158617771, 28.265861208424369, 0.0 ], [ 77.020142107931207, 28.266155369610221, 0.0 ], [ 77.020321618623854, 28.266881519577179, 0.0 ], [ 77.020386674035706, 28.267501432216637, 0.0 ], [ 77.020451732188675, 28.268121343387485, 0.0 ], [ 77.020458600163622, 28.269584339056625, 0.0 ], [ 77.020469723130333, 28.271652427372988, 0.0 ], [ 77.020370160880034, 28.273193839190082, 0.0 ], [ 77.020365461368669, 28.27326660361506, 0.0 ], [ 77.02006882869577, 28.27482709192363, 0.0 ], [ 77.019943405192663, 28.275704884386329, 0.0 ], [ 77.020036960661614, 28.276212516837735, 0.0 ], [ 77.019884805992973, 28.276945271311867, 0.0 ], [ 77.019545574005122, 28.277999191438258, 0.0 ], [ 77.019432388212465, 28.278369862573506, 0.0 ], [ 77.019431765035222, 28.278371903248082, 0.0 ], [ 77.019053772576996, 28.279609771221903, 0.0 ], [ 77.01847389963342, 28.280888914551227, 0.0 ], [ 77.018159212652762, 28.28159569199217, 0.0 ], [ 77.017918648597046, 28.282773572838998, 0.0 ], [ 77.017736090397705, 28.283307029687467, 0.0 ], [ 77.017335902370249, 28.283777238394403, 0.0 ], [ 77.016113986198448, 28.284650132085432, 0.0 ], [ 77.015656507548769, 28.285164285264184, 0.0 ], [ 77.015306678587066, 28.285658116087781, 0.0 ], [ 77.014908223989849, 28.286444398641951, 0.0 ], [ 77.014562882968306, 28.286960898681421, 0.0 ], [ 77.014211322366307, 28.287328271971131, 0.0 ], [ 77.013481353083904, 28.287922493429349, 0.0 ], [ 77.013104687601597, 28.288465421283277, 0.0 ], [ 77.012899654927679, 28.289075153564571, 0.0 ], [ 77.01283032848184, 28.289759969110424, 0.0 ], [ 77.012787699297618, 28.290400196592309, 0.0 ], [ 77.012799332828337, 28.291109282936088, 0.0 ], [ 77.012815537051878, 28.293172943319874, 0.0 ], [ 77.01265313291664, 28.294858116875822, 0.0 ], [ 77.012471644887526, 28.295540579850957, 0.0 ], [ 77.012474455301799, 28.295673829971651, 0.0 ], [ 77.012482887683035, 28.296073577443625, 0.0 ], [ 77.012349908433677, 28.296468100294273, 0.0 ], [ 77.012066237443591, 28.29734707846648, 0.0 ], [ 77.011651026855688, 28.298566426830419, 0.0 ], [ 77.011258107106158, 28.29952437837623, 0.0 ], [ 77.010761815288006, 28.300913590390547, 0.0 ], [ 77.01038516547068, 28.302025386840533, 0.0 ], [ 77.010257994585089, 28.302392941385381, 0.0 ], [ 77.00993367010004, 28.303645794179733, 0.0 ], [ 77.009971315963085, 28.303763971967307, 0.0 ], [ 77.010262096057488, 28.304144807077996, 0.0 ], [ 77.010689232076999, 28.30476779195229, 0.0 ], [ 77.01083034657583, 28.305213210817112, 0.0 ], [ 77.010807681616768, 28.305488144267667, 0.0 ], [ 77.010552441822114, 28.305875586176498, 0.0 ], [ 77.010078226168687, 28.306439031873627, 0.0 ], [ 77.008727855118096, 28.307715502572574, 0.0 ], [ 77.00632567420908, 28.309024052934777, 0.0 ], [ 77.003532213664357, 28.311033176569019, 0.0 ], [ 77.003557053243185, 28.312198537997553, 0.0 ], [ 77.003583238168716, 28.313503888440284, 0.0 ], [ 77.003508862181491, 28.314184072145231, 0.0 ], [ 77.003304687471186, 28.314568059414736, 0.0 ], [ 77.00313268931049, 28.315083653970937, 0.0 ], [ 77.003121842001974, 28.315101250835674, 0.0 ], [ 77.003042010881231, 28.315230737020332, 0.0 ], [ 77.002506428239684, 28.316176631023183, 0.0 ], [ 77.002083118472456, 28.316741117158681, 0.0 ], [ 77.001309560885645, 28.317618792323277, 0.0 ], [ 77.000407788108404, 28.318520854450021, 0.0 ], [ 77.000163412376068, 28.319071039231105, 0.0 ], [ 77.000194995397692, 28.319604458451444, 0.0 ], [ 77.00013090262398, 28.319901089830836, 0.0 ], [ 77.000153036301128, 28.320976094648817, 0.0 ], [ 77.000288807358643, 28.321999310399189, 0.0 ], [ 77.000439267797418, 28.322855783189983, 0.0 ], [ 77.00049075125284, 28.323028431850766, 0.0 ], [ 77.00049221277898, 28.323163907549667, 0.0 ], [ 77.000409298495015, 28.323401450583248, 0.0 ], [ 77.00038405030395, 28.323581512960065, 0.0 ], [ 77.000336586612804, 28.323828832990028, 0.0 ], [ 77.000336229183091, 28.32610516834669, 0.0 ], [ 76.999985431327488, 28.326602592792224, 0.0 ], [ 76.99977157026774, 28.326598091885408, 0.0 ], [ 76.999189769076978, 28.326585847344226, 0.0 ], [ 76.998823838139813, 28.326578144692721, 0.0 ], [ 76.998751960729379, 28.326594689623654, 0.0 ], [ 76.998365490803593, 28.326545920788259, 0.0 ], [ 76.997758532337315, 28.326537655382054, 0.0 ], [ 76.997380320839696, 28.326561293919465, 0.0 ], [ 76.996880089205234, 28.32694806410694, 0.0 ], [ 76.996415307189466, 28.327534233924997, 0.0 ], [ 76.996078736463701, 28.327906389808568, 0.0 ], [ 76.994939350889609, 28.328153269436761, 0.0 ], [ 76.993695790254606, 28.328099962768011, 0.0 ], [ 76.993067327094053, 28.32832148200243, 0.0 ], [ 76.992963396660798, 28.328201902816108, 0.0 ], [ 76.992684142517092, 28.32796124142018, 0.0 ], [ 76.991768551754802, 28.327476894554415, 0.0 ], [ 76.991002426734767, 28.327126627463443, 0.0 ], [ 76.990053578232164, 28.326740894459626, 0.0 ], [ 76.989460601707478, 28.326403306782964, 0.0 ], [ 76.988795250517271, 28.326289925823829, 0.0 ], [ 76.987899678626036, 28.326388394671167, 0.0 ], [ 76.987073915491635, 28.326547024662162, 0.0 ], [ 76.986404893886444, 28.326758628564896, 0.0 ], [ 76.985956227058224, 28.327123875953298, 0.0 ], [ 76.985885425160305, 28.327228787838987, 0.0 ], [ 76.985883920128927, 28.327231018060345, 0.0 ], [ 76.985679843828322, 28.327533400568413, 0.0 ], [ 76.985365322686704, 28.32803241408741, 0.0 ], [ 76.985057503907655, 28.328283252301294, 0.0 ], [ 76.985160880564607, 28.328989755936217, 0.0 ], [ 76.985224372607561, 28.329094939614166, 0.0 ], [ 76.985403917404355, 28.329437350265167, 0.0 ], [ 76.98606796037231, 28.33073360668266, 0.0 ], [ 76.985937179664759, 28.330852743831066, 0.0 ], [ 76.985537315338334, 28.331110665945083, 0.0 ], [ 76.985064592563958, 28.33142122432249, 0.0 ], [ 76.984385684174327, 28.331808687185035, 0.0 ], [ 76.98379214522727, 28.332057993876262, 0.0 ], [ 76.983431993946013, 28.332167760236658, 0.0 ], [ 76.982829273947203, 28.332001503438871, 0.0 ], [ 76.981909668543963, 28.331665998059876, 0.0 ], [ 76.981316420151984, 28.331527022970125, 0.0 ], [ 76.980834783952631, 28.331223358662932, 0.0 ], [ 76.980314671840233, 28.33083309640261, 0.0 ], [ 76.979391504952744, 28.330064074054874, 0.0 ], [ 76.979048517630403, 28.329916847308944, 0.0 ], [ 76.978682658551605, 28.330049055398135, 0.0 ], [ 76.978476444964656, 28.330315577446711, 0.0 ], [ 76.978184939531346, 28.330905359486589, 0.0 ], [ 76.978091586811402, 28.331526431040675, 0.0 ], [ 76.977952883752593, 28.332503214827277, 0.0 ], [ 76.977992000290726, 28.333131607565544, 0.0 ], [ 76.97795489437226, 28.333559732638875, 0.0 ], [ 76.977879158500599, 28.334095393777876, 0.0 ], [ 76.977769189153506, 28.334576151973092, 0.0 ], [ 76.977707438665036, 28.334972148980551, 0.0 ], [ 76.977770864225064, 28.335456582431281, 0.0 ], [ 76.977683645327119, 28.33566241608591, 0.0 ], [ 76.977454518170092, 28.335644014255102, 0.0 ], [ 76.977345252971062, 28.335533341139268, 0.0 ], [ 76.977104981706191, 28.335361198702017, 0.0 ], [ 76.976886242794748, 28.334959254360641, 0.0 ], [ 76.976639507441121, 28.334272280603823, 0.0 ], [ 76.976367186354338, 28.333399654382838, 0.0 ], [ 76.976280715718502, 28.33282443314058, 0.0 ], [ 76.976077685262837, 28.332219651782236, 0.0 ], [ 76.975909131755614, 28.331660749910959, 0.0 ], [ 76.975515425474256, 28.331313784721726, 0.0 ], [ 76.975023449169512, 28.331204019791677, 0.0 ], [ 76.974019792773262, 28.331146602697956, 0.0 ], [ 76.97330314858317, 28.331230717982486, 0.0 ], [ 76.972693390287262, 28.331136504638089, 0.0 ], [ 76.972461254476983, 28.331041278808719, 0.0 ], [ 76.972199172012409, 28.330733216929001, 0.0 ], [ 76.972025458603156, 28.330553448562867, 0.0 ], [ 76.971830165772602, 28.330228745153647, 0.0 ], [ 76.971828167696103, 28.329926207033843, 0.0 ], [ 76.971815442235084, 28.329266766260186, 0.0 ], [ 76.97168995741184, 28.328437880021305, 0.0 ], [ 76.971176098138045, 28.327442722270561, 0.0 ], [ 76.970362437188726, 28.326590183099459, 0.0 ], [ 76.969837607762841, 28.326375859797771, 0.0 ], [ 76.969397951785339, 28.326407147763309, 0.0 ], [ 76.969191157220891, 28.326506593812724, 0.0 ], [ 76.969043717231216, 28.326675024888896, 0.0 ], [ 76.968981694522185, 28.327080045056686, 0.0 ], [ 76.968757591407183, 28.327440985285254, 0.0 ], [ 76.968243475077415, 28.327583557993858, 0.0 ], [ 76.967737645044934, 28.327608919710066, 0.0 ], [ 76.967139949702144, 28.327447215642803, 0.0 ], [ 76.966210350668931, 28.327106881446902, 0.0 ], [ 76.965803989238211, 28.327039539604975, 0.0 ], [ 76.96513128067825, 28.326822051999979, 0.0 ], [ 76.964522725959526, 28.326872303040005, 0.0 ], [ 76.963963571623225, 28.326982299568371, 0.0 ], [ 76.963533988856668, 28.327018298363292, 0.0 ], [ 76.963169773854645, 28.32690218466059, 0.0 ], [ 76.962748908999657, 28.326617810697744, 0.0 ], [ 76.962533627465419, 28.326653857576947, 0.0 ], [ 76.961770135978611, 28.327522506031105, 0.0 ], [ 76.961444072197523, 28.327316903447485, 0.0 ], [ 76.961066843335374, 28.327537304739923, 0.0 ], [ 76.960303389015792, 28.327983362475742, 0.0 ], [ 76.959895489055882, 28.327785040155451, 0.0 ], [ 76.959629887693083, 28.327607810584951, 0.0 ], [ 76.959476044013229, 28.327261398845881, 0.0 ], [ 76.959217882294979, 28.326623810472572, 0.0 ], [ 76.958917450528787, 28.326039496416524, 0.0 ], [ 76.958581760719028, 28.325251259546956, 0.0 ], [ 76.958498953232507, 28.324545170670511, 0.0 ], [ 76.958020128387247, 28.32339268717287, 0.0 ], [ 76.956870328799738, 28.323458447370676, 0.0 ], [ 76.956426935590329, 28.323439950541431, 0.0 ], [ 76.955791738534785, 28.323345120745252, 0.0 ], [ 76.955228178383123, 28.323242787825151, 0.0 ], [ 76.95471297563428, 28.323051187105751, 0.0 ], [ 76.954286359858941, 28.322978865198003, 0.0 ], [ 76.954349468409319, 28.322722863415898, 0.0 ], [ 76.954439026267551, 28.321871461453448, 0.0 ], [ 76.954629388916601, 28.321252472497491, 0.0 ], [ 76.954663449194598, 28.320752045791036, 0.0 ], [ 76.954516699289456, 28.320333539794792, 0.0 ], [ 76.954403727484603, 28.320173104574518, 0.0 ], [ 76.953945052620583, 28.320154275113865, 0.0 ], [ 76.953530544003399, 28.32019959509962, 0.0 ], [ 76.953301452008986, 28.320181155400402, 0.0 ], [ 76.953035630739393, 28.320012937627382, 0.0 ], [ 76.952917685663223, 28.319847879366318, 0.0 ], [ 76.952826222166067, 28.319647270442445, 0.0 ], [ 76.952723698206185, 28.319478026323821, 0.0 ], [ 76.952356833270983, 28.319086416959454, 0.0 ], [ 76.951543549567333, 28.318414365159921, 0.0 ], [ 76.952263480366184, 28.317833791168891, 0.0 ], [ 76.952660813751791, 28.317295980416493, 0.0 ], [ 76.952786046353026, 28.316820076669547, 0.0 ], [ 76.952623374542611, 28.315863952054087, 0.0 ], [ 76.952215883127835, 28.315092219890708, 0.0 ], [ 76.951804329652504, 28.314469390344041, 0.0 ], [ 76.95137819425949, 28.314193898339315, 0.0 ], [ 76.950819907204476, 28.314087142943499, 0.0 ], [ 76.95035628118714, 28.314063680057966, 0.0 ], [ 76.950032956606336, 28.314133517379339, 0.0 ], [ 76.949904297373962, 28.314361025574396, 0.0 ], [ 76.949846035277488, 28.314626159555171, 0.0 ], [ 76.949828608015522, 28.315077278335117, 0.0 ], [ 76.949843498056836, 28.315465880715877, 0.0 ], [ 76.949907609347832, 28.315733631605831, 0.0 ], [ 76.949928665784071, 28.315896620276288, 0.0 ], [ 76.949972504917056, 28.316159422795181, 0.0 ], [ 76.94993468241654, 28.316610104815371, 0.0 ], [ 76.949726002747525, 28.317151945717004, 0.0 ], [ 76.949499639008607, 28.317594077258686, 0.0 ], [ 76.94912128632123, 28.317996837748844, 0.0 ], [ 76.948799103132117, 28.318211173073582, 0.0 ], [ 76.948406844932478, 28.317629383359741, 0.0 ], [ 76.947785300900406, 28.316663429317412, 0.0 ], [ 76.94738535934323, 28.316736134340996, 0.0 ], [ 76.94684379580309, 28.31695028194768, 0.0 ], [ 76.946475720158332, 28.317163629020641, 0.0 ], [ 76.945972846278551, 28.317455355829683, 0.0 ], [ 76.945420744896779, 28.317867927725302, 0.0 ], [ 76.944983202157076, 28.318382282425574, 0.0 ], [ 76.944513913229116, 28.318751477743739, 0.0 ], [ 76.94417252176207, 28.318735129841532, 0.0 ], [ 76.943850292350746, 28.318764342588803, 0.0 ], [ 76.943312880512352, 28.318639946703946, 0.0 ], [ 76.942685168767284, 28.318459433828249, 0.0 ], [ 76.94194191181775, 28.318213231427954, 0.0 ], [ 76.940879055083087, 28.318086583566437, 0.0 ], [ 76.94013643439331, 28.317072848469664, 0.0 ], [ 76.940069431332333, 28.315983144395855, 0.0 ], [ 76.940386571130929, 28.315768979483082, 0.0 ], [ 76.940407350052411, 28.315769379773158, 0.0 ], [ 76.940649914400566, 28.31581072900002, 0.0 ], [ 76.940957754911807, 28.315972687177595, 0.0 ], [ 76.940977852339785, 28.316000608137205, 0.0 ], [ 76.940889887154952, 28.314934223972184, 0.0 ], [ 76.940800288003217, 28.314354260916964, 0.0 ], [ 76.940576352155801, 28.313321970275165, 0.0 ], [ 76.940382633136778, 28.31274918084711, 0.0 ], [ 76.939789560524986, 28.310672620636993, 0.0 ], [ 76.939591819842093, 28.309842755276957, 0.0 ], [ 76.939398508048882, 28.307994174323877, 0.0 ], [ 76.939471118078799, 28.30716033883747, 0.0 ], [ 76.939346848901621, 28.305882145808035, 0.0 ], [ 76.938715921615383, 28.303657992487221, 0.0 ], [ 76.938203325369329, 28.301693109254504, 0.0 ], [ 76.938398044249496, 28.301384798455427, 0.0 ], [ 76.938440114251549, 28.300945044463852, 0.0 ], [ 76.938572169094044, 28.299809465461166, 0.0 ], [ 76.938667212577499, 28.298489607359816, 0.0 ], [ 76.938760500793194, 28.296820933978736, 0.0 ], [ 76.938606911292212, 28.295468743897615, 0.0 ], [ 76.938100729242819, 28.293246983369414, 0.0 ], [ 76.937625142749724, 28.29188858246992, 0.0 ], [ 76.936468308409289, 28.289085193930344, 0.0 ], [ 76.936468536912443, 28.289076019704968, 0.0 ], [ 76.935886088505185, 28.289514521567064, 0.0 ], [ 76.934464225312965, 28.290276413556814, 0.0 ], [ 76.934032423148878, 28.2905067128296, 0.0 ], [ 76.932324829368824, 28.29147416788696, 0.0 ], [ 76.930585815564712, 28.292450175463085, 0.0 ], [ 76.928846995321194, 28.293416988320502, 0.0 ], [ 76.927117389782879, 28.294429852064702, 0.0 ], [ 76.925580213107295, 28.295226139907172, 0.0 ], [ 76.925437066857, 28.29513158086235, 0.0 ], [ 76.924702609216169, 28.294575815431479, 0.0 ], [ 76.923182237842141, 28.29344491614264, 0.0 ], [ 76.92275839559565, 28.293354088749187, 0.0 ], [ 76.92210168164803, 28.293433133455395, 0.0 ], [ 76.921465967488928, 28.293503403994237, 0.0 ], [ 76.921106837122409, 28.293735075302667, 0.0 ], [ 76.92068336881043, 28.293212957910729, 0.0 ], [ 76.920165488919963, 28.292725614363384, 0.0 ], [ 76.919579796033887, 28.292457239003198, 0.0 ], [ 76.918652456299029, 28.292136331075824, 0.0 ], [ 76.917653784623283, 28.291758957894416, 0.0 ], [ 76.916803521411481, 28.291265141294328, 0.0 ], [ 76.916413147021558, 28.291083156760671, 0.0 ], [ 76.915953038072502, 28.290780492191516, 0.0 ], [ 76.915467040965552, 28.290266211141486, 0.0 ], [ 76.915100424774195, 28.289965362065594, 0.0 ], [ 76.914433035576593, 28.289640300624917, 0.0 ], [ 76.913505734290808, 28.289319356874977, 0.0 ], [ 76.912889372811691, 28.289031997350488, 0.0 ], [ 76.912581650086238, 28.288869965896261, 0.0 ], [ 76.912240182270523, 28.288395201690012, 0.0 ], [ 76.911964253463452, 28.287793211226301, 0.0 ], [ 76.911616766648137, 28.287143933031803, 0.0 ], [ 76.911349165739082, 28.286624711971296, 0.0 ], [ 76.910969605202055, 28.286011520683232, 0.0 ], [ 76.910802667384118, 28.285622760891325, 0.0 ], [ 76.910802383220442, 28.285218891218562, 0.0 ], [ 76.910827677512756, 28.285144553679679, 0.0 ], [ 76.911042212883117, 28.284899146896393, 0.0 ], [ 76.911954489086085, 28.283847354372632, 0.0 ], [ 76.913302376867662, 28.282293282360797, 0.0 ], [ 76.914935045779245, 28.280427807340061, 0.0 ], [ 76.91535803530293, 28.279886130579595, 0.0 ], [ 76.91631812363471, 28.278918117060588, 0.0 ], [ 76.917125010080809, 28.278326045153246, 0.0 ], [ 76.917122912724452, 28.278032523447159, 0.0 ], [ 76.916646831728031, 28.27680316123892, 0.0 ], [ 76.91606271481993, 28.275792695658769, 0.0 ], [ 76.915574566755708, 28.275001026672239, 0.0 ], [ 76.915131080017659, 28.273885238950808, 0.0 ], [ 76.914716811877966, 28.272819748441322, 0.0 ], [ 76.914605095784182, 28.272248432178063, 0.0 ], [ 76.914449546741182, 28.27104857493822, 0.0 ], [ 76.914469895556195, 28.269942825989801, 0.0 ], [ 76.914517972330572, 28.268756406035756, 0.0 ], [ 76.914349991496138, 28.267637546978019, 0.0 ], [ 76.914003506516877, 28.266519336038577, 0.0 ], [ 76.913422958898707, 28.265382508813758, 0.0 ], [ 76.912738603464391, 28.264496272687499, 0.0 ], [ 76.912271912832807, 28.263668930323046, 0.0 ], [ 76.911333740820893, 28.264032378331081, 0.0 ], [ 76.91090073509821, 28.26416276316403, 0.0 ], [ 76.910634369525667, 28.26424296990637, 0.0 ], [ 76.909832839353484, 28.264275254098667, 0.0 ], [ 76.909650111310398, 28.264244200255423, 0.0 ], [ 76.908902917102367, 28.264155750916856, 0.0 ], [ 76.908064612024816, 28.264042744326737, 0.0 ], [ 76.90754723773756, 28.264126331810189, 0.0 ], [ 76.907104561578166, 28.264274753426314, 0.0 ], [ 76.906900325314723, 28.264283863268879, 0.0 ], [ 76.906139455714765, 28.263400447768902, 0.0 ], [ 76.905278575703164, 28.262262010734794, 0.0 ], [ 76.904472552375083, 28.2609847913503, 0.0 ], [ 76.90403886107012, 28.260257467758507, 0.0 ], [ 76.903388349707342, 28.259073920897695, 0.0 ], [ 76.902716181605328, 28.258120170097062, 0.0 ], [ 76.902364541165554, 28.258112525568308, 0.0 ], [ 76.902073337849103, 28.257948164772237, 0.0 ], [ 76.901670088479023, 28.257411129177395, 0.0 ], [ 76.900566186270339, 28.256213191682729, 0.0 ], [ 76.899516609513725, 28.255079637846126, 0.0 ], [ 76.898512503921353, 28.254145730273432, 0.0 ], [ 76.897279424032604, 28.253378402132427, 0.0 ], [ 76.895612267924861, 28.253369174465025, 0.0 ], [ 76.893956432440277, 28.253319538041477, 0.0 ], [ 76.893290811413493, 28.253417903071046, 0.0 ], [ 76.892784420746025, 28.253474585559378, 0.0 ], [ 76.892014062498134, 28.253855112235996, 0.0 ], [ 76.891037415979781, 28.25450204120726, 0.0 ], [ 76.889951352529948, 28.255232360772677, 0.0 ], [ 76.889129955634601, 28.255796878002776, 0.0 ], [ 76.888834572901089, 28.255966516275436, 0.0 ], [ 76.887980441206437, 28.256241344366593, 0.0 ], [ 76.887106991444639, 28.25666022993191, 0.0 ], [ 76.886232343054445, 28.257304837593253, 0.0 ], [ 76.885151822177903, 28.258017182931848, 0.0 ], [ 76.884015036040736, 28.258917922981858, 0.0 ], [ 76.882810528464788, 28.260051958635849, 0.0 ], [ 76.881942434794823, 28.260642503978577, 0.0 ], [ 76.880330568397653, 28.261388334028755, 0.0 ], [ 76.878684319139182, 28.262268845710452, 0.0 ], [ 76.876916941955443, 28.262920927775927, 0.0 ], [ 76.876062189743223, 28.263338669737763, 0.0 ], [ 76.875696759893771, 28.26351726201592, 0.0 ], [ 76.875267108839935, 28.263927745633215, 0.0 ], [ 76.875040750677087, 28.263633812886443, 0.0 ], [ 76.874220026417788, 28.262347064607319, 0.0 ], [ 76.872853880970567, 28.260506522704755, 0.0 ], [ 76.872029036312412, 28.259368667165905, 0.0 ], [ 76.871282840089975, 28.258336378916525, 0.0 ], [ 76.870662719477849, 28.25699079700729, 0.0 ], [ 76.87047365366702, 28.257004703919247, 0.0 ], [ 76.869820280025294, 28.255572598815228, 0.0 ], [ 76.867686252724667, 28.256026877156213, 0.0 ], [ 76.867394863210421, 28.256103657019395, 0.0 ], [ 76.86728689298414, 28.25545383125823, 0.0 ], [ 76.86725804526283, 28.255259642243843, 0.0 ], [ 76.867003621461436, 28.253546948422034, 0.0 ], [ 76.866939913926956, 28.253204767155804, 0.0 ], [ 76.867263551482623, 28.252773739088255, 0.0 ], [ 76.867093591956646, 28.252299402120013, 0.0 ], [ 76.866330834915871, 28.250091899261868, 0.0 ], [ 76.865938377174672, 28.249127958668979, 0.0 ], [ 76.865444164777358, 28.247931771479738, 0.0 ], [ 76.86418415979908, 28.246278913177061, 0.0 ], [ 76.863035792545958, 28.245127572172208, 0.0 ], [ 76.862503328260075, 28.244437668166377, 0.0 ], [ 76.861613791627093, 28.243361926297734, 0.0 ], [ 76.860922149107637, 28.24235892880661, 0.0 ], [ 76.860587582839955, 28.241741765482946, 0.0 ], [ 76.859917912982596, 28.240314459745857, 0.0 ], [ 76.859324909742043, 28.238799575461325, 0.0 ], [ 76.859098475529805, 28.237935548595871, 0.0 ], [ 76.85808844166273, 28.236237751474729, 0.0 ], [ 76.857745221352204, 28.235602083856623, 0.0 ], [ 76.857484014713421, 28.234592226841187, 0.0 ], [ 76.857178391225219, 28.234849331790397, 0.0 ], [ 76.856806474214139, 28.235079361185296, 0.0 ], [ 76.855767115371975, 28.235580067085014, 0.0 ], [ 76.854875442761056, 28.235995016322619, 0.0 ], [ 76.852980218881655, 28.236973782438852, 0.0 ], [ 76.851120425061765, 28.238047250555091, 0.0 ], [ 76.849887482540296, 28.238665144721484, 0.0 ], [ 76.848853094909757, 28.23915670923364, 0.0 ], [ 76.84700868178308, 28.239873724546435, 0.0 ], [ 76.846423025092932, 28.239097597854641, 0.0 ], [ 76.845760680731175, 28.239282428060257, 0.0 ], [ 76.845077997987701, 28.239440186814726, 0.0 ], [ 76.844818161260562, 28.239399564781241, 0.0 ], [ 76.84448195394998, 28.23919645143928, 0.0 ], [ 76.844140621921881, 28.23916929065734, 0.0 ], [ 76.843768722251795, 28.239254894989976, 0.0 ], [ 76.843346016445665, 28.238708936775939, 0.0 ], [ 76.843121856903252, 28.238609621579741, 0.0 ], [ 76.841404899974776, 28.239155093438892, 0.0 ], [ 76.841373899789033, 28.239164694586865, 0.0 ], [ 76.839978203043259, 28.239596918126846, 0.0 ], [ 76.838959228918753, 28.239885423463402, 0.0 ], [ 76.838307074035242, 28.240029652043511, 0.0 ], [ 76.837583646051826, 28.240106158963641, 0.0 ], [ 76.836223204771088, 28.240408078333406, 0.0 ], [ 76.835183782464142, 28.240723543233013, 0.0 ], [ 76.834536751657055, 28.240953508702635, 0.0 ], [ 76.833904917488823, 28.241124697088448, 0.0 ], [ 76.833288344232002, 28.24146741220736, 0.0 ], [ 76.832753271612802, 28.241683866454299, 0.0 ], [ 76.831912531775586, 28.241927243486845, 0.0 ], [ 76.831265439765332, 28.242184178058022, 0.0 ], [ 76.830730413210247, 28.242427603675083, 0.0 ], [ 76.830144321333648, 28.242801932566795, 0.0 ], [ 76.829079301983384, 28.243315872027935, 0.0 ], [ 76.828590059042071, 28.243663180918531, 0.0 ], [ 76.828365819896391, 28.243965340403818, 0.0 ], [ 76.825935197707864, 28.244681884724383, 0.0 ], [ 76.825900197344723, 28.244690608081918, 0.0 ], [ 76.82329584753252, 28.245339626626293, 0.0 ], [ 76.823294927493833, 28.245338469093234, 0.0 ], [ 76.823293142647685, 28.245336223975428, 0.0 ], [ 76.822338507867428, 28.24413463717466, 0.0 ], [ 76.821513102530787, 28.244233538543707, 0.0 ], [ 76.820443023652743, 28.244621135432958, 0.0 ], [ 76.819474895052451, 28.244873447117392, 0.0 ], [ 76.818257787803475, 28.24376754315756, 0.0 ], [ 76.817758440144218, 28.243965864843531, 0.0 ], [ 76.816703486282051, 28.244597074286514, 0.0 ], [ 76.815796365806335, 28.245016312975086, 0.0 ], [ 76.812201835955747, 28.240809796490044, 0.0 ], [ 76.811539224704632, 28.241224591892223, 0.0 ], [ 76.810178417189192, 28.242198492739277, 0.0 ], [ 76.811583634169054, 28.243737589459347, 0.0 ], [ 76.811894212490131, 28.244121253185174, 0.0 ], [ 76.810028752391958, 28.245356601616944, 0.0 ], [ 76.8089584166256, 28.24604634594958, 0.0 ], [ 76.808102126061414, 28.246533176832756, 0.0 ], [ 76.807633260693265, 28.246830779375784, 0.0 ], [ 76.808330141745287, 28.248613188434661, 0.0 ], [ 76.808915316722661, 28.250001539993246, 0.0 ], [ 76.80995958860359, 28.251653088037614, 0.0 ], [ 76.810755631645534, 28.253061590296767, 0.0 ], [ 76.810941009640516, 28.253606342742998, 0.0 ], [ 76.811000265940578, 28.2537804663834, 0.0 ], [ 76.811047046192698, 28.254106607565234, 0.0 ], [ 76.810982030013037, 28.25424060868438, 0.0 ], [ 76.810230869396193, 28.254652735817203, 0.0 ], [ 76.808350007118847, 28.255518164011253, 0.0 ], [ 76.807784025934609, 28.25569512213611, 0.0 ], [ 76.807221783511821, 28.255741220312256, 0.0 ], [ 76.806516915561701, 28.255960210792963, 0.0 ], [ 76.806040867300197, 28.256140150157286, 0.0 ], [ 76.805434352906246, 28.256369399152078, 0.0 ], [ 76.804922741529055, 28.256606263066686, 0.0 ], [ 76.803903158815331, 28.255526837728986, 0.0 ], [ 76.802750655330101, 28.25428187646013, 0.0 ], [ 76.80210677942857, 28.253617234998298, 0.0 ], [ 76.801984476089501, 28.253614489228045, 0.0 ], [ 76.800520866258466, 28.254331150774977, 0.0 ], [ 76.799867212273256, 28.254542230099055, 0.0 ], [ 76.79932791929555, 28.254855208236812, 0.0 ], [ 76.79873887999355, 28.255302524610698, 0.0 ], [ 76.797931481011744, 28.255717839038741, 0.0 ], [ 76.79691630390019, 28.256087841178768, 0.0 ], [ 76.796566019403556, 28.256210905556145, 0.0 ], [ 76.796403931637286, 28.255995047116166, 0.0 ], [ 76.796124860221539, 28.256124227761365, 0.0 ], [ 76.795766150808873, 28.255473872337227, 0.0 ], [ 76.79568860913912, 28.255333285784126, 0.0 ], [ 76.795493607348007, 28.254665165100182, 0.0 ], [ 76.79557893132376, 28.254179442942878, 0.0 ], [ 76.795740434643875, 28.253704463428999, 0.0 ], [ 76.795756015755956, 28.253339081007539, 0.0 ], [ 76.795818318450003, 28.252767051016068, 0.0 ], [ 76.795937450343601, 28.252169209079327, 0.0 ], [ 76.795990983183358, 28.251547313717548, 0.0 ], [ 76.796082514089434, 28.250844999110072, 0.0 ], [ 76.796072049414036, 28.250321000203417, 0.0 ], [ 76.795984467108354, 28.250174543132854, 0.0 ], [ 76.795822305615701, 28.250000558582965, 0.0 ], [ 76.795062553723099, 28.248890439267104, 0.0 ], [ 76.794319551792327, 28.247694342600202, 0.0 ], [ 76.794055015297403, 28.247166361957774, 0.0 ], [ 76.793938405484255, 28.246385737396512, 0.0 ], [ 76.793938503818168, 28.246378442669084, 0.0 ], [ 76.793965357320403, 28.244391598451095, 0.0 ], [ 76.793303676340315, 28.243552066268467, 0.0 ], [ 76.792601374586681, 28.242464348578284, 0.0 ], [ 76.792087753624173, 28.241318020581197, 0.0 ], [ 76.791502693453168, 28.240140139160491, 0.0 ], [ 76.791345148739509, 28.239688901933381, 0.0 ], [ 76.790729696194603, 28.238362057779202, 0.0 ], [ 76.789177522554198, 28.236281197976329, 0.0 ], [ 76.789175606018304, 28.236277573758763, 0.0 ], [ 76.788480643617987, 28.234963349695441, 0.0 ], [ 76.78795644792848, 28.234344895868386, 0.0 ], [ 76.787503811071929, 28.233464875091617, 0.0 ], [ 76.786806742595431, 28.232340956265759, 0.0 ], [ 76.783967618696522, 28.228265089893274, 0.0 ], [ 76.783087513288734, 28.226919997495212, 0.0 ], [ 76.781560905873604, 28.224996997217218, 0.0 ], [ 76.780817986216974, 28.224148257469899, 0.0 ], [ 76.780502420858241, 28.223877387435618, 0.0 ], [ 76.779309806935046, 28.22453528117676, 0.0 ], [ 76.777893075170567, 28.225301213682048, 0.0 ], [ 76.77678691010864, 28.226166700251333, 0.0 ], [ 76.776675932684142, 28.226303537436241, 0.0 ], [ 76.776037208136913, 28.227091083143719, 0.0 ], [ 76.774584057209552, 28.22852924771961, 0.0 ], [ 76.774110032581845, 28.228867323581518, 0.0 ], [ 76.772478905914781, 28.229903745765711, 0.0 ], [ 76.77123502918225, 28.230845788927944, 0.0 ], [ 76.770439659385815, 28.23155802312856, 0.0 ], [ 76.770607113946625, 28.232257517445763, 0.0 ], [ 76.770784602804895, 28.233083225009114, 0.0 ], [ 76.77076381628892, 28.233552410963863, 0.0 ], [ 76.769061013924428, 28.234913708198576, 0.0 ], [ 76.769072425117827, 28.234937192819267, 0.0 ], [ 76.769396554597023, 28.235604257906736, 0.0 ], [ 76.769670532434787, 28.236750444390854, 0.0 ], [ 76.769878508659815, 28.237657430227781, 0.0 ], [ 76.769969364457467, 28.238469550577047, 0.0 ], [ 76.769708542902706, 28.239516078901147, 0.0 ], [ 76.769290353449961, 28.23996243545168, 0.0 ], [ 76.768494895894506, 28.240643073470501, 0.0 ], [ 76.76768446925773, 28.24110262085998, 0.0 ], [ 76.766823019330289, 28.24153962939377, 0.0 ], [ 76.766804782403838, 28.241528694026414, 0.0 ], [ 76.766273094488895, 28.241209848600327, 0.0 ], [ 76.765610879669211, 28.241128066736607, 0.0 ], [ 76.765162492692212, 28.241159308719968, 0.0 ], [ 76.764408126403978, 28.241564776561248, 0.0 ], [ 76.76254747321164, 28.242591957366027, 0.0 ], [ 76.761558255097924, 28.24334905929685, 0.0 ], [ 76.759710339115756, 28.244847793226736, 0.0 ], [ 76.759702134705847, 28.244854448296255, 0.0 ], [ 76.757382152877511, 28.246589497442539, 0.0 ], [ 76.75589341912648, 28.247504055730648, 0.0 ], [ 76.75588097358397, 28.24750891488388, 0.0 ], [ 76.754440654802224, 28.248071229543847, 0.0 ], [ 76.753467076384098, 28.248476476618038, 0.0 ], [ 76.752809646702573, 28.24860222895957, 0.0 ], [ 76.751953646353797, 28.248700743616961, 0.0 ], [ 76.75052695238584, 28.24877615176651, 0.0 ], [ 76.749999950412217, 28.248861498635826, 0.0 ], [ 76.748729160762934, 28.249130221292855, 0.0 ], [ 76.74734256549813, 28.24950029643021, 0.0 ], [ 76.745222922299348, 28.250000615100177, 0.0 ], [ 76.744947049958526, 28.250086478597428, 0.0 ], [ 76.741833674376011, 28.251055450081051, 0.0 ], [ 76.741099703434372, 28.251283870178845, 0.0 ], [ 76.740977498895717, 28.251333618775963, 0.0 ], [ 76.74046313494803, 28.251541601434184, 0.0 ], [ 76.736683850811076, 28.252826060617455, 0.0 ], [ 76.732787823176736, 28.254674496445514, 0.0 ], [ 76.729691211647932, 28.256034939632425, 0.0 ], [ 76.726705930106249, 28.25746388402565, 0.0 ], [ 76.726594647581408, 28.257517149732273, 0.0 ], [ 76.725601344516065, 28.257811087702375, 0.0 ], [ 76.724908636246894, 28.258131997006483, 0.0 ], [ 76.721333374086214, 28.260056568451208, 0.0 ], [ 76.717885266999232, 28.261890646306824, 0.0 ], [ 76.716238826375701, 28.262679745420044, 0.0 ], [ 76.715170349991268, 28.263191824736783, 0.0 ], [ 76.713392639256867, 28.263978072339253, 0.0 ], [ 76.712942068779824, 28.264156027401015, 0.0 ], [ 76.711905182828303, 28.264565547030056, 0.0 ], [ 76.711059501378514, 28.264823237186185, 0.0 ], [ 76.7110388967712, 28.264548060603602, 0.0 ], [ 76.7105806331883, 28.263837088091531, 0.0 ], [ 76.710579632193756, 28.263835535372035, 0.0 ], [ 76.708948153988288, 28.262776235453881, 0.0 ], [ 76.70735760334658, 28.261897439772131, 0.0 ], [ 76.706119012747919, 28.261388393768257, 0.0 ], [ 76.705360294055964, 28.261143507345469, 0.0 ], [ 76.705267821486899, 28.26111365968228, 0.0 ], [ 76.704961930395939, 28.260946909443902, 0.0 ], [ 76.703478495148829, 28.260108604587995, 0.0 ], [ 76.703233786631174, 28.259923760012512, 0.0 ], [ 76.701623722836175, 28.260037498449822, 0.0 ], [ 76.700095042093764, 28.260128635646236, 0.0 ], [ 76.699080041490873, 28.258662825731491, 0.0 ], [ 76.699052363212829, 28.258676297758758, 0.0 ], [ 76.696889725219052, 28.259728795664596, 0.0 ], [ 76.696864899449338, 28.259745442000895, 0.0 ], [ 76.694276820723161, 28.261480709126214, 0.0 ], [ 76.692539988733458, 28.262650096109141, 0.0 ], [ 76.691205608418016, 28.263823776465799, 0.0 ], [ 76.689820194656946, 28.264749351466175, 0.0 ], [ 76.689258370296727, 28.265121727087166, 0.0 ], [ 76.688103555381147, 28.265887117393124, 0.0 ], [ 76.687491825110442, 28.265445242890056, 0.0 ], [ 76.686242711381283, 28.264439694375767, 0.0 ], [ 76.685008985908141, 28.263393599365262, 0.0 ], [ 76.684142183949831, 28.262590884411175, 0.0 ], [ 76.68376471576785, 28.261778974143382, 0.0 ], [ 76.683519833232978, 28.261341402186765, 0.0 ], [ 76.683229417141661, 28.261359599157025, 0.0 ], [ 76.682877787793828, 28.261341641427634, 0.0 ], [ 76.682032227499221, 28.261869895189843, 0.0 ], [ 76.681721709209313, 28.262438489801031, 0.0 ], [ 76.681701372123868, 28.262623475823471, 0.0 ], [ 76.681431535170987, 28.262894293267731, 0.0 ], [ 76.680545012113612, 28.263151848636749, 0.0 ], [ 76.679571843589784, 28.26340937896024, 0.0 ], [ 76.678023029460192, 28.263996523173539, 0.0 ], [ 76.67742190439364, 28.264326090684236, 0.0 ], [ 76.677238548586232, 28.2644705712631, 0.0 ], [ 76.677401790259609, 28.264890115389289, 0.0 ], [ 76.677651869978746, 28.265693050450093, 0.0 ], [ 76.67775395585673, 28.266112624446016, 0.0 ], [ 76.677794918193158, 28.266423926889246, 0.0 ], [ 76.677509701578828, 28.266807554033019, 0.0 ], [ 76.677137944521363, 28.267191159487751, 0.0 ], [ 76.677500085468679, 28.267930899456911, 0.0 ], [ 76.677717467860319, 28.268266231726724, 0.0 ], [ 76.67793871155159, 28.268607515198177, 0.0 ], [ 76.676394865023397, 28.26911344713341, 0.0 ], [ 76.674596286797325, 28.26971869054055, 0.0 ], [ 76.673465083242519, 28.270051696322593, 0.0 ], [ 76.673230701674967, 28.270120692824246, 0.0 ], [ 76.673995859693804, 28.271640841492001, 0.0 ], [ 76.674597693554148, 28.272682868428507, 0.0 ], [ 76.675857766215671, 28.275443531397038, 0.0 ], [ 76.676664168913888, 28.277951639301573, 0.0 ], [ 76.677123814874633, 28.279882535056064, 0.0 ], [ 76.67745601536302, 28.281876540264722, 0.0 ], [ 76.677803212660493, 28.283031417402125, 0.0 ], [ 76.678155701609725, 28.284601277694044, 0.0 ], [ 76.678339881412626, 28.285252319441636, 0.0 ], [ 76.67846709581967, 28.285701993718163, 0.0 ], [ 76.678487874206652, 28.286324628142015, 0.0 ], [ 76.678590352170147, 28.287384861883993, 0.0 ], [ 76.67873869897403, 28.288535230761276, 0.0 ], [ 76.679070351457867, 28.28922994039516, 0.0 ], [ 76.679666982581466, 28.289807134633168, 0.0 ], [ 76.680763334363832, 28.29079476012765, 0.0 ], [ 76.680600378895093, 28.290961738774381, 0.0 ], [ 76.679999162184259, 28.291417669609228, 0.0 ], [ 76.68000261535569, 28.291419968465075, 0.0 ], [ 76.682334389233645, 28.292973211444682, 0.0 ], [ 76.682956570424821, 28.293428601730216, 0.0 ], [ 76.682956642817572, 28.293536899109057, 0.0 ], [ 76.681922144987297, 28.294015595684396, 0.0 ], [ 76.680663394215046, 28.294602633121372, 0.0 ], [ 76.681944092438769, 28.29699331344159, 0.0 ], [ 76.683010816580122, 28.299002209417839, 0.0 ], [ 76.683352445200356, 28.299645563304487, 0.0 ], [ 76.682526915683681, 28.300065464476827, 0.0 ], [ 76.681823635054613, 28.300485388486344, 0.0 ], [ 76.68172183771577, 28.300742584125377, 0.0 ], [ 76.681803814094636, 28.301455340073236, 0.0 ], [ 76.682467923390519, 28.304157558227537, 0.0 ], [ 76.682820835812436, 28.306223751660454, 0.0 ], [ 76.683004811434017, 28.307008711995756, 0.0 ], [ 76.683893158231101, 28.309498778630314, 0.0 ], [ 76.68470478134526, 28.311285043407285, 0.0 ], [ 76.685240737461982, 28.31251192579553, 0.0 ], [ 76.685444863207096, 28.312949450190704, 0.0 ], [ 76.685477445677549, 28.313041215012554, 0.0 ], [ 76.685633860913526, 28.313481738966185, 0.0 ], [ 76.68549126852443, 28.313829238733422, 0.0 ], [ 76.684436269622083, 28.314416237618911, 0.0 ], [ 76.682244744523018, 28.315621808903991, 0.0 ], [ 76.681123360154331, 28.316085792638948, 0.0 ], [ 76.680160056703755, 28.31648435767471, 0.0 ], [ 76.679186477955412, 28.316850200900817, 0.0 ], [ 76.678029208832001, 28.316922827553274, 0.0 ], [ 76.676479455359825, 28.317180579498554, 0.0 ], [ 76.67431771949056, 28.317127254244468, 0.0 ], [ 76.672930964938374, 28.317055547923388, 0.0 ], [ 76.672645052590923, 28.316139792391262, 0.0 ], [ 76.672591449323207, 28.315979406785942, 0.0 ], [ 76.671838459299991, 28.313726349886817, 0.0 ], [ 76.671297402755471, 28.31224226945422, 0.0 ], [ 76.671052491329547, 28.311709919172358, 0.0 ], [ 76.671072445416343, 28.310748988957645, 0.0 ], [ 76.671051807607711, 28.310198551535773, 0.0 ], [ 76.670903770860733, 28.309652650822997, 0.0 ], [ 76.670781370853177, 28.309539895454105, 0.0 ], [ 76.669889204490218, 28.309671115155549, 0.0 ], [ 76.669562909839428, 28.309594516156604, 0.0 ], [ 76.669455800625968, 28.309468215174572, 0.0 ], [ 76.669210905460545, 28.308994522244102, 0.0 ], [ 76.668317861401732, 28.306743564601916, 0.0 ], [ 76.66776170891103, 28.305534543724132, 0.0 ], [ 76.667220726574044, 28.303996290898155, 0.0 ], [ 76.666934958660747, 28.303247475563953, 0.0 ], [ 76.666414934267934, 28.303085152483913, 0.0 ], [ 76.663387311768545, 28.303907237334144, 0.0 ], [ 76.659151462068337, 28.304806129630379, 0.0 ], [ 76.655491527982761, 28.305682295639603, 0.0 ], [ 76.65369719752718, 28.306088774474663, 0.0 ], [ 76.652642062232047, 28.306179258106386, 0.0 ], [ 76.652601456010999, 28.306995862329764, 0.0 ], [ 76.652474068350614, 28.307198839812852, 0.0 ], [ 76.651750154569172, 28.307271226008389, 0.0 ], [ 76.650700044349961, 28.307384196992697, 0.0 ], [ 76.650429957012861, 28.307492511457266, 0.0 ], [ 76.650307595215367, 28.30769109437831, 0.0 ], [ 76.650287362525106, 28.308408450995348, 0.0 ], [ 76.650553036383116, 28.310768024570983, 0.0 ], [ 76.650573675943008, 28.311787578845429, 0.0 ], [ 76.651175705435548, 28.31354699146295, 0.0 ], [ 76.652435738564876, 28.316348472257687, 0.0 ], [ 76.65263474616728, 28.317313972162722, 0.0 ], [ 76.653359416177352, 28.319876446747948, 0.0 ], [ 76.653468799968465, 28.320394837270548, 0.0 ], [ 76.653527914434406, 28.320674995193382, 0.0 ], [ 76.654385876381966, 28.32322645162531, 0.0 ], [ 76.65453821191069, 28.32367946471377, 0.0 ], [ 76.654905535743353, 28.324424500562476, 0.0 ], [ 76.655354486089308, 28.325335086706939, 0.0 ], [ 76.656161008943826, 28.328281002774929, 0.0 ], [ 76.657048805983806, 28.330387704562423, 0.0 ], [ 76.657108957687456, 28.33046160422812, 0.0 ], [ 76.658477063241634, 28.332142361854157, 0.0 ], [ 76.660114554700115, 28.334303005927818, 0.0 ], [ 76.661726719142351, 28.336680258266483, 0.0 ], [ 76.664165357836069, 28.339811247858016, 0.0 ], [ 76.664660244895373, 28.340446611321635, 0.0 ], [ 76.663069476545502, 28.34115993137452, 0.0 ], [ 76.659887372676721, 28.34207381958942, 0.0 ], [ 76.659877493031914, 28.342076655866649, 0.0 ], [ 76.660010751604318, 28.343935397161953, 0.0 ], [ 76.660363024312133, 28.345216594435382, 0.0 ], [ 76.660939749313613, 28.346610570086003, 0.0 ], [ 76.66177671667468, 28.348469127199952, 0.0 ], [ 76.661761667938052, 28.349114308458287, 0.0 ], [ 76.66051780282659, 28.350463589241887, 0.0 ], [ 76.659437316395596, 28.352769297690671, 0.0 ], [ 76.658601445179428, 28.354249327461041, 0.0 ], [ 76.658116999855423, 28.35454726179951, 0.0 ], [ 76.657132815060422, 28.354809122427888, 0.0 ], [ 76.658173822375929, 28.35665411657828, 0.0 ], [ 76.659265954566891, 28.358805862495966, 0.0 ], [ 76.660439837036819, 28.361192237343065, 0.0 ], [ 76.66151889389225, 28.363815669680921, 0.0 ], [ 76.661588369374513, 28.363984571553733, 0.0 ], [ 76.663227085421752, 28.368031031803966, 0.0 ], [ 76.663747754180093, 28.368946821736998, 0.0 ], [ 76.663977500713955, 28.369533239985078, 0.0 ], [ 76.664105100300972, 28.369903138084506, 0.0 ], [ 76.663151501810233, 28.370485411367465, 0.0 ], [ 76.663503614200309, 28.37099516155768, 0.0 ], [ 76.664207957715547, 28.372028103604155, 0.0 ], [ 76.665907669766611, 28.37485634376517, 0.0 ], [ 76.667413114088717, 28.376525187189412, 0.0 ], [ 76.669026284854141, 28.379231616958958, 0.0 ], [ 76.671433932500221, 28.378924053247516, 0.0 ], [ 76.675356444521626, 28.378336116343206, 0.0 ], [ 76.676136930685459, 28.378204957104785, 0.0 ], [ 76.680329511472692, 28.377210785655365, 0.0 ], [ 76.683073446706871, 28.376176449359566, 0.0 ], [ 76.683918133684344, 28.375708427006412, 0.0 ], [ 76.683945388095523, 28.375693326073968, 0.0 ], [ 76.686540772109879, 28.373864965948574, 0.0 ], [ 76.689569793095473, 28.372144621332286, 0.0 ], [ 76.692180301484029, 28.370406394696715, 0.0 ], [ 76.692501410075295, 28.370040790464667, 0.0 ], [ 76.692873648480244, 28.369778875143879, 0.0 ], [ 76.69374887425586, 28.369176739118181, 0.0 ], [ 76.694199244303704, 28.368866890065615, 0.0 ], [ 76.695983626235289, 28.367562117395131, 0.0 ], [ 76.696630998256154, 28.36690762470559, 0.0 ], [ 76.696278188779019, 28.365644508300615, 0.0 ], [ 76.695848791916077, 28.36428677005415, 0.0 ], [ 76.694858155944161, 28.362536760097036, 0.0 ], [ 76.695846834208126, 28.361417411447185, 0.0 ], [ 76.696407545176584, 28.360916247372973, 0.0 ], [ 76.697565767754639, 28.36043075312066, 0.0 ], [ 76.698972325120863, 28.35984114856884, 0.0 ], [ 76.701465582704628, 28.358743431460503, 0.0 ], [ 76.701679734977731, 28.358680113080165, 0.0 ], [ 76.702047516309307, 28.359370236692346, 0.0 ], [ 76.704026512014948, 28.359554072830775, 0.0 ], [ 76.704868148723051, 28.359589664092336, 0.0 ], [ 76.705204675681046, 28.359472107171989, 0.0 ], [ 76.706989157905824, 28.358740167164584, 0.0 ], [ 76.70871255592715, 28.358062398851843, 0.0 ], [ 76.7094409146749, 28.357784158781456, 0.0 ], [ 76.709599698959465, 28.357723502831501, 0.0 ], [ 76.712332594146076, 28.356724653022429, 0.0 ], [ 76.713688844483443, 28.356268115078738, 0.0 ], [ 76.714321255232264, 28.356204571275892, 0.0 ], [ 76.71595842781764, 28.356203468548308, 0.0 ], [ 76.717376258944981, 28.356265663468839, 0.0 ], [ 76.718391142674392, 28.356215333439092, 0.0 ], [ 76.718834859630064, 28.356223998427222, 0.0 ], [ 76.719498277689425, 28.356616053446199, 0.0 ], [ 76.720074858071513, 28.356917961004577, 0.0 ], [ 76.722263496484942, 28.357696945598601, 0.0 ], [ 76.722880766663209, 28.357750601687812, 0.0 ], [ 76.72422189636157, 28.357591689552688, 0.0 ], [ 76.725090071543093, 28.357644090920868, 0.0 ], [ 76.725109413792595, 28.35764525872489, 0.0 ], [ 76.725681479352204, 28.358493006029502, 0.0 ], [ 76.726376280482611, 28.359706043472816, 0.0 ], [ 76.726555182802343, 28.360188667621205, 0.0 ], [ 76.727014505713939, 28.360422991401872, 0.0 ], [ 76.727601265713076, 28.360670681655009, 0.0 ], [ 76.728371886914559, 28.361202386359455, 0.0 ], [ 76.728530340270467, 28.361454959417067, 0.0 ], [ 76.728561303802621, 28.361860941027953, 0.0 ], [ 76.728576841326074, 28.36215873542892, 0.0 ], [ 76.728873034623504, 28.3625374398611, 0.0 ], [ 76.729373261041587, 28.362902545190998, 0.0 ], [ 76.72959804219839, 28.363281339579775, 0.0 ], [ 76.729491287735485, 28.363606225196627, 0.0 ], [ 76.729037653864552, 28.36396303387626, 0.0 ], [ 76.728813550043796, 28.364211344605899, 0.0 ], [ 76.728962080852284, 28.364915000423476, 0.0 ], [ 76.729069409305794, 28.365122467475896, 0.0 ], [ 76.729640983403485, 28.365356620800863, 0.0 ], [ 76.729936786567691, 28.36538345974849, 0.0 ], [ 76.730564736362965, 28.365928873041469, 0.0 ], [ 76.730830391983559, 28.366411472183469, 0.0 ], [ 76.730978725968114, 28.366812894274794, 0.0 ], [ 76.73096422569165, 28.367597853416896, 0.0 ], [ 76.730816539829121, 28.36784609871107, 0.0 ], [ 76.73193898693826, 28.36814300576486, 0.0 ], [ 76.732556647470105, 28.368562104872627, 0.0 ], [ 76.732424625434263, 28.36920290198799, 0.0 ], [ 76.731879691201954, 28.370051454589586, 0.0 ], [ 76.731849290879509, 28.370259045182177, 0.0 ], [ 76.732012808342546, 28.370520572391584, 0.0 ], [ 76.732349717160531, 28.370727825621042, 0.0 ], [ 76.732207085505223, 28.370935488621267, 0.0 ], [ 76.732059272446406, 28.37110702866687, 0.0 ], [ 76.732161575737493, 28.371368611755095, 0.0 ], [ 76.73262124638255, 28.371878069060141, 0.0 ], [ 76.73292781928788, 28.37242827694698, 0.0 ], [ 76.734185277688553, 28.375012427637543, 0.0 ], [ 76.734527864307495, 28.375743024051772, 0.0 ], [ 76.734645677093638, 28.376279836789475, 0.0 ], [ 76.734569461280785, 28.37656859790166, 0.0 ], [ 76.734452540008306, 28.376920599488333, 0.0 ], [ 76.734320171003631, 28.377182370916561, 0.0 ], [ 76.734259212135242, 28.377430597995083, 0.0 ], [ 76.734249140126281, 28.377570426869049, 0.0 ], [ 76.734009819778564, 28.377963149588364, 0.0 ], [ 76.733744956570547, 28.378328764740669, 0.0 ], [ 76.733184253623648, 28.378811941002823, 0.0 ], [ 76.73320011268099, 28.37933534155113, 0.0 ], [ 76.733364223884791, 28.380196901497357, 0.0 ], [ 76.732655578532857, 28.380644144166393, 0.0 ], [ 76.729927661461957, 28.381873382056444, 0.0 ], [ 76.729810414701149, 28.382017909282762, 0.0 ], [ 76.729887071584002, 28.38215762974205, 0.0 ], [ 76.730315948064245, 28.382446111021938, 0.0 ], [ 76.731066547987908, 28.383217016993267, 0.0 ], [ 76.730093073716276, 28.384079491346341, 0.0 ], [ 76.72851774122752, 28.385163478739461, 0.0 ], [ 76.728441455452611, 28.385411628438717, 0.0 ], [ 76.728401266211264, 28.38607941105975, 0.0 ], [ 76.728488391885293, 28.386417717412524, 0.0 ], [ 76.728800091649475, 28.386967869228016, 0.0 ], [ 76.729004716908037, 28.387491039932002, 0.0 ], [ 76.729005187404596, 28.387960219424105, 0.0 ], [ 76.72896455815274, 28.388154310406758, 0.0 ], [ 76.728801486633529, 28.388361957797681, 0.0 ], [ 76.728342600591688, 28.388678133659464, 0.0 ], [ 76.727914414983715, 28.389043915705695, 0.0 ], [ 76.727430036008215, 28.389292366046206, 0.0 ], [ 76.727134111102799, 28.389306136441132, 0.0 ], [ 76.727044193306781, 28.389374924993966, 0.0 ], [ 76.726797639915375, 28.389563538564619, 0.0 ], [ 76.726767335113053, 28.389865884426577, 0.0 ], [ 76.726798504985609, 28.390479426454512, 0.0 ], [ 76.725482681082056, 28.390908973107415, 0.0 ], [ 76.72083185427654, 28.393136580321986, 0.0 ], [ 76.717201006687048, 28.39510616110131, 0.0 ], [ 76.716180883550649, 28.395449768977201, 0.0 ], [ 76.715334088054647, 28.395536061103751, 0.0 ], [ 76.714685807032822, 28.395211578685597, 0.0 ], [ 76.71406297096182, 28.394742830263787, 0.0 ], [ 76.713094619470354, 28.395970621446985, 0.0 ], [ 76.711428064667899, 28.398150786619095, 0.0 ], [ 76.710321658452173, 28.399193663833564, 0.0 ], [ 76.710020988275517, 28.399536761392909, 0.0 ], [ 76.70873597459088, 28.400606778138414, 0.0 ], [ 76.707246694904057, 28.401338574948099, 0.0 ], [ 76.707246019993534, 28.401346202122848, 0.0 ], [ 76.707059554219839, 28.403454653939232, 0.0 ], [ 76.707059970464428, 28.403964444668471, 0.0 ], [ 76.706399958244958, 28.408169585662232, 0.0 ], [ 76.706400661181348, 28.408184885039297, 0.0 ], [ 76.706415487888307, 28.408507992164644, 0.0 ], [ 76.706518447313215, 28.409735034632156, 0.0 ], [ 76.707496627177534, 28.4142550771552, 0.0 ], [ 76.707835213465628, 28.416488104048462, 0.0 ], [ 76.708725027359847, 28.418955347793624, 0.0 ], [ 76.70881596232374, 28.419256765443819, 0.0 ], [ 76.709088378730002, 28.420159712446775, 0.0 ], [ 76.711429625058898, 28.425080429754324, 0.0 ], [ 76.714277987310567, 28.431800784962967, 0.0 ], [ 76.716481339111141, 28.436475117400946, 0.0 ], [ 76.716916342573967, 28.437397906542653, 0.0 ], [ 76.717090262806465, 28.437767702924393, 0.0 ], [ 76.715376053665494, 28.438684731369655, 0.0 ], [ 76.714167305800771, 28.439741209852617, 0.0 ], [ 76.713407358173939, 28.440499634254355, 0.0 ], [ 76.712934052926045, 28.442079015398836, 0.0 ], [ 76.712093260825711, 28.443816523316279, 0.0 ], [ 76.7109005672786, 28.445996324230183, 0.0 ], [ 76.710519322340588, 28.447932087378426, 0.0 ], [ 76.710684131819349, 28.449664342487893, 0.0 ], [ 76.711216613908661, 28.451635543979009, 0.0 ], [ 76.711518659516273, 28.452891906265155, 0.0 ], [ 76.711536284452933, 28.452965211811371, 0.0 ], [ 76.71182610779347, 28.454170702850142, 0.0 ], [ 76.71163880097501, 28.456070186461709, 0.0 ], [ 76.711618614738299, 28.456300294006436, 0.0 ], [ 76.711563021914586, 28.457058237583329, 0.0 ], [ 76.710496342675356, 28.457401771385616, 0.0 ], [ 76.705892880453533, 28.459024251366888, 0.0 ], [ 76.705668474298008, 28.459281556756409, 0.0 ], [ 76.705676512040867, 28.459293698360298, 0.0 ], [ 76.706644720833737, 28.460756275339616, 0.0 ], [ 76.707371133325438, 28.462601059485628, 0.0 ], [ 76.707606894212446, 28.463773898093503, 0.0 ], [ 76.708092962945472, 28.465118037179998, 0.0 ], [ 76.708435933943406, 28.466358474633083, 0.0 ], [ 76.708436796338901, 28.46742777417947, 0.0 ], [ 76.708230766654594, 28.47158297476722, 0.0 ], [ 76.707747417167766, 28.473762409869387, 0.0 ], [ 76.707498586478096, 28.475436325182969, 0.0 ], [ 76.706391909179061, 28.477160354340963, 0.0 ], [ 76.705372472568939, 28.479389738425045, 0.0 ], [ 76.705225099600824, 28.480413877710372, 0.0 ], [ 76.705322993365243, 28.481510114019809, 0.0 ], [ 76.705180909868602, 28.482615588767725, 0.0 ], [ 76.704997901692636, 28.483761645789031, 0.0 ], [ 76.705054565295185, 28.48443379778039, 0.0 ], [ 76.704688000652652, 28.485891243774333, 0.0 ], [ 76.70436790302017, 28.487908073657728, 0.0 ], [ 76.70411398009729, 28.48981659180761, 0.0 ], [ 76.703915351818637, 28.490601683076072, 0.0 ], [ 76.703788050045404, 28.49096272370122, 0.0 ], [ 76.704059237846238, 28.49175654527928, 0.0 ], [ 76.70423571839828, 28.492498154643012, 0.0 ], [ 76.704284679343758, 28.492703902214267, 0.0 ], [ 76.705408626208168, 28.493294262571048, 0.0 ], [ 76.706904972908703, 28.493392613629176, 0.0 ], [ 76.709667855240241, 28.493571313240139, 0.0 ], [ 76.709723679934584, 28.493156210002589, 0.0 ], [ 76.709570309952895, 28.492912673452011, 0.0 ], [ 76.709697662304507, 28.492619401067795, 0.0 ], [ 76.710080674451859, 28.492610070333942, 0.0 ], [ 76.710565959671939, 28.492785717160029, 0.0 ], [ 76.71115834813186, 28.492812462560636, 0.0 ], [ 76.711418755109861, 28.492744568383291, 0.0 ], [ 76.71161770673443, 28.492514375190662, 0.0 ], [ 76.711923814885807, 28.492126169437576, 0.0 ], [ 76.712525582439824, 28.491164886456492, 0.0 ], [ 76.712801165557266, 28.490961702080163, 0.0 ], [ 76.713250440041065, 28.490767339011853, 0.0 ], [ 76.713909111962437, 28.490730878173256, 0.0 ], [ 76.714849118021718, 28.491131708273201, 0.0 ], [ 76.716294675593574, 28.491672164861221, 0.0 ], [ 76.717440218768019, 28.49183945115162, 0.0 ], [ 76.71783206974402, 28.49189667137717, 0.0 ], [ 76.718204625470776, 28.49167086368082, 0.0 ], [ 76.718393357515353, 28.491422561791509, 0.0 ], [ 76.718520530331375, 28.490867576353995, 0.0 ], [ 76.718709200640504, 28.490596805641534, 0.0 ], [ 76.71975050071201, 28.490036572393176, 0.0 ], [ 76.720618087313383, 28.489548741752323, 0.0 ], [ 76.724492168345691, 28.487574377069457, 0.0 ], [ 76.726058975539786, 28.48670249641722, 0.0 ], [ 76.727508112013879, 28.485537446242041, 0.0 ], [ 76.729466834954692, 28.483447123098323, 0.0 ], [ 76.730864884681509, 28.48241742360209, 0.0 ], [ 76.73177311549837, 28.481767018925208, 0.0 ], [ 76.733017946293671, 28.480651714445113, 0.0 ], [ 76.733471835732217, 28.480100944679982, 0.0 ], [ 76.73412506431211, 28.479748513260287, 0.0 ], [ 76.735267232759753, 28.479511922068557, 0.0 ], [ 76.735283861014906, 28.479508478263945, 0.0 ], [ 76.735025559739057, 28.476603212627623, 0.0 ], [ 76.734697402737879, 28.475290650654848, 0.0 ], [ 76.734175465344066, 28.47421275548016, 0.0 ], [ 76.734072435088862, 28.473351156342172, 0.0 ], [ 76.733943925386896, 28.472449001051714, 0.0 ], [ 76.734030428481347, 28.472173736934781, 0.0 ], [ 76.734596825791897, 28.471898037333837, 0.0 ], [ 76.734923403296605, 28.471658694081707, 0.0 ], [ 76.736183581608969, 28.470791427777922, 0.0 ], [ 76.737121143627078, 28.470235195268199, 0.0 ], [ 76.738719386448452, 28.469286966886575, 0.0 ], [ 76.739469358706515, 28.468785546967759, 0.0 ], [ 76.742653396314154, 28.467140603228717, 0.0 ], [ 76.743617590965414, 28.466490129629875, 0.0 ], [ 76.747296094460012, 28.464244576393405, 0.0 ], [ 76.748841492989641, 28.462948394678687, 0.0 ], [ 76.749328848989066, 28.462628441044547, 0.0 ], [ 76.74953822428418, 28.462574489258134, 0.0 ], [ 76.749999944046891, 28.462579214267009, 0.0 ], [ 76.750501068888127, 28.462586146132086, 0.0 ], [ 76.751948935944952, 28.462515260375273, 0.0 ], [ 76.752840043665501, 28.4624407239343, 0.0 ], [ 76.754330887244521, 28.461946407994052, 0.0 ], [ 76.755205337556262, 28.46167350296918, 0.0 ], [ 76.755557928605782, 28.461563462648936, 0.0 ], [ 76.755681109983968, 28.461525964740883, 0.0 ], [ 76.756841380996363, 28.46117275978542, 0.0 ], [ 76.757354133060304, 28.461045428612675, 0.0 ], [ 76.757474332257672, 28.461015579674825, 0.0 ], [ 76.757516024236281, 28.461007590755294, 0.0 ], [ 76.757927805147162, 28.460928681108332, 0.0 ], [ 76.758098528082385, 28.460895965674904, 0.0 ], [ 76.758331716723518, 28.460851280494492, 0.0 ], [ 76.758369481546652, 28.46084404288181, 0.0 ], [ 76.758518701892967, 28.460815447702036, 0.0 ], [ 76.758527495269789, 28.460813762762953, 0.0 ], [ 76.759208823209889, 28.461628338242718, 0.0 ], [ 76.760407869314804, 28.463262791658178, 0.0 ], [ 76.761072459292677, 28.464302710672907, 0.0 ], [ 76.761994945282481, 28.465786402412522, 0.0 ], [ 76.762707209721086, 28.467120848803503, 0.0 ], [ 76.76313803058936, 28.468119335976343, 0.0 ], [ 76.763324312174987, 28.468742072230956, 0.0 ], [ 76.763875841067048, 28.470334717756167, 0.0 ], [ 76.764424504903886, 28.472026616565525, 0.0 ], [ 76.76462912964584, 28.472545927807971, 0.0 ], [ 76.764984707847191, 28.473321481231295, 0.0 ], [ 76.765876294659122, 28.474994052107927, 0.0 ], [ 76.766924362737413, 28.476733365391009, 0.0 ], [ 76.767323280717051, 28.477511687372999, 0.0 ], [ 76.76812931344972, 28.478349809089519, 0.0 ], [ 76.768558378783482, 28.478883221793833, 0.0 ], [ 76.768859993013223, 28.479150156731777, 0.0 ], [ 76.768867247796436, 28.479156576641785, 0.0 ], [ 76.770475179562823, 28.47903494593098, 0.0 ], [ 76.771246060584389, 28.4785286803783, 0.0 ], [ 76.772371079384882, 28.477791141042655, 0.0 ], [ 76.773535367744898, 28.477108657294902, 0.0 ], [ 76.774562165479992, 28.476409512195325, 0.0 ], [ 76.775380663036813, 28.475845611819853, 0.0 ], [ 76.776203457957081, 28.475132818562372, 0.0 ], [ 76.777144593771709, 28.47439108859902, 0.0 ], [ 76.777783309366058, 28.473859231421848, 0.0 ], [ 76.778481986478383, 28.473373871803062, 0.0 ], [ 76.779358431662416, 28.47274804941976, 0.0 ], [ 76.780076997968479, 28.472281188007404, 0.0 ], [ 76.781173370036782, 28.471646770930846, 0.0 ], [ 76.782540600205877, 28.47100942089099, 0.0 ], [ 76.783537592651982, 28.470454010961241, 0.0 ], [ 76.784712725428349, 28.469744590939708, 0.0 ], [ 76.786208956355566, 28.468884377171488, 0.0 ], [ 76.787000119897542, 28.468378484914851, 0.0 ], [ 76.788090622915917, 28.467590383372453, 0.0 ], [ 76.788766547244578, 28.46700513961401, 0.0 ], [ 76.789125688805797, 28.46659786794158, 0.0 ], [ 76.789377946037874, 28.46653130577889, 0.0 ], [ 76.790424831085076, 28.466369745313322, 0.0 ], [ 76.790442819949789, 28.466365916633503, 0.0 ], [ 76.791211322459262, 28.466202325675891, 0.0 ], [ 76.791516710421064, 28.466064721453531, 0.0 ], [ 76.791735043501689, 28.46593418682604, 0.0 ], [ 76.791946324437859, 28.465871215269367, 0.0 ], [ 76.792154745200577, 28.465907501115083, 0.0 ], [ 76.792432354689055, 28.46620267857697, 0.0 ], [ 76.794184405248956, 28.468878600798146, 0.0 ], [ 76.794926627548747, 28.470073592412383, 0.0 ], [ 76.795092359867866, 28.470528779711408, 0.0 ], [ 76.795203829408024, 28.470738955239216, 0.0 ], [ 76.795644597590552, 28.471579545768758, 0.0 ], [ 76.795744640093986, 28.471654026496374, 0.0 ], [ 76.796369955646554, 28.471643278424839, 0.0 ], [ 76.796542071180326, 28.471640319125328, 0.0 ], [ 76.796787753918153, 28.471447187799367, 0.0 ], [ 76.797350987353781, 28.471048990437467, 0.0 ], [ 76.798143116322962, 28.470558789142718, 0.0 ], [ 76.798167644901852, 28.470543610456115, 0.0 ], [ 76.798728977396834, 28.470389155296978, 0.0 ], [ 76.799354484622711, 28.470312888784221, 0.0 ], [ 76.800286782631417, 28.470406020821461, 0.0 ], [ 76.80072516583509, 28.470619005852857, 0.0 ], [ 76.801278323783151, 28.471105438809943, 0.0 ], [ 76.801485400069041, 28.471322920730973, 0.0 ], [ 76.801603343866063, 28.471446790493076, 0.0 ], [ 76.802468663919953, 28.472355575448741, 0.0 ], [ 76.803553894686658, 28.473734804448259, 0.0 ], [ 76.803676411929715, 28.473890510964626, 0.0 ], [ 76.804297714405465, 28.474852495380006, 0.0 ], [ 76.804714336789502, 28.475290710170718, 0.0 ], [ 76.805111832102796, 28.475683349989879, 0.0 ], [ 76.806903170212266, 28.475755028654767, 0.0 ], [ 76.807817486388061, 28.475585860431259, 0.0 ], [ 76.808455294312083, 28.475437593210497, 0.0 ], [ 76.808880710036746, 28.475212343269163, 0.0 ], [ 76.809287448864794, 28.475104052231327, 0.0 ], [ 76.809939668196165, 28.47498770348907, 0.0 ], [ 76.810679790883597, 28.475013269454251, 0.0 ], [ 76.811580132684014, 28.476225241688695, 0.0 ], [ 76.812385486286118, 28.477543436749457, 0.0 ], [ 76.813110738800063, 28.478268424660317, 0.0 ], [ 76.813638738642808, 28.47910186985834, 0.0 ], [ 76.813973091737765, 28.479917447961345, 0.0 ], [ 76.814084835640983, 28.48065582391002, 0.0 ], [ 76.813936232071569, 28.481564458246922, 0.0 ], [ 76.813874203807117, 28.481931482096019, 0.0 ], [ 76.813530331987963, 28.483966200811221, 0.0 ], [ 76.813388449681156, 28.484996879067786, 0.0 ], [ 76.813491012773568, 28.48569893165503, 0.0 ], [ 76.813664969479063, 28.485869852408985, 0.0 ], [ 76.813958313534869, 28.48597571987699, 0.0 ], [ 76.814360830873994, 28.486016304586919, 0.0 ], [ 76.814688711105518, 28.486344155575253, 0.0 ], [ 76.815497834220352, 28.487355415579433, 0.0 ], [ 76.816288576020497, 28.487937372808776, 0.0 ], [ 76.816904536083655, 28.488556061363891, 0.0 ], [ 76.817191063691581, 28.488901042221315, 0.0 ], [ 76.817515188312527, 28.489003072914141, 0.0 ], [ 76.817919990989367, 28.489143017982901, 0.0 ], [ 76.81828175053748, 28.489358749538741, 0.0 ], [ 76.818696294012085, 28.489873621017033, 0.0 ], [ 76.81907358809498, 28.49079848809556, 0.0 ], [ 76.819508737356784, 28.491665951168837, 0.0 ], [ 76.819815921385413, 28.49218293937707, 0.0 ], [ 76.820324509750535, 28.492984316652219, 0.0 ], [ 76.820919111237117, 28.493995276440288, 0.0 ], [ 76.821881733677543, 28.495362046905825, 0.0 ], [ 76.822903646197673, 28.496621778877124, 0.0 ], [ 76.823981815481616, 28.498239401011713, 0.0 ], [ 76.824470548108664, 28.499022259841297, 0.0 ], [ 76.824461654025413, 28.500041794182099, 0.0 ], [ 76.824458777704507, 28.500371512047977, 0.0 ], [ 76.824373178099535, 28.50133373036973, 0.0 ], [ 76.824135065833332, 28.503525278886009, 0.0 ], [ 76.824061136272036, 28.504275273704266, 0.0 ], [ 76.823919870216159, 28.504674230346641, 0.0 ], [ 76.824265394182078, 28.50459877329439, 0.0 ], [ 76.825945191869621, 28.504231916745091, 0.0 ], [ 76.826159903974926, 28.504242567301311, 0.0 ], [ 76.827927335862228, 28.504841463091125, 0.0 ], [ 76.82820594786817, 28.504706866424531, 0.0 ], [ 76.828212170002914, 28.504704827442136, 0.0 ], [ 76.829282730077921, 28.504353969856243, 0.0 ], [ 76.829806849584074, 28.504238621687669, 0.0 ], [ 76.835824700629857, 28.502515058749211, 0.0 ], [ 76.836063772696832, 28.502457683745718, 0.0 ], [ 76.836375350182735, 28.502457985377603, 0.0 ], [ 76.836675857954262, 28.502408801853719, 0.0 ], [ 76.837470057429186, 28.502258190018637, 0.0 ], [ 76.838015988854693, 28.502223734003703, 0.0 ], [ 76.838309822688345, 28.502084397536212, 0.0 ], [ 76.838579452499616, 28.502022094340862, 0.0 ], [ 76.839096642458074, 28.501803028152402, 0.0 ], [ 76.840069736342812, 28.501365722444159, 0.0 ], [ 76.840568685257409, 28.501273234751871, 0.0 ], [ 76.840897943369001, 28.501115365460514, 0.0 ], [ 76.841572798343535, 28.500858058012533, 0.0 ], [ 76.841756082919858, 28.500823989148056, 0.0 ], [ 76.841936690419431, 28.500929828773334, 0.0 ], [ 76.842071809243535, 28.501063359252164, 0.0 ], [ 76.842211396458296, 28.501454014026226, 0.0 ], [ 76.84235421601781, 28.501342180976859, 0.0 ], [ 76.842533899557054, 28.501201479233764, 0.0 ], [ 76.842771711179736, 28.501071916932332, 0.0 ], [ 76.843091693954278, 28.500968313448226, 0.0 ], [ 76.843984150201365, 28.500888522933828, 0.0 ], [ 76.844750672973049, 28.500616421779952, 0.0 ], [ 76.846176710652287, 28.500087193906353, 0.0 ], [ 76.846447588271531, 28.500097047992732, 0.0 ], [ 76.846774320035166, 28.50008809633669, 0.0 ], [ 76.84697528055284, 28.500164721429247, 0.0 ], [ 76.847082825954445, 28.500205728575796, 0.0 ], [ 76.847498650603313, 28.500619692841902, 0.0 ], [ 76.847632488823038, 28.500728177193718, 0.0 ], [ 76.848270597328565, 28.501245391424522, 0.0 ], [ 76.849251369153833, 28.501836659404844, 0.0 ], [ 76.849553517995943, 28.501882178453418, 0.0 ], [ 76.849800124429891, 28.501964549026813, 0.0 ], [ 76.85123190180532, 28.501764567158613, 0.0 ], [ 76.851440163816264, 28.501698562302209, 0.0 ], [ 76.851965895002294, 28.501677862111119, 0.0 ], [ 76.853566964981468, 28.501520670012759, 0.0 ], [ 76.854235990684188, 28.501516052302073, 0.0 ], [ 76.85480533633887, 28.501652666166322, 0.0 ], [ 76.855326273491457, 28.501650066067135, 0.0 ], [ 76.856105273866078, 28.501508578307675, 0.0 ], [ 76.856251544417518, 28.501402804832573, 0.0 ], [ 76.856633027895938, 28.501311863025077, 0.0 ], [ 76.856888823623549, 28.501335440065091, 0.0 ], [ 76.858046011846099, 28.50120682025808, 0.0 ], [ 76.859161634549253, 28.501038151446124, 0.0 ], [ 76.859544536027045, 28.501028399782186, 0.0 ], [ 76.860070418816832, 28.501016689314998, 0.0 ], [ 76.860241068397301, 28.501136178267906, 0.0 ], [ 76.860713155294761, 28.501260561752005, 0.0 ], [ 76.861242048737537, 28.501420263768992, 0.0 ], [ 76.861843420313761, 28.501344343709501, 0.0 ], [ 76.863487091841961, 28.500996945952718, 0.0 ], [ 76.864637413216997, 28.500769100729027, 0.0 ], [ 76.86613602123866, 28.500306351944165, 0.0 ], [ 76.866739072892031, 28.500036371755449, 0.0 ], [ 76.868836055297905, 28.499619513116706, 0.0 ], [ 76.870809750300424, 28.499163713650027, 0.0 ], [ 76.874962694214688, 28.498037130941057, 0.0 ], [ 76.875698232748121, 28.498040514365602, 0.0 ], [ 76.876260398265117, 28.49805982531873, 0.0 ], [ 76.877223328414757, 28.498502237295849, 0.0 ], [ 76.878700267978388, 28.499704574161544, 0.0 ], [ 76.881921626859736, 28.499619389910169, 0.0 ], [ 76.882985176304885, 28.499685871166005, 0.0 ], [ 76.884124786549791, 28.50000847144727, 0.0 ], [ 76.884166599183303, 28.500029015446646, 0.0 ], [ 76.884166892638788, 28.500029159734822, 0.0 ], [ 76.88492858688528, 28.500403400880231, 0.0 ], [ 76.884943931712655, 28.500436677448761, 0.0 ], [ 76.885109721517267, 28.500616556905129, 0.0 ], [ 76.885302083294931, 28.500831365183895, 0.0 ], [ 76.885440516089986, 28.501140960746827, 0.0 ], [ 76.88544726817571, 28.501136168905205, 0.0 ], [ 76.888510276546214, 28.501048512589602, 0.0 ], [ 76.889975082388361, 28.500929072381492, 0.0 ], [ 76.891845797968315, 28.500776511426114, 0.0 ], [ 76.89222973834103, 28.500825309019035, 0.0 ], [ 76.892724582372807, 28.501364364542372, 0.0 ], [ 76.895490918500911, 28.504966955887525, 0.0 ], [ 76.896745051548123, 28.506546685767582, 0.0 ], [ 76.897391993433104, 28.507304684147208, 0.0 ], [ 76.898088540255273, 28.508265024381856, 0.0 ], [ 76.898618145615529, 28.508744914491416, 0.0 ], [ 76.89927299903006, 28.509087694596481, 0.0 ], [ 76.90004393666014, 28.509352143268412, 0.0 ], [ 76.900738610843092, 28.509351449018279, 0.0 ], [ 76.901642911324913, 28.509077099298533, 0.0 ], [ 76.902302975948714, 28.508855796120073, 0.0 ], [ 76.902613835569142, 28.508815347339585, 0.0 ], [ 76.903024556997096, 28.508931417226005, 0.0 ], [ 76.904607545127519, 28.510610235905101, 0.0 ], [ 76.905551737194997, 28.511702420780111, 0.0 ], [ 76.906717973032627, 28.512642588707774, 0.0 ], [ 76.907666979442155, 28.513432388212667, 0.0 ], [ 76.907929146141569, 28.513807710369861, 0.0 ], [ 76.908438687817139, 28.513453131541304, 0.0 ], [ 76.90981465791495, 28.512423120738507, 0.0 ], [ 76.910065772054949, 28.512184969245606, 0.0 ], [ 76.910303922102699, 28.512077845681258, 0.0 ], [ 76.910954602414975, 28.512186002463817, 0.0 ], [ 76.9122244284397, 28.512353123797073, 0.0 ], [ 76.912686218755411, 28.512184192593921, 0.0 ], [ 76.914398412149282, 28.511672783431166, 0.0 ], [ 76.915529368457413, 28.510939443278019, 0.0 ], [ 76.916770159246298, 28.510348926562564, 0.0 ], [ 76.917778033291341, 28.509590235308959, 0.0 ], [ 76.918852807829637, 28.509141913514053, 0.0 ], [ 76.918978922696155, 28.509054405197134, 0.0 ], [ 76.920321309097133, 28.507307368450405, 0.0 ], [ 76.920607315273642, 28.507023587311863, 0.0 ], [ 76.920785308906162, 28.506980463296767, 0.0 ], [ 76.92153186245919, 28.507206170590006, 0.0 ], [ 76.921612203303383, 28.507230461372089, 0.0 ], [ 76.923881871259894, 28.508172911512535, 0.0 ], [ 76.925967058707073, 28.509361582546138, 0.0 ], [ 76.92699910612329, 28.510217747503095, 0.0 ], [ 76.927336453391561, 28.510510746366759, 0.0 ], [ 76.927503087143137, 28.510404609560567, 0.0 ], [ 76.927876550905026, 28.510155665085627, 0.0 ], [ 76.928287647509606, 28.510009962323927, 0.0 ], [ 76.931282457751507, 28.509814012737685, 0.0 ], [ 76.933053803006047, 28.509752722986448, 0.0 ], [ 76.933486961678028, 28.509696927872945, 0.0 ], [ 76.934064095412467, 28.509413486972317, 0.0 ], [ 76.935182692124613, 28.508851616734361, 0.0 ], [ 76.935906015651014, 28.508357454059553, 0.0 ], [ 76.93704426853526, 28.507579800107514, 0.0 ], [ 76.939106014188013, 28.50608402191904, 0.0 ], [ 76.939994764773218, 28.505529335387628, 0.0 ], [ 76.940903835621356, 28.504961959013457, 0.0 ], [ 76.941662274947788, 28.504540539307232, 0.0 ], [ 76.941723591283505, 28.50452966849948, 0.0 ], [ 76.942548135202884, 28.504383493935237, 0.0 ], [ 76.943676946817021, 28.504105659828955, 0.0 ], [ 76.944098052734248, 28.504088238921561, 0.0 ], [ 76.944351898467289, 28.504077736558862, 0.0 ], [ 76.945677632261877, 28.504022880239422, 0.0 ], [ 76.948788287510482, 28.504027927902616, 0.0 ], [ 76.951672560768387, 28.50422114294409, 0.0 ], [ 76.95382013093311, 28.50490315366844, 0.0 ], [ 76.956023921500659, 28.506139277569485, 0.0 ], [ 76.958591857894675, 28.508006289060102, 0.0 ], [ 76.960455131526501, 28.509328460267952, 0.0 ], [ 76.962673809358733, 28.510945506661063, 0.0 ], [ 76.964892546990754, 28.512562515444849, 0.0 ], [ 76.965639371560314, 28.512957141710579, 0.0 ], [ 76.965684467340864, 28.5129809695845, 0.0 ], [ 76.965790144165013, 28.513036808972931, 0.0 ], [ 76.965945879409901, 28.513093934575146, 0.0 ], [ 76.967245635881895, 28.513570695329545, 0.0 ], [ 76.969030905392813, 28.514257700401195, 0.0 ], [ 76.970749400209428, 28.515198310958194, 0.0 ], [ 76.973017495282534, 28.516848301872695, 0.0 ], [ 76.975902612736917, 28.518710354033338, 0.0 ], [ 76.97702158831261, 28.520092739586815, 0.0 ], [ 76.978055402575762, 28.521269266357162, 0.0 ], [ 76.978101980731338, 28.521322273065177, 0.0 ], [ 76.978266071565002, 28.52126929935784, 0.0 ], [ 76.978350794316839, 28.521241947002171, 0.0 ], [ 76.979807560828519, 28.519921311165774, 0.0 ], [ 76.981225627779892, 28.518718533020753, 0.0 ], [ 76.982215700580852, 28.517576130108697, 0.0 ], [ 76.982758883985611, 28.517121530562978, 0.0 ], [ 76.983467423797535, 28.516768287388793, 0.0 ], [ 76.985599303074267, 28.515771606371541, 0.0 ], [ 76.987852770627185, 28.514723485804172, 0.0 ], [ 76.989927459730026, 28.513677948135332, 0.0 ], [ 76.990356856751362, 28.513518053916286, 0.0 ], [ 76.990394136209119, 28.513504173029929, 0.0 ], [ 76.990594400813379, 28.513513860933365, 0.0 ], [ 76.99059466227078, 28.513513874124708, 0.0 ], [ 76.990663339795105, 28.513517195923555, 0.0 ], [ 76.990680447441008, 28.513518023368679, 0.0 ], [ 76.992256080350145, 28.515001868978409, 0.0 ], [ 76.993942635732495, 28.5169487819674, 0.0 ], [ 76.994124514980385, 28.517113048824182, 0.0 ], [ 76.994996514473925, 28.516761856554506, 0.0 ], [ 76.995189892299081, 28.516722921440294, 0.0 ], [ 76.996332459130286, 28.519345539663334, 0.0 ], [ 76.996506638150976, 28.519647374507795, 0.0 ], [ 76.996555828820263, 28.519732616715903, 0.0 ], [ 76.996564813026538, 28.519748184872995, 0.0 ], [ 76.996670187419539, 28.519691287228316, 0.0 ], [ 76.997191863500163, 28.51940960500777, 0.0 ], [ 76.998037582175243, 28.519089242688839, 0.0 ], [ 76.998881079513907, 28.519001239286492, 0.0 ], [ 76.999827359106789, 28.518613947131108, 0.0 ], [ 76.999849129820007, 28.518382726579663, 0.0 ], [ 76.999970691328116, 28.518166904707275, 0.0 ], [ 76.999972856131137, 28.51815501837277, 0.0 ], [ 76.999991942461421, 28.51805024056139, 0.0 ], [ 77.000399075223868, 28.517884335797309, 0.0 ], [ 77.000625812245858, 28.517816855798745, 0.0 ], [ 77.001391417127564, 28.517670386132398, 0.0 ], [ 77.001746240533549, 28.517592046832938, 0.0 ], [ 77.001864838081389, 28.517553900936328, 0.0 ], [ 77.002021869183594, 28.517417231997413, 0.0 ], [ 77.002100080589742, 28.517360178826806, 0.0 ], [ 77.002512800203718, 28.517219842595139, 0.0 ], [ 77.002620330057809, 28.517213067919073, 0.0 ], [ 77.002762045823161, 28.517265707519421, 0.0 ], [ 77.002894877659514, 28.517268492665888, 0.0 ], [ 77.002982336195316, 28.517247752774452, 0.0 ], [ 77.003322315623677, 28.517151039033426, 0.0 ], [ 77.003657307190338, 28.517049706482961, 0.0 ], [ 77.004291283457746, 28.516855310785164, 0.0 ], [ 77.004347966739942, 28.516838439406516, 0.0 ], [ 77.004508889524672, 28.516747000396482, 0.0 ], [ 77.004589040071252, 28.516617745570013, 0.0 ], [ 77.004781827921533, 28.516481823318209, 0.0 ], [ 77.005138707205276, 28.516326765737727, 0.0 ], [ 77.006073719144027, 28.515962590133736, 0.0 ], [ 77.006734926318444, 28.515705548887208, 0.0 ], [ 77.007669927880272, 28.515341363557951, 0.0 ], [ 77.00801074629095, 28.515213052642348, 0.0 ], [ 77.008315558376282, 28.515093018948416, 0.0 ], [ 77.009240332989137, 28.514728610388055, 0.0 ], [ 77.009473798640258, 28.514633046938577, 0.0 ], [ 77.009586619149559, 28.514586866697407, 0.0 ], [ 77.010015614277606, 28.514410733679519, 0.0 ], [ 77.01018103365341, 28.514341956456406, 0.0 ], [ 77.010221782477018, 28.514347323628144, 0.0 ], [ 77.010518705657631, 28.514619325567157, 0.0 ], [ 77.010680775710739, 28.514767793331075, 0.0 ], [ 77.010945248384786, 28.51500810716157, 0.0 ], [ 77.011174565751801, 28.515225110371986, 0.0 ], [ 77.011883078162455, 28.515872028784493, 0.0 ], [ 77.012132350077252, 28.51610750804668, 0.0 ], [ 77.01237152698495, 28.51633825866168, 0.0 ], [ 77.013074701959326, 28.516994087997833, 0.0 ], [ 77.013323978376519, 28.51722956498957, 0.0 ], [ 77.013563279396138, 28.517455800468586, 0.0 ], [ 77.014266588763448, 28.518107110512254, 0.0 ], [ 77.014515748958999, 28.518347096326284, 0.0 ], [ 77.014749945768273, 28.51857322391967, 0.0 ], [ 77.015442565717564, 28.5192423632874, 0.0 ], [ 77.015676525559286, 28.519477513226676, 0.0 ], [ 77.015920944768325, 28.519703850996311, 0.0 ], [ 77.016608830735308, 28.520359339727541, 0.0 ], [ 77.01687356911323, 28.52059061585101, 0.0 ], [ 77.017107291881729, 28.520834787165256, 0.0 ], [ 77.01703923539776, 28.520929129280095, 0.0 ], [ 77.016523305951409, 28.521644305894771, 0.0 ], [ 77.01633321701155, 28.521870595742524, 0.0 ], [ 77.01613632497434, 28.52215995371153, 0.0 ], [ 77.015680297437157, 28.522963110236255, 0.0 ], [ 77.015515871171957, 28.52318542059627, 0.0 ], [ 77.014549641261354, 28.523950825477456, 0.0 ], [ 77.014295059568312, 28.524103527008442, 0.0 ], [ 77.013918339306557, 28.524235614967967, 0.0 ], [ 77.013588326712153, 28.524341590272272, 0.0 ], [ 77.01301748514615, 28.524659244358762, 0.0 ], [ 77.012763745777434, 28.524780356800754, 0.0 ], [ 77.012479835606229, 28.524882778033977, 0.0 ], [ 77.011952644390533, 28.525097498431993, 0.0 ], [ 77.011488335030904, 28.52525483879441, 0.0 ], [ 77.011138122228658, 28.525351356166642, 0.0 ], [ 77.010807983437644, 28.525461837491207, 0.0 ], [ 77.010559712767233, 28.525569516267279, 0.0 ], [ 77.010011013238625, 28.526014040185373, 0.0 ], [ 77.00971932372498, 28.526215622405932, 0.0 ], [ 77.009112211900018, 28.526550563606914, 0.0 ], [ 77.008847520454012, 28.526698530258621, 0.0 ], [ 77.008571760854878, 28.526877869091063, 0.0 ], [ 77.00825609439346, 28.527020252578708, 0.0 ], [ 77.007708327276248, 28.527239044632019, 0.0 ], [ 77.00705899774394, 28.527622757578801, 0.0 ], [ 77.006720830511924, 28.527841419630555, 0.0 ], [ 77.006472066334538, 28.527967142116516, 0.0 ], [ 77.005625298389177, 28.528468615959756, 0.0 ], [ 77.005324104692775, 28.528642901226455, 0.0 ], [ 77.005033006880481, 28.528821912589127, 0.0 ], [ 77.004220658497701, 28.529373765354311, 0.0 ], [ 77.004048408986847, 28.529505602030039, 0.0 ], [ 77.003652814181407, 28.529768203041908, 0.0 ], [ 77.002850914816065, 28.530311238167283, 0.0 ], [ 77.002569664982147, 28.53050399617242, 0.0 ], [ 77.002288656666636, 28.530687728883983, 0.0 ], [ 77.001476161634855, 28.531244079801237, 0.0 ], [ 77.001298854020561, 28.531373595005199, 0.0 ], [ 77.001199774090907, 28.531445967805517, 0.0 ], [ 77.000903189971993, 28.531638401326187, 0.0 ], [ 77.000226322591288, 28.532093747948156, 0.0 ], [ 77.000253095169114, 28.532238786829993, 0.0 ], [ 77.000306275678881, 28.532542401071424, 0.0 ], [ 77.000362866774381, 28.532909294245506, 0.0 ], [ 77.000842363701551, 28.533709460874068, 0.0 ], [ 77.00108665495614, 28.53375070555715, 0.0 ], [ 77.001335569521686, 28.533810106285983, 0.0 ], [ 77.001913564842397, 28.533799654703586, 0.0 ], [ 77.002118582996403, 28.534160628751923, 0.0 ], [ 77.002300360392255, 28.534435333183808, 0.0 ], [ 77.003142831482194, 28.535807459428774, 0.0 ], [ 77.003748785035981, 28.536849549517363, 0.0 ], [ 77.00392521740325, 28.537133167694169, 0.0 ], [ 77.004096662409154, 28.537412167640078, 0.0 ], [ 77.004576567252514, 28.538198777347464, 0.0 ], [ 77.004773564866071, 28.538478310894501, 0.0 ], [ 77.004961070334488, 28.53873055537715, 0.0 ], [ 77.005114626706657, 28.538914365843201, 0.0 ], [ 77.004917841000122, 28.539578441099, 0.0 ], [ 77.004838423310375, 28.539870240577233, 0.0 ], [ 77.004784554167898, 28.540162577374797, 0.0 ], [ 77.00562992682228, 28.540667887726766, 0.0 ], [ 77.005916465803324, 28.54084996586705, 0.0 ], [ 77.006192179380704, 28.541054391575329, 0.0 ], [ 77.00665308470721, 28.541407168926405, 0.0 ], [ 77.00703022992866, 28.54126156157006, 0.0 ], [ 77.007422546186021, 28.541117028779599, 0.0 ], [ 77.007691204746862, 28.541018051836335, 0.0 ], [ 77.008037444944534, 28.540880825456821, 0.0 ], [ 77.008553013108113, 28.540530428165535, 0.0 ], [ 77.008844374210597, 28.540342386245769, 0.0 ] ] ] ] } }
]
}
