{
"type": "FeatureCollection",
"name": "wards_gurugram",
"features": [
{ "type": "Feature", "id": 0, "properties": { "tessellate": -1, "extrude": 0, "visibility": -1, "objectid": 1.0, "townname": "Gurugram", "towncensuscode2011": "800429", "town_lgd_code": 248576.0, "ward_lgd_code": 64204.0, "ward_lgd_name": "Gurgaon (M Cl ) - Ward No.1", "state": "Haryana", "sourcewardcode": "1" }, "geometry": { "type": "Polygon", "coordinates": [ [ [ 28.5254553, 77.0417243 ], [ 28.5156902, 77.0334666 ], [ 28.4933137, 77.0143934 ], [ 28.4936364, 77.0134516 ], [ 28.4938071, 77.0129339 ], [ 28.4941004, 77.0120995 ], [ 28.4943231, 77.0116304 ], [ 28.4945117, 77.0112369 ], [ 28.4945949, 77.0110574 ], [ 28.4946119, 77.0110206 ], [ 28.4943087, 77.0108528 ], [ 28.4944858, 77.0103402 ], [ 28.4946191, 77.0099358 ], [ 28.4947876, 77.0094495 ], [ 28.4947245, 77.0094159 ], [ 28.4947672, 77.0093024 ], [ 28.4948225, 77.0091757 ], [ 28.4948676, 77.0091681 ], [ 28.4949712, 77.0089269 ], [ 28.4950925, 77.0085866 ], [ 28.4951599, 77.0084064 ], [ 28.4951491, 77.0084001 ], [ 28.4951687, 77.0083555 ], [ 28.4952909, 77.0080519 ], [ 28.4954882, 77.0074718 ], [ 28.4957317, 77.0067869 ], [ 28.4959176, 77.0064695 ], [ 28.4960056, 77.0063192 ], [ 28.4961892, 77.0058622 ], [ 28.4966235, 77.0046186 ], [ 28.4966607, 77.0045279 ], [ 28.4967978, 77.0041892 ], [ 28.4968208, 77.0041324 ], [ 28.4957261, 77.0029013 ], [ 28.49504, 77.0021313 ], [ 28.495587, 77.0007734 ], [ 28.4961322, 76.9993697 ], [ 28.4964126, 76.9995183 ], [ 28.4968533, 76.9997791 ], [ 28.4973517, 77.0001631 ], [ 28.4984074, 77.0009529 ], [ 28.4985736, 77.0010822 ], [ 28.4992434, 77.0015578 ], [ 28.4994477, 77.0012781 ], [ 28.4996663, 77.0009787 ], [ 28.4998809, 77.0006051 ], [ 28.4999833, 77.000472 ], [ 28.5001426, 77.0002963 ], [ 28.5004823, 76.9999578 ], [ 28.5012984, 76.999188 ], [ 28.501339, 76.9991482 ], [ 28.5014787, 76.9990018 ], [ 28.5015499, 76.9989168 ], [ 28.501869, 76.9984963 ], [ 28.5023399, 76.9979334 ], [ 28.5027276, 76.9975089 ], [ 28.5030671, 76.9969226 ], [ 28.5034834, 76.9961973 ], [ 28.5054509, 76.9978114 ], [ 28.5064885, 76.9987821 ], [ 28.5065388, 76.9988878 ], [ 28.5070106, 76.9992525 ], [ 28.5080797, 77.0002687 ], [ 28.5083033, 77.0005337 ], [ 28.5082961, 77.0007064 ], [ 28.5095783, 77.0018107 ], [ 28.5107185, 77.0030635 ], [ 28.5109224, 77.0034497 ], [ 28.510995, 77.0036784 ], [ 28.5110408, 77.0038874 ], [ 28.5110649, 77.0041255 ], [ 28.5106862, 77.0046493 ], [ 28.5108123, 77.0048056 ], [ 28.5107597, 77.0053748 ], [ 28.5105505, 77.0056806 ], [ 28.5103174, 77.0061523 ], [ 28.5102035, 77.0066126 ], [ 28.5107735, 77.0074481 ], [ 28.5128243, 77.0087717 ], [ 28.5128485, 77.0087866 ], [ 28.5135004, 77.0091605 ], [ 28.5136231, 77.0092281 ], [ 28.5137826, 77.0093159 ], [ 28.5137973, 77.0093219 ], [ 28.5138126, 77.0093272 ], [ 28.5138219, 77.0093295 ], [ 28.5138653, 77.0093296 ], [ 28.5139575, 77.0093296 ], [ 28.5146044, 77.0093238 ], [ 28.5146026, 77.0095184 ], [ 28.5145938, 77.0104739 ], [ 28.5150549, 77.0105137 ], [ 28.5168795, 77.0122882 ], [ 28.5169775, 77.0123874 ], [ 28.5170351, 77.0124503 ], [ 28.5172599, 77.0127381 ], [ 28.5176109, 77.0132578 ], [ 28.5178977, 77.0135967 ], [ 28.5185467, 77.0143815 ], [ 28.5193091, 77.0153072 ], [ 28.5198571, 77.0159402 ], [ 28.519894, 77.0159853 ], [ 28.5207935, 77.017029 ], [ 28.5206488, 77.0175185 ], [ 28.5205248, 77.0178595 ], [ 28.5204934, 77.0179366 ], [ 28.5204609, 77.0183411 ], [ 28.5202007, 77.0183359 ], [ 28.5201836, 77.0191779 ], [ 28.5201751, 77.0193271 ], [ 28.5201729, 77.0193658 ], [ 28.5202384, 77.0198489 ], [ 28.5202523, 77.0199517 ], [ 28.5203216, 77.0201877 ], [ 28.5203281, 77.0202158 ], [ 28.5203476, 77.020262 ], [ 28.5203655, 77.0202861 ], [ 28.5203948, 77.0203083 ], [ 28.5204354, 77.0203267 ], [ 28.5204711, 77.0203471 ], [ 28.5208937, 77.0211091 ], [ 28.5212963, 77.0218013 ], [ 28.521342, 77.0218678 ], [ 28.5213826, 77.0219545 ], [ 28.5214131, 77.0220498 ], [ 28.521441, 77.0221076 ], [ 28.5214816, 77.022177 ], [ 28.5215299, 77.022229 ], [ 28.522079, 77.0228294 ], [ 28.5221309, 77.022886 ], [ 28.5224911, 77.0232398 ], [ 28.523094, 77.0238187 ], [ 28.5234986, 77.0241682 ], [ 28.523679, 77.024307 ], [ 28.523809, 77.024392 ], [ 28.5240804, 77.0245825 ], [ 28.5241487, 77.0246288 ], [ 28.5242283, 77.0246695 ], [ 28.5245311, 77.0248029 ], [ 28.5247414, 77.0249314 ], [ 28.5251349, 77.0251462 ], [ 28.525292, 77.025257 ], [ 28.5257117, 77.0255905 ], [ 28.5258327, 77.0256866 ], [ 28.5264754, 77.026146 ], [ 28.5271435, 77.026671 ], [ 28.5273942, 77.0268731 ], [ 28.5277333, 77.02704 ], [ 28.5281497, 77.0271606 ], [ 28.5286329, 77.0273204 ], [ 28.5290975, 77.0277259 ], [ 28.5292158, 77.0280336 ], [ 28.5296822, 77.0284172 ], [ 28.5299276, 77.0286575 ], [ 28.5302035, 77.0287398 ], [ 28.530286, 77.0287739 ], [ 28.5305827, 77.028976 ], [ 28.5307573, 77.0291143 ], [ 28.5308324, 77.0291898 ], [ 28.5309353, 77.0292734 ], [ 28.5311603, 77.0294094 ], [ 28.5317631, 77.0297162 ], [ 28.5311744, 77.0322033 ], [ 28.5307833, 77.0327174 ], [ 28.5306487, 77.0329514 ], [ 28.5285606, 77.0368403 ], [ 28.5271182, 77.0394334 ], [ 28.5264382, 77.040703 ], [ 28.5259331, 77.0404412 ], [ 28.5257856, 77.0409232 ], [ 28.5256497, 77.0413616 ], [ 28.5256022, 77.0415556 ], [ 28.5255453, 77.041808 ], [ 28.5254553, 77.0417243 ] ] ] } },
{ "type": "Feature", "id": 1, "properties": { "tessellate": -1, "extrude": 0, "visibility": -1, "objectid": 2.0, "townname": "Gurugram", "towncensuscode2011": "800429", "town_lgd_code": 248576.0, "ward_lgd_code": 64208.0, "ward_lgd_name": "Gurgaon (M Cl ) - Ward No.5", "state": "Haryana", "sourcewardcode": "5" }, "geometry": { "type": "Polygon", "coordinates": [ [ [ 28.503708, 77.0561172 ], [ 28.5032783, 77.0568249 ], [ 28.5031098, 77.0570974 ], [ 28.5029537, 77.0573565 ], [ 28.5021408, 77.056688 ], [ 28.5017718, 77.0566866 ], [ 28.5012788, 77.0566847 ], [ 28.5012876, 77.0569807 ], [ 28.5013008, 77.057401 ], [ 28.5011024, 77.057403 ], [ 28.500758, 77.0574063 ], [ 28.5007624, 77.0583683 ], [ 28.5007617, 77.0588049 ], [ 28.5003115, 77.058834 ], [ 28.5003311, 77.0600844 ], [ 28.5008318, 77.0600939 ], [ 28.5008888, 77.0614412 ], [ 28.5013055, 77.0614441 ], [ 28.5013277, 77.0631912 ], [ 28.5010106, 77.0632062 ], [ 28.5010119, 77.0635735 ], [ 28.5010121, 77.0636407 ], [ 28.5009099, 77.0637544 ], [ 28.5008915, 77.0637748 ], [ 28.5006079, 77.0640902 ], [ 28.5004254, 77.064311 ], [ 28.5000988, 77.0647039 ], [ 28.4997877, 77.0651678 ], [ 28.4984369, 77.0640422 ], [ 28.495367, 77.0612972 ], [ 28.4931752, 77.05932 ], [ 28.4922771, 77.0584828 ], [ 28.4917434, 77.0580279 ], [ 28.4910136, 77.0574495 ], [ 28.4902921, 77.0568855 ], [ 28.4894394, 77.0561608 ], [ 28.4891515, 77.055932 ], [ 28.4885706, 77.0554152 ], [ 28.4867082, 77.0538219 ], [ 28.4847493, 77.0520866 ], [ 28.482901, 77.0503875 ], [ 28.4822275, 77.0497927 ], [ 28.4820099, 77.0496044 ], [ 28.4815609, 77.0492041 ], [ 28.4816925, 77.0488513 ], [ 28.481806, 77.0484707 ], [ 28.4818237, 77.0483676 ], [ 28.4818282, 77.0483414 ], [ 28.4818282, 77.0483129 ], [ 28.481825, 77.0482638 ], [ 28.4816563, 77.0474497 ], [ 28.4814633, 77.0463908 ], [ 28.4814537, 77.046347 ], [ 28.4809672, 77.0439811 ], [ 28.4806973, 77.0427681 ], [ 28.480594, 77.0423196 ], [ 28.4805174, 77.0420735 ], [ 28.4804389, 77.0418797 ], [ 28.4802514, 77.041418 ], [ 28.4799317, 77.0406776 ], [ 28.4794532, 77.0395888 ], [ 28.4793523, 77.0393519 ], [ 28.4793302, 77.0393045 ], [ 28.4793119, 77.0392293 ], [ 28.4792396, 77.0389157 ], [ 28.4791612, 77.0385575 ], [ 28.4790313, 77.0379151 ], [ 28.4788647, 77.0371025 ], [ 28.4786491, 77.0360071 ], [ 28.478579, 77.0356537 ], [ 28.478563, 77.0355499 ], [ 28.4784986, 77.0351157 ], [ 28.4785285, 77.0347278 ], [ 28.4785715, 77.0338814 ], [ 28.4785883, 77.0336355 ], [ 28.4786161, 77.0332283 ], [ 28.478631, 77.0331382 ], [ 28.47866, 77.0329955 ], [ 28.4787878, 77.0324889 ], [ 28.4788372, 77.0323088 ], [ 28.478903, 77.0320278 ], [ 28.4789407, 77.0319002 ], [ 28.479092, 77.0314872 ], [ 28.4793272, 77.0308593 ], [ 28.4794149, 77.0305959 ], [ 28.47971, 77.0295795 ], [ 28.4797945, 77.0293245 ], [ 28.4798202, 77.0292283 ], [ 28.4798423, 77.029089 ], [ 28.4798705, 77.0288534 ], [ 28.4799391, 77.028211 ], [ 28.4799734, 77.0280005 ], [ 28.4799942, 77.0279197 ], [ 28.480026, 77.0278124 ], [ 28.480138, 77.027466 ], [ 28.480388, 77.0265833 ], [ 28.4805205, 77.0260731 ], [ 28.4806239, 77.0257217 ], [ 28.480707, 77.0254461 ], [ 28.4807925, 77.0252124 ], [ 28.4808505, 77.0250858 ], [ 28.4810936, 77.0246888 ], [ 28.4811947, 77.0244899 ], [ 28.4813943, 77.0240747 ], [ 28.4815236, 77.0237896 ], [ 28.4819241, 77.0228712 ], [ 28.4820467, 77.0226787 ], [ 28.4826195, 77.0220506 ], [ 28.4828728, 77.0218122 ], [ 28.4835445, 77.0211802 ], [ 28.4838427, 77.0209123 ], [ 28.4839726, 77.0208099 ], [ 28.4846053, 77.0203993 ], [ 28.4850595, 77.0200949 ], [ 28.4854981, 77.0197272 ], [ 28.486402, 77.0197725 ], [ 28.4878012, 77.0198016 ], [ 28.4881118, 77.019805 ], [ 28.488351, 77.0197966 ], [ 28.4885429, 77.0197911 ], [ 28.4893292, 77.0197092 ], [ 28.4899876, 77.0196599 ], [ 28.4908641, 77.0196547 ], [ 28.4914395, 77.0196719 ], [ 28.492213, 77.0197487 ], [ 28.492471, 77.0197758 ], [ 28.4927166, 77.0198017 ], [ 28.4929528, 77.0198382 ], [ 28.4931157, 77.0198733 ], [ 28.4932113, 77.0198967 ], [ 28.4937612, 77.0201029 ], [ 28.494279, 77.0203034 ], [ 28.4944041, 77.020361 ], [ 28.4945221, 77.0204291 ], [ 28.4945696, 77.0204603 ], [ 28.4949155, 77.0207177 ], [ 28.4973415, 77.0225954 ], [ 28.4973645, 77.0226127 ], [ 28.4975433, 77.0227599 ], [ 28.4977575, 77.0229455 ], [ 28.4978667, 77.0230491 ], [ 28.4980019, 77.0231937 ], [ 28.4980629, 77.0232722 ], [ 28.4981884, 77.0234364 ], [ 28.5000951, 77.0261868 ], [ 28.5008695, 77.0272443 ], [ 28.501502, 77.0281324 ], [ 28.5020702, 77.0288883 ], [ 28.5026754, 77.0295583 ], [ 28.5027204, 77.0296162 ], [ 28.5027368, 77.0296372 ], [ 28.5027544, 77.0296731 ], [ 28.5027922, 77.0297557 ], [ 28.5029708, 77.0302685 ], [ 28.5032017, 77.0309933 ], [ 28.5033083, 77.0313993 ], [ 28.503355, 77.031722 ], [ 28.5034989, 77.0329629 ], [ 28.5035128, 77.0331304 ], [ 28.5035296, 77.0333337 ], [ 28.503534, 77.0336298 ], [ 28.5035074, 77.0342472 ], [ 28.5035133, 77.0346408 ], [ 28.5035591, 77.0356371 ], [ 28.5035672, 77.0357666 ], [ 28.5035815, 77.0359933 ], [ 28.5035868, 77.036054 ], [ 28.5035909, 77.0360883 ], [ 28.5035974, 77.0361208 ], [ 28.5036055, 77.0361408 ], [ 28.5036166, 77.0361683 ], [ 28.5036253, 77.0361853 ], [ 28.5036394, 77.0362055 ], [ 28.5036527, 77.0362197 ], [ 28.5036747, 77.0362434 ], [ 28.503698, 77.0362665 ], [ 28.505556, 77.0378295 ], [ 28.5065568, 77.038693 ], [ 28.5068362, 77.0389291 ], [ 28.5086287, 77.0404566 ], [ 28.5093826, 77.0410658 ], [ 28.5096643, 77.0413313 ], [ 28.5101252, 77.0418067 ], [ 28.5098567, 77.0425787 ], [ 28.5098101, 77.0427037 ], [ 28.5090075, 77.0450251 ], [ 28.5080327, 77.0478652 ], [ 28.5076421, 77.0490072 ], [ 28.5070288, 77.050673 ], [ 28.506842, 77.0510277 ], [ 28.5066955, 77.051261 ], [ 28.5055701, 77.0531157 ], [ 28.5047476, 77.0544307 ], [ 28.5037209, 77.0560938 ], [ 28.503708, 77.0561172 ] ] ] } },
{ "type": "Feature", "id": 2, "properties": { "tessellate": -1, "extrude": 0, "visibility": -1, "objectid": 3.0, "townname": "Gurugram", "towncensuscode2011": "800429", "town_lgd_code": 248576.0, "ward_lgd_code": 64206.0, "ward_lgd_name": "Gurgaon (M Cl ) - Ward No.3", "state": "Haryana", "sourcewardcode": "3" }, "geometry": { "type": "Polygon", "coordinates": [ [ [ 28.5128673, 77.0801429 ], [ 28.5121013, 77.0811213 ], [ 28.5109547, 77.0800594 ], [ 28.5099849, 77.0791501 ], [ 28.5109593, 77.0778733 ], [ 28.5112559, 77.0774493 ], [ 28.5112884, 77.0773889 ], [ 28.5113124, 77.0773116 ], [ 28.5113215, 77.0772557 ], [ 28.5113152, 77.0768128 ], [ 28.5113266, 77.0765413 ], [ 28.5113373, 77.0764503 ], [ 28.5113385, 77.0764397 ], [ 28.5113506, 77.0763367 ], [ 28.5113611, 77.076285 ], [ 28.5113859, 77.0761694 ], [ 28.5114354, 77.0759382 ], [ 28.5114693, 77.0758251 ], [ 28.5116817, 77.0750648 ], [ 28.5118139, 77.0746112 ], [ 28.511478, 77.0744712 ], [ 28.5112605, 77.0743805 ], [ 28.5111365, 77.0743323 ], [ 28.5109303, 77.0742372 ], [ 28.5102029, 77.0737996 ], [ 28.509116, 77.0730309 ], [ 28.5084845, 77.0725987 ], [ 28.507851, 77.0721423 ], [ 28.5077664, 77.0720813 ], [ 28.50755, 77.0719155 ], [ 28.5072382, 77.0716765 ], [ 28.5069788, 77.0714794 ], [ 28.5065207, 77.0710822 ], [ 28.5060601, 77.070682 ], [ 28.5055169, 77.0702233 ], [ 28.5036348, 77.0685461 ], [ 28.5037383, 77.0683814 ], [ 28.5037346, 77.0683089 ], [ 28.503735, 77.0669806 ], [ 28.5047926, 77.0669316 ], [ 28.5047795, 77.0661921 ], [ 28.5065039, 77.0661323 ], [ 28.5080084, 77.0660778 ], [ 28.5080002, 77.065425 ], [ 28.508515, 77.065377 ], [ 28.5085643, 77.063545 ], [ 28.5087134, 77.0635481 ], [ 28.5087151, 77.0635036 ], [ 28.508724, 77.0632674 ], [ 28.5087532, 77.0623543 ], [ 28.5088782, 77.0622316 ], [ 28.5094241, 77.062823 ], [ 28.5095008, 77.0628171 ], [ 28.5094434, 77.0613092 ], [ 28.5122135, 77.0612624 ], [ 28.5122124, 77.0612965 ], [ 28.5122211, 77.0615783 ], [ 28.512228, 77.0616521 ], [ 28.5122479, 77.0617547 ], [ 28.5122918, 77.0619108 ], [ 28.5124726, 77.0626536 ], [ 28.5125417, 77.0630221 ], [ 28.5126607, 77.063816 ], [ 28.5126785, 77.0640978 ], [ 28.5126846, 77.0642037 ], [ 28.5126773, 77.0643348 ], [ 28.5126577, 77.0645605 ], [ 28.5125786, 77.0651244 ], [ 28.5125028, 77.0654881 ], [ 28.5124638, 77.0656453 ], [ 28.5124018, 77.065866 ], [ 28.5123779, 77.0659549 ], [ 28.5122903, 77.0663319 ], [ 28.5122465, 77.0665392 ], [ 28.5122331, 77.0666135 ], [ 28.5121937, 77.0670996 ], [ 28.5121917, 77.0671351 ], [ 28.512167, 77.067448 ], [ 28.5126757, 77.067475 ], [ 28.5131002, 77.0677096 ], [ 28.5135351, 77.0680659 ], [ 28.5138839, 77.0683548 ], [ 28.5143131, 77.0687283 ], [ 28.5145073, 77.0688767 ], [ 28.5148898, 77.0691813 ], [ 28.5156659, 77.0698392 ], [ 28.5170847, 77.0710209 ], [ 28.5176449, 77.0714145 ], [ 28.5191662, 77.0720318 ], [ 28.5200776, 77.0722333 ], [ 28.5201051, 77.072184 ], [ 28.520243, 77.0723018 ], [ 28.5187191, 77.0748747 ], [ 28.5186732, 77.0749879 ], [ 28.51855, 77.0765456 ], [ 28.5184804, 77.0774088 ], [ 28.5180202, 77.0804399 ], [ 28.5176095, 77.0801572 ], [ 28.5170218, 77.0796492 ], [ 28.5166698, 77.0792805 ], [ 28.5163843, 77.0789815 ], [ 28.515637, 77.0781009 ], [ 28.5153225, 77.0789203 ], [ 28.5150741, 77.0795675 ], [ 28.514642, 77.0795342 ], [ 28.5143924, 77.0795255 ], [ 28.513543, 77.0807245 ], [ 28.5128673, 77.0801429 ] ] ] } },
{ "type": "Feature", "id": 3, "properties": { "tessellate": -1, "extrude": 0, "visibility": -1, "objectid": 4.0, "townname": "Gurugram", "towncensuscode2011": "800429", "town_lgd_code": 248576.0, "ward_lgd_code": 64205.0, "ward_lgd_name": "Gurgaon (M Cl ) - Ward No.2", "state": "Haryana", "sourcewardcode": "2" }, "geometry": { "type": "Polygon", "coordinates": [ [ [ 28.5123892, 77.0595524 ], [ 28.5122398, 77.0603057 ], [ 28.512461, 77.0605257 ], [ 28.5124328, 77.0609007 ], [ 28.512344, 77.0609108 ], [ 28.5123278, 77.0609125 ], [ 28.5123071, 77.0609176 ], [ 28.5122893, 77.0609277 ], [ 28.5122731, 77.0609445 ], [ 28.5122642, 77.0609579 ], [ 28.5122164, 77.0611786 ], [ 28.5122135, 77.0612624 ], [ 28.5094434, 77.0613092 ], [ 28.5095008, 77.0628171 ], [ 28.5094241, 77.062823 ], [ 28.5088782, 77.0622316 ], [ 28.5087532, 77.0623543 ], [ 28.508724, 77.0632674 ], [ 28.5087151, 77.0635036 ], [ 28.5087134, 77.0635481 ], [ 28.5085643, 77.063545 ], [ 28.508515, 77.065377 ], [ 28.5080002, 77.065425 ], [ 28.5080084, 77.0660778 ], [ 28.5065039, 77.0661323 ], [ 28.5047795, 77.0661921 ], [ 28.5047926, 77.0669316 ], [ 28.503735, 77.0669806 ], [ 28.5037346, 77.0683089 ], [ 28.5037383, 77.0683814 ], [ 28.5036348, 77.0685461 ], [ 28.5006547, 77.0658904 ], [ 28.4997877, 77.0651678 ], [ 28.5000988, 77.0647039 ], [ 28.5004254, 77.064311 ], [ 28.5006079, 77.0640902 ], [ 28.5008915, 77.0637748 ], [ 28.5009099, 77.0637544 ], [ 28.5010121, 77.0636407 ], [ 28.5010119, 77.0635735 ], [ 28.5010106, 77.0632062 ], [ 28.5013277, 77.0631912 ], [ 28.5013055, 77.0614441 ], [ 28.5008888, 77.0614412 ], [ 28.5008318, 77.0600939 ], [ 28.5003311, 77.0600844 ], [ 28.5003115, 77.058834 ], [ 28.5007617, 77.0588049 ], [ 28.5007624, 77.0583683 ], [ 28.500758, 77.0574063 ], [ 28.5011024, 77.057403 ], [ 28.5013008, 77.057401 ], [ 28.5012876, 77.0569807 ], [ 28.5012788, 77.0566847 ], [ 28.5017718, 77.0566866 ], [ 28.5021408, 77.056688 ], [ 28.5029537, 77.0573565 ], [ 28.5031098, 77.0570974 ], [ 28.5032783, 77.0568249 ], [ 28.503708, 77.0561172 ], [ 28.5037209, 77.0560938 ], [ 28.5047476, 77.0544307 ], [ 28.5055701, 77.0531157 ], [ 28.5066955, 77.051261 ], [ 28.506842, 77.0510277 ], [ 28.5070288, 77.050673 ], [ 28.5076421, 77.0490072 ], [ 28.5080327, 77.0478652 ], [ 28.5090075, 77.0450251 ], [ 28.5098101, 77.0427037 ], [ 28.5098567, 77.0425787 ], [ 28.5101252, 77.0418067 ], [ 28.5102332, 77.0415122 ], [ 28.5102733, 77.0413962 ], [ 28.5105006, 77.0407906 ], [ 28.5106285, 77.0404882 ], [ 28.5106994, 77.0403563 ], [ 28.5107639, 77.0402588 ], [ 28.5109547, 77.0399853 ], [ 28.5113169, 77.0395374 ], [ 28.511997, 77.0387187 ], [ 28.5126229, 77.0379118 ], [ 28.5128096, 77.0376468 ], [ 28.5129394, 77.0374408 ], [ 28.5130831, 77.0372128 ], [ 28.5136063, 77.0364609 ], [ 28.5141147, 77.0357496 ], [ 28.5146368, 77.0349858 ], [ 28.51487, 77.03466 ], [ 28.5153099, 77.034045 ], [ 28.5156902, 77.0334666 ], [ 28.5254553, 77.0417243 ], [ 28.5255453, 77.041808 ], [ 28.5253401, 77.0423281 ], [ 28.5249405, 77.043238 ], [ 28.5248861, 77.043362 ], [ 28.5248055, 77.043414 ], [ 28.5241548, 77.0434114 ], [ 28.5240492, 77.043413 ], [ 28.5237846, 77.0434933 ], [ 28.5229839, 77.0444242 ], [ 28.5224509, 77.0452895 ], [ 28.5222742, 77.0455483 ], [ 28.522156, 77.0457835 ], [ 28.5214453, 77.0471055 ], [ 28.5213982, 77.0471932 ], [ 28.520861, 77.0482843 ], [ 28.5203729, 77.0479466 ], [ 28.5199797, 77.0475956 ], [ 28.5191114, 77.0471695 ], [ 28.5180013, 77.0466568 ], [ 28.5173781, 77.0463762 ], [ 28.5169541, 77.0461853 ], [ 28.5166602, 77.0460664 ], [ 28.5163896, 77.0473141 ], [ 28.5162285, 77.0481871 ], [ 28.5160201, 77.04923 ], [ 28.5159269, 77.049558 ], [ 28.5157747, 77.0500223 ], [ 28.515318, 77.0514353 ], [ 28.5150785, 77.0521855 ], [ 28.5146207, 77.0535505 ], [ 28.5139272, 77.0556132 ], [ 28.5137812, 77.0557324 ], [ 28.5136135, 77.0562061 ], [ 28.5134423, 77.056577 ], [ 28.5128899, 77.0575766 ], [ 28.5126614, 77.0586531 ], [ 28.5125449, 77.0590645 ], [ 28.5123892, 77.0595524 ] ] ] } },
{ "type": "Feature", "id": 4, "properties": { "tessellate": -1, "extrude": 0, "visibility": -1, "objectid": 5.0, "townname": "Gurugram", "towncensuscode2011": "800429", "town_lgd_code": 248576.0, "ward_lgd_code": 64210.0, "ward_lgd_name": "Gurgaon (M Cl ) - Ward No.7", "state": "Haryana", "sourcewardcode": "7" }, "geometry": { "type": "Polygon", "coordinates": [ [ [ 28.4944858, 77.0103402 ], [ 28.4943087, 77.0108528 ], [ 28.4946119, 77.0110206 ], [ 28.4945949, 77.0110574 ], [ 28.4945117, 77.0112369 ], [ 28.4943231, 77.0116304 ], [ 28.4941004, 77.0120995 ], [ 28.4938071, 77.0129339 ], [ 28.4936364, 77.0134516 ], [ 28.4933137, 77.0143934 ], [ 28.4920248, 77.013302 ], [ 28.4890803, 77.0105914 ], [ 28.4863093, 77.0084983 ], [ 28.4828395, 77.0056715 ], [ 28.4829934, 77.0054049 ], [ 28.4833448, 77.0046265 ], [ 28.4835548, 77.0040478 ], [ 28.4837558, 77.0041123 ], [ 28.4839747, 77.0036208 ], [ 28.4841113, 77.0036826 ], [ 28.484205, 77.0034487 ], [ 28.4843128, 77.0034925 ], [ 28.484328, 77.0034589 ], [ 28.4845109, 77.0035438 ], [ 28.4848065, 77.002859 ], [ 28.4854551, 77.0031578 ], [ 28.48599, 77.0033729 ], [ 28.4860094, 77.0033652 ], [ 28.4861162, 77.0032513 ], [ 28.4861926, 77.0031392 ], [ 28.4862876, 77.0028943 ], [ 28.4862811, 77.0028616 ], [ 28.4863421, 77.0026902 ], [ 28.4864416, 77.0024105 ], [ 28.4864695, 77.0023322 ], [ 28.4872121, 77.0002163 ], [ 28.4874207, 76.9995206 ], [ 28.4880114, 76.998003 ], [ 28.4887951, 76.9983483 ], [ 28.4890788, 76.9975749 ], [ 28.4892637, 76.9971301 ], [ 28.4899243, 76.9959668 ], [ 28.4905815, 76.9965844 ], [ 28.4908916, 76.9962152 ], [ 28.4909558, 76.9959563 ], [ 28.4910035, 76.9957768 ], [ 28.490877, 76.9957768 ], [ 28.4908756, 76.9954502 ], [ 28.490877, 76.9954357 ], [ 28.4923433, 76.9954677 ], [ 28.4923925, 76.9934258 ], [ 28.493912, 76.9934445 ], [ 28.4939172, 76.9927676 ], [ 28.4961875, 76.9928237 ], [ 28.4962124, 76.9940786 ], [ 28.4962135, 76.994131 ], [ 28.4962224, 76.9945481 ], [ 28.4964931, 76.9947339 ], [ 28.4965824, 76.9947758 ], [ 28.4967059, 76.9948177 ], [ 28.4968295, 76.9948416 ], [ 28.4969872, 76.9948595 ], [ 28.4972079, 76.9948805 ], [ 28.4978597, 76.9948894 ], [ 28.4978554, 76.9963462 ], [ 28.4978543, 76.9979909 ], [ 28.4977996, 76.9979884 ], [ 28.4974392, 76.9979713 ], [ 28.4969047, 76.9979402 ], [ 28.4962471, 76.9988939 ], [ 28.4961319, 76.999061 ], [ 28.4961322, 76.9993697 ], [ 28.495587, 77.0007734 ], [ 28.49504, 77.0021313 ], [ 28.4957261, 77.0029013 ], [ 28.4968208, 77.0041324 ], [ 28.4967978, 77.0041892 ], [ 28.4966607, 77.0045279 ], [ 28.4966235, 77.0046186 ], [ 28.4961892, 77.0058622 ], [ 28.4960056, 77.0063192 ], [ 28.4959176, 77.0064695 ], [ 28.4957317, 77.0067869 ], [ 28.4954882, 77.0074718 ], [ 28.4952909, 77.0080519 ], [ 28.4951687, 77.0083555 ], [ 28.4951491, 77.0084001 ], [ 28.4951599, 77.0084064 ], [ 28.4950925, 77.0085866 ], [ 28.4949712, 77.0089269 ], [ 28.4948676, 77.0091681 ], [ 28.4948225, 77.0091757 ], [ 28.4947672, 77.0093024 ], [ 28.4947245, 77.0094159 ], [ 28.4947876, 77.0094495 ], [ 28.4946191, 77.0099358 ], [ 28.4944858, 77.0103402 ] ] ] } },
{ "type": "Feature", "id": 5, "properties": { "tessellate": -1, "extrude": 0, "visibility": -1, "objectid": 6.0, "townname": "Gurugram", "towncensuscode2011": "800429", "town_lgd_code": 248576.0, "ward_lgd_code": 64207.0, "ward_lgd_name": "Gurgaon (M Cl ) - Ward No.4", "state": "Haryana", "sourcewardcode": "4" }, "geometry": { "type": "Polygon", "coordinates": [ [ [ 28.5104773, 77.0934673 ], [ 28.5099461, 77.0937827 ], [ 28.5091262, 77.0942926 ], [ 28.5086526, 77.0945707 ], [ 28.5085935, 77.0946031 ], [ 28.5083016, 77.0947631 ], [ 28.5079529, 77.0949102 ], [ 28.5077805, 77.0949688 ], [ 28.5077242, 77.0949854 ], [ 28.5076561, 77.095001 ], [ 28.507439, 77.0950508 ], [ 28.507185, 77.0950874 ], [ 28.5070596, 77.0951055 ], [ 28.5068748, 77.0951088 ], [ 28.5066028, 77.0951139 ], [ 28.5064831, 77.0951072 ], [ 28.5063295, 77.0950835 ], [ 28.5062014, 77.0950638 ], [ 28.5060684, 77.0950434 ], [ 28.5057572, 77.0949583 ], [ 28.5055765, 77.0949002 ], [ 28.5053778, 77.0948184 ], [ 28.505164, 77.0947204 ], [ 28.5048556, 77.0945385 ], [ 28.5046285, 77.0943759 ], [ 28.5044146, 77.0942059 ], [ 28.5041774, 77.0940174 ], [ 28.5027228, 77.0928345 ], [ 28.5003959, 77.0908208 ], [ 28.4990305, 77.0895601 ], [ 28.4982773, 77.0888895 ], [ 28.4898763, 77.0807831 ], [ 28.4840058, 77.0752326 ], [ 28.4809092, 77.0722621 ], [ 28.4791894, 77.0706123 ], [ 28.4891515, 77.055932 ], [ 28.4894394, 77.0561608 ], [ 28.4902921, 77.0568855 ], [ 28.4910136, 77.0574495 ], [ 28.4917434, 77.0580279 ], [ 28.4922771, 77.0584828 ], [ 28.4931752, 77.05932 ], [ 28.495367, 77.0612972 ], [ 28.4984369, 77.0640422 ], [ 28.4997877, 77.0651678 ], [ 28.5006547, 77.0658904 ], [ 28.5036348, 77.0685461 ], [ 28.5055169, 77.0702233 ], [ 28.5060601, 77.070682 ], [ 28.5065207, 77.0710822 ], [ 28.5069788, 77.0714794 ], [ 28.5072382, 77.0716765 ], [ 28.50755, 77.0719155 ], [ 28.5077664, 77.0720813 ], [ 28.507851, 77.0721423 ], [ 28.5084845, 77.0725987 ], [ 28.509116, 77.0730309 ], [ 28.5102029, 77.0737996 ], [ 28.5109303, 77.0742372 ], [ 28.5111365, 77.0743323 ], [ 28.5112605, 77.0743805 ], [ 28.511478, 77.0744712 ], [ 28.5118139, 77.0746112 ], [ 28.5116817, 77.0750648 ], [ 28.5114693, 77.0758251 ], [ 28.5114354, 77.0759382 ], [ 28.5113859, 77.0761694 ], [ 28.5113611, 77.076285 ], [ 28.5113506, 77.0763367 ], [ 28.5113385, 77.0764397 ], [ 28.5113373, 77.0764503 ], [ 28.5113266, 77.0765413 ], [ 28.5113152, 77.0768128 ], [ 28.5113215, 77.0772557 ], [ 28.5113124, 77.0773116 ], [ 28.5112884, 77.0773889 ], [ 28.5112559, 77.0774493 ], [ 28.5109593, 77.0778733 ], [ 28.5099849, 77.0791501 ], [ 28.5109547, 77.0800594 ], [ 28.5121013, 77.0811213 ], [ 28.5128673, 77.0801429 ], [ 28.513543, 77.0807245 ], [ 28.5143924, 77.0795255 ], [ 28.514642, 77.0795342 ], [ 28.5150741, 77.0795675 ], [ 28.5153225, 77.0789203 ], [ 28.515637, 77.0781009 ], [ 28.5163843, 77.0789815 ], [ 28.5166698, 77.0792805 ], [ 28.5170218, 77.0796492 ], [ 28.5176095, 77.0801572 ], [ 28.5180202, 77.0804399 ], [ 28.5176018, 77.0814022 ], [ 28.5173936, 77.0819529 ], [ 28.5173205, 77.0821367 ], [ 28.5170974, 77.0827069 ], [ 28.5168584, 77.0833627 ], [ 28.5165538, 77.0844514 ], [ 28.5163083, 77.0853548 ], [ 28.5160148, 77.0863179 ], [ 28.5157197, 77.087041 ], [ 28.5156625, 77.087217 ], [ 28.5154068, 77.0881185 ], [ 28.514802, 77.0904935 ], [ 28.5147193, 77.0908075 ], [ 28.5140671, 77.0932891 ], [ 28.5138797, 77.0932035 ], [ 28.5136328, 77.0931077 ], [ 28.5133547, 77.0930183 ], [ 28.5130756, 77.0929705 ], [ 28.5128908, 77.0929416 ], [ 28.5125167, 77.0929127 ], [ 28.5121587, 77.0929179 ], [ 28.5117384, 77.0929731 ], [ 28.5112233, 77.0931282 ], [ 28.5108053, 77.0933043 ], [ 28.5104773, 77.0934673 ] ] ] } },
{ "type": "Feature", "id": 6, "properties": { "tessellate": -1, "extrude": 0, "visibility": -1, "objectid": 7.0, "townname": "Gurugram", "towncensuscode2011": "800429", "town_lgd_code": 248576.0, "ward_lgd_code": 64209.0, "ward_lgd_name": "Gurgaon (M Cl ) - Ward No.6", "state": "Haryana", "sourcewardcode": "6" }, "geometry": { "type": "Polygon", "coordinates": [ [ [ 28.5035591, 77.0356371 ], [ 28.5035133, 77.0346408 ], [ 28.5035074, 77.0342472 ], [ 28.503534, 77.0336298 ], [ 28.5035296, 77.0333337 ], [ 28.5035128, 77.0331304 ], [ 28.5034989, 77.0329629 ], [ 28.503355, 77.031722 ], [ 28.5033083, 77.0313993 ], [ 28.5032017, 77.0309933 ], [ 28.5029708, 77.0302685 ], [ 28.5027922, 77.0297557 ], [ 28.5027544, 77.0296731 ], [ 28.5027368, 77.0296372 ], [ 28.5027204, 77.0296162 ], [ 28.5026754, 77.0295583 ], [ 28.5020702, 77.0288883 ], [ 28.501502, 77.0281324 ], [ 28.5008695, 77.0272443 ], [ 28.5000951, 77.0261868 ], [ 28.4981884, 77.0234364 ], [ 28.4980629, 77.0232722 ], [ 28.4980019, 77.0231937 ], [ 28.4978667, 77.0230491 ], [ 28.4977575, 77.0229455 ], [ 28.4975433, 77.0227599 ], [ 28.4973645, 77.0226127 ], [ 28.4973415, 77.0225954 ], [ 28.4949155, 77.0207177 ], [ 28.4945696, 77.0204603 ], [ 28.4945221, 77.0204291 ], [ 28.4944041, 77.020361 ], [ 28.494279, 77.0203034 ], [ 28.4937612, 77.0201029 ], [ 28.4932113, 77.0198967 ], [ 28.4931157, 77.0198733 ], [ 28.4929528, 77.0198382 ], [ 28.4927166, 77.0198017 ], [ 28.492471, 77.0197758 ], [ 28.492213, 77.0197487 ], [ 28.4914395, 77.0196719 ], [ 28.4908641, 77.0196547 ], [ 28.4899876, 77.0196599 ], [ 28.4893292, 77.0197092 ], [ 28.4885429, 77.0197911 ], [ 28.488351, 77.0197966 ], [ 28.4881118, 77.019805 ], [ 28.4878012, 77.0198016 ], [ 28.486402, 77.0197725 ], [ 28.4854981, 77.0197272 ], [ 28.4857596, 77.0193484 ], [ 28.4851278, 77.018328 ], [ 28.4834117, 77.0157022 ], [ 28.483076, 77.0152246 ], [ 28.4827212, 77.0146242 ], [ 28.4821898, 77.0141304 ], [ 28.4815749, 77.0152907 ], [ 28.4807799, 77.0145263 ], [ 28.4845957, 77.0128141 ], [ 28.4860407, 77.0121898 ], [ 28.4868892, 77.0118119 ], [ 28.4881699, 77.0112217 ], [ 28.4888312, 77.0109143 ], [ 28.4890803, 77.0105914 ], [ 28.4920248, 77.013302 ], [ 28.4933137, 77.0143934 ], [ 28.5156902, 77.0334666 ], [ 28.5153099, 77.034045 ], [ 28.51487, 77.03466 ], [ 28.5146368, 77.0349858 ], [ 28.5141147, 77.0357496 ], [ 28.5136063, 77.0364609 ], [ 28.5130831, 77.0372128 ], [ 28.5129394, 77.0374408 ], [ 28.5128096, 77.0376468 ], [ 28.5126229, 77.0379118 ], [ 28.511997, 77.0387187 ], [ 28.5113169, 77.0395374 ], [ 28.5109547, 77.0399853 ], [ 28.5107639, 77.0402588 ], [ 28.5106994, 77.0403563 ], [ 28.5106285, 77.0404882 ], [ 28.5105006, 77.0407906 ], [ 28.5102733, 77.0413962 ], [ 28.5102332, 77.0415122 ], [ 28.5101252, 77.0418067 ], [ 28.5096643, 77.0413313 ], [ 28.5093826, 77.0410658 ], [ 28.5086287, 77.0404566 ], [ 28.5068362, 77.0389291 ], [ 28.5065568, 77.038693 ], [ 28.505556, 77.0378295 ], [ 28.503698, 77.0362665 ], [ 28.5036747, 77.0362434 ], [ 28.5036527, 77.0362197 ], [ 28.5036394, 77.0362055 ], [ 28.5036253, 77.0361853 ], [ 28.5036166, 77.0361683 ], [ 28.5036055, 77.0361408 ], [ 28.5035974, 77.0361208 ], [ 28.5035909, 77.0360883 ], [ 28.5035868, 77.036054 ], [ 28.5035815, 77.0359933 ], [ 28.5035672, 77.0357666 ], [ 28.5035591, 77.0356371 ] ] ] } },
{ "type": "Feature", "id": 7, "properties": { "tessellate": -1, "extrude": 0, "visibility": -1, "objectid": 12.0, "townname": "Gurugram", "towncensuscode2011": "800429", "town_lgd_code": 248576.0, "ward_lgd_code": 64215.0, "ward_lgd_name": "Gurgaon (M Cl ) - Ward No.12", "state": "Haryana", "sourcewardcode": "12" }, "geometry": { "type": "Polygon", "coordinates": [ [ [ 28.4699908, 77.0195336 ], [ 28.464929, 77.0218465 ], [ 28.4647857, 77.0216046 ], [ 28.4643, 77.0213373 ], [ 28.4644636, 77.0210532 ], [ 28.4640006, 77.0206141 ], [ 28.4639577, 77.0206946 ], [ 28.4637765, 77.0205513 ], [ 28.4631161, 77.0216767 ], [ 28.4628019, 77.022236 ], [ 28.4625136, 77.02299 ], [ 28.461916, 77.0225465 ], [ 28.4616966, 77.0228787 ], [ 28.4610568, 77.0223226 ], [ 28.4609345, 77.0226789 ], [ 28.4606957, 77.0225599 ], [ 28.4597977, 77.0221356 ], [ 28.4596711, 77.0224428 ], [ 28.4591428, 77.0221663 ], [ 28.4585216, 77.0218591 ], [ 28.4586128, 77.0215961 ], [ 28.4580878, 77.021335 ], [ 28.4574697, 77.021039 ], [ 28.4578864, 77.0198968 ], [ 28.4581968, 77.0190073 ], [ 28.4586127, 77.0191984 ], [ 28.4587199, 77.018949 ], [ 28.4589183, 77.0184742 ], [ 28.458844, 77.0184358 ], [ 28.4588817, 77.0183482 ], [ 28.458758, 77.018277 ], [ 28.4589371, 77.0178772 ], [ 28.4588498, 77.0178263 ], [ 28.459085, 77.0172805 ], [ 28.4588871, 77.0171556 ], [ 28.4581386, 77.0167158 ], [ 28.4583933, 77.0161089 ], [ 28.4586677, 77.015486 ], [ 28.4588264, 77.0150848 ], [ 28.458887, 77.0149315 ], [ 28.4589765, 77.0147174 ], [ 28.4591818, 77.0142401 ], [ 28.4593528, 77.0138424 ], [ 28.4594029, 77.0137199 ], [ 28.4595882, 77.0132912 ], [ 28.459857, 77.0127353 ], [ 28.459747, 77.0126341 ], [ 28.4594843, 77.0124872 ], [ 28.4592522, 77.0123574 ], [ 28.4593171, 77.0122136 ], [ 28.4597741, 77.0124859 ], [ 28.4599277, 77.0126087 ], [ 28.4599675, 77.0125493 ], [ 28.460174, 77.0122412 ], [ 28.4603581, 77.011951 ], [ 28.4603673, 77.0120531 ], [ 28.4604091, 77.012336 ], [ 28.4604292, 77.0124401 ], [ 28.4604448, 77.0124877 ], [ 28.4610768, 77.0137707 ], [ 28.462174, 77.0122707 ], [ 28.4630593, 77.0109066 ], [ 28.4632625, 77.0106199 ], [ 28.46348, 77.0103129 ], [ 28.4646376, 77.0115421 ], [ 28.464289, 77.012489 ], [ 28.464167, 77.012856 ], [ 28.4640729, 77.0131197 ], [ 28.4640258, 77.0131171 ], [ 28.4639709, 77.0132926 ], [ 28.4637801, 77.0138187 ], [ 28.4642891, 77.0143137 ], [ 28.4652343, 77.0137208 ], [ 28.4652912, 77.0136893 ], [ 28.4653902, 77.0136455 ], [ 28.4654381, 77.0136299 ], [ 28.4656571, 77.013576 ], [ 28.4657513, 77.0135638 ], [ 28.4657856, 77.0135617 ], [ 28.4660396, 77.0135809 ], [ 28.4661918, 77.0136055 ], [ 28.4674195, 77.0138577 ], [ 28.4686722, 77.0140617 ], [ 28.468307, 77.0154403 ], [ 28.4681707, 77.0158794 ], [ 28.4681126, 77.0160149 ], [ 28.4678463, 77.0165707 ], [ 28.4674663, 77.0173272 ], [ 28.4690704, 77.0187326 ], [ 28.4699908, 77.0195336 ] ] ] } },
{ "type": "Feature", "id": 8, "properties": { "tessellate": -1, "extrude": 0, "visibility": -1, "objectid": 8.0, "townname": "Gurugram", "towncensuscode2011": "800429", "town_lgd_code": 248576.0, "ward_lgd_code": 64211.0, "ward_lgd_name": "Gurgaon (M Cl ) - Ward No.8", "state": "Haryana", "sourcewardcode": "8" }, "geometry": { "type": "Polygon", "coordinates": [ [ [ 28.489796, 76.9935368 ], [ 28.4892476, 76.995251 ], [ 28.4899243, 76.9959668 ], [ 28.4892637, 76.9971301 ], [ 28.4890788, 76.9975749 ], [ 28.4887951, 76.9983483 ], [ 28.4880114, 76.998003 ], [ 28.4874207, 76.9995206 ], [ 28.4872121, 77.0002163 ], [ 28.4864695, 77.0023322 ], [ 28.4864416, 77.0024105 ], [ 28.4863421, 77.0026902 ], [ 28.4862811, 77.0028616 ], [ 28.4862876, 77.0028943 ], [ 28.4861926, 77.0031392 ], [ 28.4861162, 77.0032513 ], [ 28.4860094, 77.0033652 ], [ 28.48599, 77.0033729 ], [ 28.4854551, 77.0031578 ], [ 28.4848065, 77.002859 ], [ 28.4845109, 77.0035438 ], [ 28.484328, 77.0034589 ], [ 28.4843128, 77.0034925 ], [ 28.484205, 77.0034487 ], [ 28.4841113, 77.0036826 ], [ 28.4839747, 77.0036208 ], [ 28.4837558, 77.0041123 ], [ 28.4835548, 77.0040478 ], [ 28.4833448, 77.0046265 ], [ 28.4829934, 77.0054049 ], [ 28.4828534, 77.0056473 ], [ 28.4828395, 77.0056715 ], [ 28.4797686, 77.0030634 ], [ 28.4771338, 77.0008276 ], [ 28.4760227, 76.9998848 ], [ 28.4738533, 76.9980585 ], [ 28.4728215, 76.9971183 ], [ 28.4714323, 76.995459 ], [ 28.470707, 76.9942256 ], [ 28.4697276, 76.9925601 ], [ 28.4685452, 76.9903729 ], [ 28.4683869, 76.9900899 ], [ 28.467331, 76.988202 ], [ 28.4663975, 76.9884675 ], [ 28.4651591, 76.9889975 ], [ 28.4648665, 76.9891227 ], [ 28.4635932, 76.9898544 ], [ 28.4613416, 76.9908104 ], [ 28.4605363, 76.9911097 ], [ 28.4603238, 76.991181 ], [ 28.4602648, 76.9912008 ], [ 28.4601288, 76.9912259 ], [ 28.4599487, 76.9912231 ], [ 28.4598824, 76.9912053 ], [ 28.459591, 76.991127 ], [ 28.4593691, 76.9910658 ], [ 28.4586217, 76.9907627 ], [ 28.4582035, 76.9905598 ], [ 28.4580918, 76.9905056 ], [ 28.457798, 76.99037 ], [ 28.4577592, 76.9903521 ], [ 28.4577114, 76.9903451 ], [ 28.4575117, 76.9903507 ], [ 28.4572825, 76.9903869 ], [ 28.4571882, 76.9904064 ], [ 28.4571376, 76.9904279 ], [ 28.4569946, 76.9904886 ], [ 28.4568462, 76.9905722 ], [ 28.456643, 76.9906865 ], [ 28.4562447, 76.9909611 ], [ 28.455985, 76.9911688 ], [ 28.4557877, 76.9913889 ], [ 28.4556345, 76.9916161 ], [ 28.4555141, 76.9918436 ], [ 28.4553934, 76.9920713 ], [ 28.4547457, 76.9933252 ], [ 28.4546961, 76.9933983 ], [ 28.4546629, 76.9934389 ], [ 28.4545352, 76.9928835 ], [ 28.453849, 76.9886921 ], [ 28.453536, 76.9855294 ], [ 28.4528988, 76.9811238 ], [ 28.4512953, 76.9795797 ], [ 28.4503916, 76.9787096 ], [ 28.4494294, 76.9807965 ], [ 28.4493027, 76.9806734 ], [ 28.4478996, 76.9793097 ], [ 28.4478142, 76.9794038 ], [ 28.4462735, 76.977911 ], [ 28.4427697, 76.9749927 ], [ 28.4438117, 76.97267 ], [ 28.4438774, 76.9724878 ], [ 28.4439062, 76.9723289 ], [ 28.4439185, 76.9721467 ], [ 28.4439555, 76.9720111 ], [ 28.444013, 76.9718663 ], [ 28.4443006, 76.9713663 ], [ 28.4445225, 76.9709178 ], [ 28.4446129, 76.9708103 ], [ 28.4446868, 76.9707168 ], [ 28.4447608, 76.9706187 ], [ 28.445901, 76.9682485 ], [ 28.4463918, 76.9672778 ], [ 28.4481297, 76.9648153 ], [ 28.4487008, 76.964077 ], [ 28.4512315, 76.9617491 ], [ 28.4513099, 76.9613799 ], [ 28.4518237, 76.9603173 ], [ 28.4532314, 76.9627256 ], [ 28.4541278, 76.9642593 ], [ 28.4552995, 76.9647604 ], [ 28.457451, 76.9657859 ], [ 28.4586567, 76.966324 ], [ 28.4591152, 76.9666023 ], [ 28.4601352, 76.9671965 ], [ 28.4602548, 76.9672705 ], [ 28.4620303, 76.9683694 ], [ 28.4627043, 76.9689681 ], [ 28.4649507, 76.9715161 ], [ 28.4665769, 76.9732705 ], [ 28.4667314, 76.9730346 ], [ 28.4683318, 76.9746545 ], [ 28.4686499, 76.9746442 ], [ 28.4689364, 76.9738306 ], [ 28.4704383, 76.9753638 ], [ 28.4717477, 76.9768463 ], [ 28.4731787, 76.9784667 ], [ 28.4734659, 76.9779845 ], [ 28.4738989, 76.9772572 ], [ 28.4756545, 76.9783913 ], [ 28.4757022, 76.9785722 ], [ 28.4766019, 76.9784778 ], [ 28.4770943, 76.9786703 ], [ 28.4779653, 76.9787619 ], [ 28.4794895, 76.9788507 ], [ 28.4794968, 76.9782958 ], [ 28.4797497, 76.9783039 ], [ 28.4800841, 76.9783145 ], [ 28.4800912, 76.9782475 ], [ 28.4801088, 76.9780809 ], [ 28.4832712, 76.9781136 ], [ 28.4858627, 76.9781089 ], [ 28.4862556, 76.9781957 ], [ 28.4882706, 76.978853 ], [ 28.4884192, 76.9788158 ], [ 28.4886267, 76.9788416 ], [ 28.4888601, 76.9789663 ], [ 28.4890241, 76.978907 ], [ 28.4891202, 76.978734 ], [ 28.4894621, 76.9790941 ], [ 28.4897024, 76.9789896 ], [ 28.4898841, 76.9790984 ], [ 28.490046, 76.9791954 ], [ 28.4905798, 76.9793654 ], [ 28.491536, 76.9796027 ], [ 28.4922364, 76.9799197 ], [ 28.4930804, 76.9802861 ], [ 28.4932668, 76.9804519 ], [ 28.4936788, 76.9805345 ], [ 28.4941963, 76.9806947 ], [ 28.4947752, 76.9810866 ], [ 28.4948911, 76.9815134 ], [ 28.4949056, 76.9819414 ], [ 28.4947627, 76.982305 ], [ 28.4946808, 76.9823234 ], [ 28.4942166, 76.9832038 ], [ 28.4939998, 76.9835486 ], [ 28.4939125, 76.9836875 ], [ 28.4938248, 76.9838162 ], [ 28.4935356, 76.984255 ], [ 28.4933997, 76.9845157 ], [ 28.4932704, 76.9847638 ], [ 28.4931039, 76.9851594 ], [ 28.4930048, 76.9853949 ], [ 28.4929817, 76.9854575 ], [ 28.4925537, 76.986618 ], [ 28.4924618, 76.9868287 ], [ 28.4923548, 76.9873074 ], [ 28.492189, 76.9876863 ], [ 28.4918559, 76.9884938 ], [ 28.4916784, 76.9890374 ], [ 28.4914708, 76.9896459 ], [ 28.4913688, 76.9899446 ], [ 28.4911266, 76.9910241 ], [ 28.4908575, 76.9916825 ], [ 28.4907179, 76.9918968 ], [ 28.4901241, 76.9926222 ], [ 28.4901038, 76.992894 ], [ 28.4899471, 76.9931697 ], [ 28.489796, 76.9935368 ] ] ] } },
{ "type": "Feature", "id": 9, "properties": { "tessellate": -1, "extrude": 0, "visibility": -1, "objectid": 9.0, "townname": "Gurugram", "towncensuscode2011": "800429", "town_lgd_code": 248576.0, "ward_lgd_code": 64212.0, "ward_lgd_name": "Gurgaon (M Cl ) - Ward No.9", "state": "Haryana", "sourcewardcode": "9" }, "geometry": { "type": "Polygon", "coordinates": [ [ [ 28.4659629, 77.00427 ], [ 28.4653794, 77.0050817 ], [ 28.4654234, 77.0052519 ], [ 28.465227, 77.0055008 ], [ 28.4641321, 77.0069664 ], [ 28.4638745, 77.0072848 ], [ 28.4638473, 77.0073131 ], [ 28.463596, 77.0075751 ], [ 28.463249, 77.0072029 ], [ 28.4629429, 77.0075877 ], [ 28.4628586, 77.0076937 ], [ 28.4626524, 77.0074881 ], [ 28.4620885, 77.0069194 ], [ 28.4612231, 77.0079316 ], [ 28.4608545, 77.0085001 ], [ 28.4605734, 77.0088615 ], [ 28.460464, 77.0087525 ], [ 28.4604414, 77.0086981 ], [ 28.4604102, 77.0084686 ], [ 28.4602324, 77.0082753 ], [ 28.4601726, 77.0081323 ], [ 28.460299, 77.0079908 ], [ 28.4599142, 77.0076339 ], [ 28.4600871, 77.0072879 ], [ 28.4599455, 77.0071915 ], [ 28.4600277, 77.0069933 ], [ 28.4598615, 77.0067765 ], [ 28.4600139, 77.0066129 ], [ 28.459735, 77.0063278 ], [ 28.4593516, 77.0067329 ], [ 28.4590891, 77.0064138 ], [ 28.4586028, 77.0071099 ], [ 28.4586152, 77.0073742 ], [ 28.4579846, 77.0077129 ], [ 28.4578461, 77.0075678 ], [ 28.4569506, 77.0079585 ], [ 28.4571438, 77.0003188 ], [ 28.4573065, 77.000358 ], [ 28.4574139, 77.0003839 ], [ 28.4574742, 77.0002975 ], [ 28.4581836, 76.9992817 ], [ 28.4581304, 76.9992255 ], [ 28.4571942, 76.9982346 ], [ 28.4573089, 76.9944321 ], [ 28.4579433, 76.9949819 ], [ 28.4582738, 76.9944292 ], [ 28.4586046, 76.9947122 ], [ 28.459035, 76.9940431 ], [ 28.4601155, 76.995024 ], [ 28.4609726, 76.9958015 ], [ 28.4614572, 76.9962104 ], [ 28.4621364, 76.995249 ], [ 28.4623333, 76.9949702 ], [ 28.4614248, 76.9941927 ], [ 28.4620795, 76.9933772 ], [ 28.4610205, 76.9922396 ], [ 28.4609595, 76.9921741 ], [ 28.4604231, 76.993155 ], [ 28.4600603, 76.992829 ], [ 28.4590691, 76.9919677 ], [ 28.4588871, 76.9922773 ], [ 28.4587337, 76.9921383 ], [ 28.4590037, 76.9917084 ], [ 28.4583908, 76.9912526 ], [ 28.4584085, 76.9912149 ], [ 28.4586217, 76.9907627 ], [ 28.4593691, 76.9910658 ], [ 28.459591, 76.991127 ], [ 28.4598824, 76.9912053 ], [ 28.4599487, 76.9912231 ], [ 28.4601288, 76.9912259 ], [ 28.4602648, 76.9912008 ], [ 28.4603238, 76.991181 ], [ 28.4605363, 76.9911097 ], [ 28.4613416, 76.9908104 ], [ 28.4635932, 76.9898544 ], [ 28.4648665, 76.9891227 ], [ 28.4651591, 76.9889975 ], [ 28.4663975, 76.9884675 ], [ 28.467331, 76.988202 ], [ 28.4683869, 76.9900899 ], [ 28.4685452, 76.9903729 ], [ 28.4697276, 76.9925601 ], [ 28.470707, 76.9942256 ], [ 28.4714323, 76.995459 ], [ 28.4728215, 76.9971183 ], [ 28.4738533, 76.9980585 ], [ 28.4760227, 76.9998848 ], [ 28.4771338, 77.0008276 ], [ 28.4770048, 77.0010998 ], [ 28.4769565, 77.0020321 ], [ 28.4768961, 77.0031943 ], [ 28.4767939, 77.0032136 ], [ 28.4764078, 77.0021555 ], [ 28.4725665, 77.0038576 ], [ 28.469099, 77.00542 ], [ 28.4689503, 77.005487 ], [ 28.4671575, 77.0062947 ], [ 28.4668813, 77.0058489 ], [ 28.4663052, 77.0048776 ], [ 28.4659629, 77.00427 ] ] ] } },
{ "type": "Feature", "id": 10, "properties": { "tessellate": -1, "extrude": 0, "visibility": -1, "objectid": 10.0, "townname": "Gurugram", "towncensuscode2011": "800429", "town_lgd_code": 248576.0, "ward_lgd_code": 64213.0, "ward_lgd_name": "Gurgaon (M Cl ) - Ward No.10", "state": "Haryana", "sourcewardcode": "10" }, "geometry": { "type": "Polygon", "coordinates": [ [ [ 28.4769565, 77.0020321 ], [ 28.4770048, 77.0010998 ], [ 28.4771338, 77.0008276 ], [ 28.4797686, 77.0030634 ], [ 28.4828395, 77.0056715 ], [ 28.4863093, 77.0084983 ], [ 28.4890803, 77.0105914 ], [ 28.4888312, 77.0109143 ], [ 28.4881699, 77.0112217 ], [ 28.4868892, 77.0118119 ], [ 28.4860407, 77.0121898 ], [ 28.4845957, 77.0128141 ], [ 28.4807799, 77.0145263 ], [ 28.4775926, 77.0160139 ], [ 28.4767325, 77.0164188 ], [ 28.4758029, 77.0168807 ], [ 28.4749734, 77.0172878 ], [ 28.4745874, 77.0174694 ], [ 28.4739238, 77.0177409 ], [ 28.4735986, 77.017894 ], [ 28.4735078, 77.0177268 ], [ 28.4731748, 77.016879 ], [ 28.4721146, 77.0140937 ], [ 28.4712575, 77.0117913 ], [ 28.4707053, 77.0102905 ], [ 28.4698862, 77.0081326 ], [ 28.4689503, 77.005487 ], [ 28.469099, 77.00542 ], [ 28.4725665, 77.0038576 ], [ 28.4764078, 77.0021555 ], [ 28.4767939, 77.0032136 ], [ 28.4768961, 77.0031943 ], [ 28.4769565, 77.0020321 ] ] ] } },
{ "type": "Feature", "id": 11, "properties": { "tessellate": -1, "extrude": 0, "visibility": -1, "objectid": 11.0, "townname": "Gurugram", "towncensuscode2011": "800429", "town_lgd_code": 248576.0, "ward_lgd_code": 64214.0, "ward_lgd_name": "Gurgaon (M Cl ) - Ward No.11", "state": "Haryana", "sourcewardcode": "11" }, "geometry": { "type": "Polygon", "coordinates": [ [ [ 28.4690704, 77.0187326 ], [ 28.4674663, 77.0173272 ], [ 28.4678463, 77.0165707 ], [ 28.4681126, 77.0160149 ], [ 28.4681707, 77.0158794 ], [ 28.468307, 77.0154403 ], [ 28.4686722, 77.0140617 ], [ 28.4674195, 77.0138577 ], [ 28.4661918, 77.0136055 ], [ 28.4660396, 77.0135809 ], [ 28.4657856, 77.0135617 ], [ 28.4657513, 77.0135638 ], [ 28.4656571, 77.013576 ], [ 28.4654381, 77.0136299 ], [ 28.4653902, 77.0136455 ], [ 28.4652912, 77.0136893 ], [ 28.4652343, 77.0137208 ], [ 28.4642891, 77.0143137 ], [ 28.4637801, 77.0138187 ], [ 28.4639709, 77.0132926 ], [ 28.4640258, 77.0131171 ], [ 28.4640729, 77.0131197 ], [ 28.464167, 77.012856 ], [ 28.464289, 77.012489 ], [ 28.4646376, 77.0115421 ], [ 28.46348, 77.0103129 ], [ 28.4632625, 77.0106199 ], [ 28.4630593, 77.0109066 ], [ 28.462174, 77.0122707 ], [ 28.4610768, 77.0137707 ], [ 28.4604448, 77.0124877 ], [ 28.4604292, 77.0124401 ], [ 28.4604091, 77.012336 ], [ 28.4603673, 77.0120531 ], [ 28.4603581, 77.011951 ], [ 28.4603376, 77.0114021 ], [ 28.4602619, 77.0106477 ], [ 28.4601896, 77.0105487 ], [ 28.4596635, 77.0098273 ], [ 28.4596409, 77.0097963 ], [ 28.4596241, 77.0097733 ], [ 28.4597349, 77.0096478 ], [ 28.459986, 77.0094181 ], [ 28.4601048, 77.0093203 ], [ 28.4602022, 77.0092249 ], [ 28.4602082, 77.009219 ], [ 28.4605734, 77.0088615 ], [ 28.4608545, 77.0085001 ], [ 28.4612231, 77.0079316 ], [ 28.4620885, 77.0069194 ], [ 28.4626524, 77.0074881 ], [ 28.4628586, 77.0076937 ], [ 28.4629429, 77.0075877 ], [ 28.463249, 77.0072029 ], [ 28.463596, 77.0075751 ], [ 28.4638473, 77.0073131 ], [ 28.4638745, 77.0072848 ], [ 28.4641321, 77.0069664 ], [ 28.465227, 77.0055008 ], [ 28.4654234, 77.0052519 ], [ 28.4653794, 77.0050817 ], [ 28.4659629, 77.00427 ], [ 28.4663052, 77.0048776 ], [ 28.4668813, 77.0058489 ], [ 28.4671575, 77.0062947 ], [ 28.4689503, 77.005487 ], [ 28.4698862, 77.0081326 ], [ 28.4707053, 77.0102905 ], [ 28.4712575, 77.0117913 ], [ 28.4721146, 77.0140937 ], [ 28.4731748, 77.016879 ], [ 28.4735078, 77.0177268 ], [ 28.4735986, 77.017894 ], [ 28.4699908, 77.0195336 ], [ 28.4690704, 77.0187326 ] ] ] } },
{ "type": "Feature", "id": 12, "properties": { "tessellate": -1, "extrude": 0, "visibility": -1, "objectid": 13.0, "townname": "Gurugram", "towncensuscode2011": "800429", "town_lgd_code": 248576.0, "ward_lgd_code": 64216.0, "ward_lgd_name": "Gurgaon (M Cl ) - Ward No.13", "state": "Haryana", "sourcewardcode": "13" }, "geometry": { "type": "Polygon", "coordinates": [ [ [ 28.4655078, 77.0287115 ], [ 28.4642891, 77.0268414 ], [ 28.4640781, 77.0270004 ], [ 28.4638249, 77.0265624 ], [ 28.4639542, 77.0264544 ], [ 28.4635955, 77.0258664 ], [ 28.4638698, 77.0256474 ], [ 28.4631656, 77.0247085 ], [ 28.4627957, 77.0250637 ], [ 28.4619973, 77.0258304 ], [ 28.4609742, 77.0268395 ], [ 28.4607407, 77.0270505 ], [ 28.4603963, 77.0273616 ], [ 28.4601831, 77.0275543 ], [ 28.4601444, 77.0275938 ], [ 28.4593193, 77.0265006 ], [ 28.4588442, 77.0268955 ], [ 28.4583987, 77.0272211 ], [ 28.4579643, 77.0275387 ], [ 28.4578549, 77.027633 ], [ 28.4577684, 77.0275013 ], [ 28.4575969, 77.0272346 ], [ 28.4575461, 77.0271742 ], [ 28.4575053, 77.0271411 ], [ 28.4574517, 77.0271133 ], [ 28.4573682, 77.0270959 ], [ 28.4572741, 77.0270907 ], [ 28.456761, 77.0271138 ], [ 28.4566146, 77.026712 ], [ 28.4565604, 77.0265593 ], [ 28.4565532, 77.0265163 ], [ 28.4565453, 77.0263289 ], [ 28.4566745, 77.0257375 ], [ 28.4570284, 77.0240014 ], [ 28.4571146, 77.0237111 ], [ 28.4571613, 77.0236892 ], [ 28.4571942, 77.0236636 ], [ 28.4572253, 77.0236328 ], [ 28.4572587, 77.0235908 ], [ 28.4572851, 77.0235414 ], [ 28.4572927, 77.02351 ], [ 28.4572951, 77.0234887 ], [ 28.4572835, 77.0234354 ], [ 28.4572088, 77.0231928 ], [ 28.457037, 77.0224741 ], [ 28.4570197, 77.022385 ], [ 28.4570107, 77.0223389 ], [ 28.4569607, 77.0219853 ], [ 28.4569473, 77.0218618 ], [ 28.456909, 77.0213833 ], [ 28.4568833, 77.0207995 ], [ 28.4570693, 77.0208614 ], [ 28.4574697, 77.021039 ], [ 28.4580878, 77.021335 ], [ 28.4586128, 77.0215961 ], [ 28.4585216, 77.0218591 ], [ 28.4591428, 77.0221663 ], [ 28.4596711, 77.0224428 ], [ 28.4597977, 77.0221356 ], [ 28.4606957, 77.0225599 ], [ 28.4609345, 77.0226789 ], [ 28.4610568, 77.0223226 ], [ 28.4616966, 77.0228787 ], [ 28.461916, 77.0225465 ], [ 28.4625136, 77.02299 ], [ 28.4628019, 77.022236 ], [ 28.4631161, 77.0216767 ], [ 28.4637765, 77.0205513 ], [ 28.4639577, 77.0206946 ], [ 28.4640006, 77.0206141 ], [ 28.4644636, 77.0210532 ], [ 28.4643, 77.0213373 ], [ 28.4647857, 77.0216046 ], [ 28.464929, 77.0218465 ], [ 28.4699908, 77.0195336 ], [ 28.4735986, 77.017894 ], [ 28.4736985, 77.0181238 ], [ 28.4736864, 77.018158 ], [ 28.473424, 77.0185165 ], [ 28.4724013, 77.019966 ], [ 28.4716125, 77.0210577 ], [ 28.4710453, 77.0218591 ], [ 28.4698514, 77.0235385 ], [ 28.4698345, 77.0235622 ], [ 28.4693994, 77.0241471 ], [ 28.4686997, 77.025116 ], [ 28.4681658, 77.0258644 ], [ 28.4676261, 77.0266663 ], [ 28.4675801, 77.0267276 ], [ 28.4674925, 77.0268444 ], [ 28.4672569, 77.0270997 ], [ 28.4668917, 77.0274549 ], [ 28.4662533, 77.0280511 ], [ 28.4655269, 77.0286938 ], [ 28.4655078, 77.0287115 ] ] ] } },
{ "type": "Feature", "id": 13, "properties": { "tessellate": -1, "extrude": 0, "visibility": -1, "objectid": 14.0, "townname": "Gurugram", "towncensuscode2011": "800429", "town_lgd_code": 248576.0, "ward_lgd_code": 64218.0, "ward_lgd_name": "Gurgaon (M Cl ) - Ward No.15", "state": "Haryana", "sourcewardcode": "15" }, "geometry": { "type": "Polygon", "coordinates": [ [ [ 28.4698514, 77.0235385 ], [ 28.4699249, 77.0236096 ], [ 28.4701159, 77.0237642 ], [ 28.4704866, 77.0240395 ], [ 28.4707133, 77.0241378 ], [ 28.4708525, 77.0241867 ], [ 28.4709921, 77.0242482 ], [ 28.4710464, 77.0242823 ], [ 28.4712563, 77.0244141 ], [ 28.4714382, 77.0245058 ], [ 28.4722163, 77.0249697 ], [ 28.4720939, 77.0252376 ], [ 28.4716443, 77.0250474 ], [ 28.4715856, 77.0251979 ], [ 28.4712076, 77.0250309 ], [ 28.4710702, 77.0249698 ], [ 28.4709258, 77.0255505 ], [ 28.4706479, 77.0255908 ], [ 28.4699115, 77.0256976 ], [ 28.4698619, 77.0259111 ], [ 28.470961, 77.026383 ], [ 28.4711232, 77.0258806 ], [ 28.4714373, 77.0261017 ], [ 28.472302, 77.0269871 ], [ 28.4719436, 77.0271933 ], [ 28.4716757, 77.027634 ], [ 28.4725699, 77.0282386 ], [ 28.4727506, 77.0278392 ], [ 28.4732059, 77.0281416 ], [ 28.4733299, 77.0282239 ], [ 28.473289, 77.0283255 ], [ 28.4735623, 77.0284362 ], [ 28.4736823, 77.0285043 ], [ 28.4738335, 77.028586 ], [ 28.473906, 77.0286194 ], [ 28.4740404, 77.02866 ], [ 28.4744114, 77.0287466 ], [ 28.4741233, 77.0295933 ], [ 28.475689, 77.0307136 ], [ 28.4770075, 77.0314917 ], [ 28.4776642, 77.0317871 ], [ 28.4783748, 77.0321068 ], [ 28.4788372, 77.0323088 ], [ 28.4787878, 77.0324889 ], [ 28.47866, 77.0329955 ], [ 28.478631, 77.0331382 ], [ 28.4786161, 77.0332283 ], [ 28.4785883, 77.0336355 ], [ 28.4785715, 77.0338814 ], [ 28.4785285, 77.0347278 ], [ 28.4784986, 77.0351157 ], [ 28.4763011, 77.034804 ], [ 28.4715975, 77.0342737 ], [ 28.4715532, 77.0352227 ], [ 28.4715513, 77.0353013 ], [ 28.4714855, 77.0363536 ], [ 28.4714547, 77.0367757 ], [ 28.4701235, 77.039162 ], [ 28.474915, 77.0433768 ], [ 28.4748719, 77.0434396 ], [ 28.4739996, 77.0446783 ], [ 28.473962, 77.0447318 ], [ 28.4738912, 77.0446858 ], [ 28.4738331, 77.0446479 ], [ 28.4736327, 77.0451834 ], [ 28.4735763, 77.045329 ], [ 28.4730391, 77.046819 ], [ 28.4729003, 77.046716 ], [ 28.4717512, 77.0467324 ], [ 28.4707627, 77.0466905 ], [ 28.4707627, 77.0470793 ], [ 28.4711658, 77.0471212 ], [ 28.4711466, 77.0474177 ], [ 28.471116, 77.0481217 ], [ 28.4714508, 77.0481236 ], [ 28.4715012, 77.0487934 ], [ 28.4709196, 77.0488292 ], [ 28.4709054, 77.04883 ], [ 28.4707488, 77.0484738 ], [ 28.4704919, 77.0478893 ], [ 28.4702658, 77.0473724 ], [ 28.4700752, 77.0469927 ], [ 28.469722, 77.0463067 ], [ 28.4695335, 77.0459458 ], [ 28.4693173, 77.0455701 ], [ 28.469252, 77.0454643 ], [ 28.4685889, 77.044419 ], [ 28.4679127, 77.0433389 ], [ 28.4675911, 77.0427747 ], [ 28.4671455, 77.0419929 ], [ 28.4665979, 77.0409741 ], [ 28.466185, 77.0402216 ], [ 28.4658667, 77.0396543 ], [ 28.4653968, 77.0388236 ], [ 28.4653552, 77.0387473 ], [ 28.4649859, 77.0380975 ], [ 28.4648934, 77.0379324 ], [ 28.4647843, 77.0376988 ], [ 28.4647522, 77.0376298 ], [ 28.4647424, 77.0376068 ], [ 28.4646448, 77.0373647 ], [ 28.4645474, 77.0371245 ], [ 28.4644215, 77.0367541 ], [ 28.4643835, 77.0366294 ], [ 28.4641683, 77.0358041 ], [ 28.4639644, 77.0349979 ], [ 28.4639058, 77.0348219 ], [ 28.4638326, 77.0346257 ], [ 28.4637077, 77.034291 ], [ 28.4636425, 77.0341159 ], [ 28.4635912, 77.0339779 ], [ 28.4635775, 77.0339351 ], [ 28.4635672, 77.0338876 ], [ 28.4635621, 77.0338253 ], [ 28.4635672, 77.0337116 ], [ 28.4635735, 77.0336629 ], [ 28.4634673, 77.0332334 ], [ 28.4634387, 77.033118 ], [ 28.463332, 77.0330667 ], [ 28.4631634, 77.0329858 ], [ 28.4630109, 77.0327727 ], [ 28.4626929, 77.0324531 ], [ 28.462486, 77.0322574 ], [ 28.4624751, 77.032027 ], [ 28.4624686, 77.0319378 ], [ 28.462449, 77.0318412 ], [ 28.4624333, 77.0318016 ], [ 28.4624217, 77.031758 ], [ 28.4624181, 77.0317214 ], [ 28.4624262, 77.0316758 ], [ 28.4624458, 77.031625 ], [ 28.462469, 77.0315864 ], [ 28.4625983, 77.0314565 ], [ 28.4629706, 77.0311329 ], [ 28.4631517, 77.0309673 ], [ 28.4633647, 77.0307725 ], [ 28.4636701, 77.0304531 ], [ 28.4639973, 77.0301109 ], [ 28.4644835, 77.0296532 ], [ 28.4650322, 77.0291458 ], [ 28.4654595, 77.0287561 ], [ 28.4655078, 77.0287115 ], [ 28.4655269, 77.0286938 ], [ 28.4662533, 77.0280511 ], [ 28.4668917, 77.0274549 ], [ 28.4672569, 77.0270997 ], [ 28.4674925, 77.0268444 ], [ 28.4675801, 77.0267276 ], [ 28.4676261, 77.0266663 ], [ 28.4681658, 77.0258644 ], [ 28.4686997, 77.025116 ], [ 28.4693994, 77.0241471 ], [ 28.4698345, 77.0235622 ], [ 28.4698514, 77.0235385 ] ] ] } },
{ "type": "Feature", "id": 14, "properties": { "tessellate": -1, "extrude": 0, "visibility": -1, "objectid": 15.0, "townname": "Gurugram", "towncensuscode2011": "800429", "town_lgd_code": 248576.0, "ward_lgd_code": 64217.0, "ward_lgd_name": "Gurgaon (M Cl ) - Ward No.14", "state": "Haryana", "sourcewardcode": "14" }, "geometry": { "type": "Polygon", "coordinates": [ [ [ 28.475689, 77.0307136 ], [ 28.4741233, 77.0295933 ], [ 28.4744114, 77.0287466 ], [ 28.4740404, 77.02866 ], [ 28.473906, 77.0286194 ], [ 28.4738335, 77.028586 ], [ 28.4736823, 77.0285043 ], [ 28.4735623, 77.0284362 ], [ 28.473289, 77.0283255 ], [ 28.4733299, 77.0282239 ], [ 28.4732059, 77.0281416 ], [ 28.4727506, 77.0278392 ], [ 28.4725699, 77.0282386 ], [ 28.4716757, 77.027634 ], [ 28.4719436, 77.0271933 ], [ 28.472302, 77.0269871 ], [ 28.4714373, 77.0261017 ], [ 28.4711232, 77.0258806 ], [ 28.470961, 77.026383 ], [ 28.4698619, 77.0259111 ], [ 28.4699115, 77.0256976 ], [ 28.4706479, 77.0255908 ], [ 28.4709258, 77.0255505 ], [ 28.4710702, 77.0249698 ], [ 28.4712076, 77.0250309 ], [ 28.4715856, 77.0251979 ], [ 28.4716443, 77.0250474 ], [ 28.4720939, 77.0252376 ], [ 28.4722163, 77.0249697 ], [ 28.4714382, 77.0245058 ], [ 28.4712563, 77.0244141 ], [ 28.4710464, 77.0242823 ], [ 28.4709921, 77.0242482 ], [ 28.4708525, 77.0241867 ], [ 28.4707133, 77.0241378 ], [ 28.4704866, 77.0240395 ], [ 28.4701159, 77.0237642 ], [ 28.4699249, 77.0236096 ], [ 28.4698514, 77.0235385 ], [ 28.4710453, 77.0218591 ], [ 28.4716125, 77.0210577 ], [ 28.4724013, 77.019966 ], [ 28.473424, 77.0185165 ], [ 28.4736864, 77.018158 ], [ 28.4736985, 77.0181238 ], [ 28.4735986, 77.017894 ], [ 28.4739238, 77.0177409 ], [ 28.4745874, 77.0174694 ], [ 28.4749734, 77.0172878 ], [ 28.4758029, 77.0168807 ], [ 28.4767325, 77.0164188 ], [ 28.4775926, 77.0160139 ], [ 28.4807799, 77.0145263 ], [ 28.4815749, 77.0152907 ], [ 28.4821898, 77.0141304 ], [ 28.4827212, 77.0146242 ], [ 28.483076, 77.0152246 ], [ 28.4834117, 77.0157022 ], [ 28.4851278, 77.018328 ], [ 28.4857596, 77.0193484 ], [ 28.4854981, 77.0197272 ], [ 28.4850595, 77.0200949 ], [ 28.4846053, 77.0203993 ], [ 28.4839726, 77.0208099 ], [ 28.4838427, 77.0209123 ], [ 28.4835445, 77.0211802 ], [ 28.4828728, 77.0218122 ], [ 28.4826195, 77.0220506 ], [ 28.4820467, 77.0226787 ], [ 28.4819241, 77.0228712 ], [ 28.4815236, 77.0237896 ], [ 28.4813943, 77.0240747 ], [ 28.4811947, 77.0244899 ], [ 28.4810936, 77.0246888 ], [ 28.4808505, 77.0250858 ], [ 28.4807925, 77.0252124 ], [ 28.480707, 77.0254461 ], [ 28.4806239, 77.0257217 ], [ 28.4805205, 77.0260731 ], [ 28.480388, 77.0265833 ], [ 28.480138, 77.027466 ], [ 28.480026, 77.0278124 ], [ 28.4799942, 77.0279197 ], [ 28.4799734, 77.0280005 ], [ 28.4799391, 77.028211 ], [ 28.4798705, 77.0288534 ], [ 28.4798423, 77.029089 ], [ 28.4798202, 77.0292283 ], [ 28.4797945, 77.0293245 ], [ 28.47971, 77.0295795 ], [ 28.4794149, 77.0305959 ], [ 28.4793272, 77.0308593 ], [ 28.479092, 77.0314872 ], [ 28.4789407, 77.0319002 ], [ 28.478903, 77.0320278 ], [ 28.4788372, 77.0323088 ], [ 28.4783748, 77.0321068 ], [ 28.4776642, 77.0317871 ], [ 28.4770075, 77.0314917 ], [ 28.475689, 77.0307136 ] ] ] } },
{ "type": "Feature", "id": 15, "properties": { "tessellate": -1, "extrude": 0, "visibility": -1, "objectid": 16.0, "townname": "Gurugram", "towncensuscode2011": "800429", "town_lgd_code": 248576.0, "ward_lgd_code": 64219.0, "ward_lgd_name": "Gurgaon (M Cl ) - Ward No.16", "state": "Haryana", "sourcewardcode": "16" }, "geometry": { "type": "Polygon", "coordinates": [ [ [ 28.4783064, 77.0463513 ], [ 28.4775679, 77.0457082 ], [ 28.4768335, 77.0450619 ], [ 28.4755067, 77.0438852 ], [ 28.474915, 77.0433768 ], [ 28.4701235, 77.039162 ], [ 28.4714547, 77.0367757 ], [ 28.4714855, 77.0363536 ], [ 28.4715513, 77.0353013 ], [ 28.4715532, 77.0352227 ], [ 28.4715975, 77.0342737 ], [ 28.4763011, 77.034804 ], [ 28.4784986, 77.0351157 ], [ 28.478563, 77.0355499 ], [ 28.478579, 77.0356537 ], [ 28.4786491, 77.0360071 ], [ 28.4788647, 77.0371025 ], [ 28.4790313, 77.0379151 ], [ 28.4791612, 77.0385575 ], [ 28.4792396, 77.0389157 ], [ 28.4793119, 77.0392293 ], [ 28.4793302, 77.0393045 ], [ 28.4793523, 77.0393519 ], [ 28.4794532, 77.0395888 ], [ 28.4799317, 77.0406776 ], [ 28.4802514, 77.041418 ], [ 28.4804389, 77.0418797 ], [ 28.4805174, 77.0420735 ], [ 28.480594, 77.0423196 ], [ 28.4806973, 77.0427681 ], [ 28.4809672, 77.0439811 ], [ 28.4814537, 77.046347 ], [ 28.4814633, 77.0463908 ], [ 28.4816563, 77.0474497 ], [ 28.481825, 77.0482638 ], [ 28.4818282, 77.0483129 ], [ 28.4818282, 77.0483414 ], [ 28.4818237, 77.0483676 ], [ 28.481806, 77.0484707 ], [ 28.4816925, 77.0488513 ], [ 28.4815609, 77.0492041 ], [ 28.4809932, 77.0486979 ], [ 28.4785477, 77.0465549 ], [ 28.4783064, 77.0463513 ] ] ] } },
{ "type": "Feature", "id": 16, "properties": { "tessellate": -1, "extrude": 0, "visibility": -1, "objectid": 17.0, "townname": "Gurugram", "towncensuscode2011": "800429", "town_lgd_code": 248576.0, "ward_lgd_code": 64220.0, "ward_lgd_name": "Gurgaon (M Cl ) - Ward No.17", "state": "Haryana", "sourcewardcode": "17" }, "geometry": { "type": "Polygon", "coordinates": [ [ [ 28.4725938, 77.0623322 ], [ 28.4699659, 77.0590585 ], [ 28.4688144, 77.0576431 ], [ 28.4685533, 77.0573421 ], [ 28.4684256, 77.0572003 ], [ 28.4682457, 77.0570005 ], [ 28.4679847, 77.0567809 ], [ 28.4676521, 77.0565247 ], [ 28.4675872, 77.0564821 ], [ 28.4664319, 77.0557156 ], [ 28.4662456, 77.0555904 ], [ 28.4661191, 77.0555027 ], [ 28.4658202, 77.0552668 ], [ 28.4658043, 77.0552525 ], [ 28.4655052, 77.0549806 ], [ 28.4642585, 77.0537826 ], [ 28.4635562, 77.0531251 ], [ 28.459748, 77.0494866 ], [ 28.4519073, 77.0419647 ], [ 28.4527606, 77.0410295 ], [ 28.4537443, 77.0400134 ], [ 28.4546356, 77.0391023 ], [ 28.4553503, 77.0383739 ], [ 28.4558141, 77.0378944 ], [ 28.4559927, 77.0376615 ], [ 28.4565176, 77.0381449 ], [ 28.4581803, 77.0396525 ], [ 28.4591016, 77.0403964 ], [ 28.459709, 77.040887 ], [ 28.4607806, 77.0417524 ], [ 28.4614721, 77.041336 ], [ 28.4615714, 77.0412969 ], [ 28.4620007, 77.0412034 ], [ 28.4620794, 77.0410937 ], [ 28.4621197, 77.0411326 ], [ 28.4622477, 77.0409978 ], [ 28.4625127, 77.0413053 ], [ 28.4627989, 77.0416436 ], [ 28.4631517, 77.041998 ], [ 28.4633355, 77.0416588 ], [ 28.463508, 77.0413546 ], [ 28.4639663, 77.0405249 ], [ 28.4646558, 77.0411242 ], [ 28.4651499, 77.0404558 ], [ 28.4652151, 77.0405213 ], [ 28.4658667, 77.0396543 ], [ 28.466185, 77.0402216 ], [ 28.4665979, 77.0409741 ], [ 28.4671455, 77.0419929 ], [ 28.4675911, 77.0427747 ], [ 28.4679127, 77.0433389 ], [ 28.4685889, 77.044419 ], [ 28.469252, 77.0454643 ], [ 28.4693173, 77.0455701 ], [ 28.4695335, 77.0459458 ], [ 28.469722, 77.0463067 ], [ 28.4700752, 77.0469927 ], [ 28.4702658, 77.0473724 ], [ 28.4704919, 77.0478893 ], [ 28.4707488, 77.0484738 ], [ 28.4709054, 77.04883 ], [ 28.4709196, 77.0488292 ], [ 28.4715012, 77.0487934 ], [ 28.4714508, 77.0481236 ], [ 28.471116, 77.0481217 ], [ 28.4711466, 77.0474177 ], [ 28.4711658, 77.0471212 ], [ 28.4707627, 77.0470793 ], [ 28.4707627, 77.0466905 ], [ 28.4717512, 77.0467324 ], [ 28.4729003, 77.046716 ], [ 28.4730391, 77.046819 ], [ 28.4735763, 77.045329 ], [ 28.4736327, 77.0451834 ], [ 28.4738331, 77.0446479 ], [ 28.4738912, 77.0446858 ], [ 28.473962, 77.0447318 ], [ 28.4739996, 77.0446783 ], [ 28.4748719, 77.0434396 ], [ 28.474915, 77.0433768 ], [ 28.4755067, 77.0438852 ], [ 28.4768335, 77.0450619 ], [ 28.4775679, 77.0457082 ], [ 28.4783064, 77.0463513 ], [ 28.4785477, 77.0465549 ], [ 28.4809932, 77.0486979 ], [ 28.4815609, 77.0492041 ], [ 28.4820099, 77.0496044 ], [ 28.4822275, 77.0497927 ], [ 28.482901, 77.0503875 ], [ 28.4847493, 77.0520866 ], [ 28.4867082, 77.0538219 ], [ 28.4885706, 77.0554152 ], [ 28.4891515, 77.055932 ], [ 28.4791894, 77.0706123 ], [ 28.4777156, 77.0689069 ], [ 28.4776219, 77.0687905 ], [ 28.4725938, 77.0623322 ] ] ] } },
{ "type": "Feature", "id": 17, "properties": { "tessellate": -1, "extrude": 0, "visibility": -1, "objectid": 18.0, "townname": "Gurugram", "towncensuscode2011": "800429", "town_lgd_code": 248576.0, "ward_lgd_code": 64222.0, "ward_lgd_name": "Gurgaon (M Cl ) - Ward No.19", "state": "Haryana", "sourcewardcode": "19" }, "geometry": { "type": "Polygon", "coordinates": [ [ [ 28.4567453, 77.0284674 ], [ 28.4564092, 77.0286616 ], [ 28.45569, 77.0290101 ], [ 28.4540056, 77.0297711 ], [ 28.4540673, 77.0287594 ], [ 28.4541121, 77.0281177 ], [ 28.4542688, 77.02673 ], [ 28.452339, 77.0262571 ], [ 28.4521506, 77.0263901 ], [ 28.4512246, 77.0259208 ], [ 28.449908, 77.0251882 ], [ 28.4497286, 77.0250957 ], [ 28.4496781, 77.0250744 ], [ 28.4494102, 77.0249773 ], [ 28.447991, 77.0244926 ], [ 28.4481424, 77.0239975 ], [ 28.4481952, 77.0237783 ], [ 28.448277, 77.023333 ], [ 28.4483011, 77.0231138 ], [ 28.4483252, 77.0227185 ], [ 28.448324, 77.0224523 ], [ 28.4482907, 77.0221144 ], [ 28.4482552, 77.0218834 ], [ 28.4481829, 77.0215651 ], [ 28.4481554, 77.0214437 ], [ 28.4480264, 77.0210656 ], [ 28.4480185, 77.0210479 ], [ 28.4482421, 77.0207846 ], [ 28.4484598, 77.0195171 ], [ 28.44878, 77.0179053 ], [ 28.4490725, 77.0164492 ], [ 28.4493212, 77.0153244 ], [ 28.4494745, 77.0146025 ], [ 28.4495117, 77.0144657 ], [ 28.4495604, 77.0142652 ], [ 28.4496806, 77.0137698 ], [ 28.4497091, 77.0136799 ], [ 28.4499483, 77.0130844 ], [ 28.450064, 77.0127303 ], [ 28.4501133, 77.0124987 ], [ 28.4501359, 77.0123382 ], [ 28.4501565, 77.0120711 ], [ 28.4509758, 77.0124731 ], [ 28.4521214, 77.0130525 ], [ 28.4529282, 77.013386 ], [ 28.453764, 77.0136958 ], [ 28.4541211, 77.0138238 ], [ 28.4539569, 77.0143144 ], [ 28.4538717, 77.0146208 ], [ 28.4537987, 77.0149366 ], [ 28.4537151, 77.0154285 ], [ 28.4534696, 77.0171929 ], [ 28.4533883, 77.0172224 ], [ 28.4532487, 77.0173148 ], [ 28.4531219, 77.0174552 ], [ 28.4519361, 77.0191809 ], [ 28.4535475, 77.02067 ], [ 28.4550777, 77.0220594 ], [ 28.4571146, 77.0237111 ], [ 28.4570284, 77.0240014 ], [ 28.4566745, 77.0257375 ], [ 28.4565453, 77.0263289 ], [ 28.4565532, 77.0265163 ], [ 28.4565604, 77.0265593 ], [ 28.4566146, 77.026712 ], [ 28.456761, 77.0271138 ], [ 28.4572741, 77.0270907 ], [ 28.4573682, 77.0270959 ], [ 28.4574517, 77.0271133 ], [ 28.4575053, 77.0271411 ], [ 28.4575461, 77.0271742 ], [ 28.4575969, 77.0272346 ], [ 28.4577684, 77.0275013 ], [ 28.4578549, 77.027633 ], [ 28.4574257, 77.0279676 ], [ 28.456894, 77.0283628 ], [ 28.4567453, 77.0284674 ] ] ] } },
{ "type": "Feature", "id": 18, "properties": { "tessellate": -1, "extrude": 0, "visibility": -1, "objectid": 19.0, "townname": "Gurugram", "towncensuscode2011": "800429", "town_lgd_code": 248576.0, "ward_lgd_code": 64221.0, "ward_lgd_name": "Gurgaon (M Cl ) - Ward No.18", "state": "Haryana", "sourcewardcode": "18" }, "geometry": { "type": "Polygon", "coordinates": [ [ [ 28.4639663, 77.0405249 ], [ 28.463508, 77.0413546 ], [ 28.4633355, 77.0416588 ], [ 28.4631517, 77.041998 ], [ 28.4627989, 77.0416436 ], [ 28.4625127, 77.0413053 ], [ 28.4622477, 77.0409978 ], [ 28.4621197, 77.0411326 ], [ 28.4620794, 77.0410937 ], [ 28.4620007, 77.0412034 ], [ 28.4615714, 77.0412969 ], [ 28.4614721, 77.041336 ], [ 28.4607806, 77.0417524 ], [ 28.459709, 77.040887 ], [ 28.4591016, 77.0403964 ], [ 28.4581803, 77.0396525 ], [ 28.4565176, 77.0381449 ], [ 28.4559927, 77.0376615 ], [ 28.4558141, 77.0378944 ], [ 28.4553503, 77.0383739 ], [ 28.4546356, 77.0391023 ], [ 28.4537443, 77.0400134 ], [ 28.4527606, 77.0410295 ], [ 28.4519073, 77.0419647 ], [ 28.4481003, 77.0383165 ], [ 28.4468502, 77.0371066 ], [ 28.4463392, 77.0364471 ], [ 28.4460452, 77.0359148 ], [ 28.4460374, 77.0358985 ], [ 28.4459307, 77.0356576 ], [ 28.4458466, 77.0354389 ], [ 28.445797, 77.0352868 ], [ 28.4457294, 77.0350561 ], [ 28.4456933, 77.0349023 ], [ 28.4456453, 77.0346596 ], [ 28.4456167, 77.0344836 ], [ 28.4455942, 77.0343145 ], [ 28.4455791, 77.0341675 ], [ 28.4455671, 77.0339795 ], [ 28.4455656, 77.033754 ], [ 28.4455686, 77.0335233 ], [ 28.4455882, 77.0332841 ], [ 28.4456167, 77.0330038 ], [ 28.4456663, 77.0327048 ], [ 28.4457504, 77.0323784 ], [ 28.4463989, 77.0300844 ], [ 28.4466152, 77.0293483 ], [ 28.4476323, 77.0257586 ], [ 28.4478151, 77.0251132 ], [ 28.447991, 77.0244926 ], [ 28.4494102, 77.0249773 ], [ 28.4496781, 77.0250744 ], [ 28.4497286, 77.0250957 ], [ 28.449908, 77.0251882 ], [ 28.4512246, 77.0259208 ], [ 28.4521506, 77.0263901 ], [ 28.452339, 77.0262571 ], [ 28.4542688, 77.02673 ], [ 28.4541121, 77.0281177 ], [ 28.4540673, 77.0287594 ], [ 28.4540056, 77.0297711 ], [ 28.45569, 77.0290101 ], [ 28.4564092, 77.0286616 ], [ 28.4567453, 77.0284674 ], [ 28.456894, 77.0283628 ], [ 28.4574257, 77.0279676 ], [ 28.4578549, 77.027633 ], [ 28.4579643, 77.0275387 ], [ 28.4583987, 77.0272211 ], [ 28.4588442, 77.0268955 ], [ 28.4593193, 77.0265006 ], [ 28.4601444, 77.0275938 ], [ 28.4601831, 77.0275543 ], [ 28.4603963, 77.0273616 ], [ 28.4607407, 77.0270505 ], [ 28.4609742, 77.0268395 ], [ 28.4619973, 77.0258304 ], [ 28.4627957, 77.0250637 ], [ 28.4631656, 77.0247085 ], [ 28.4638698, 77.0256474 ], [ 28.4635955, 77.0258664 ], [ 28.4639542, 77.0264544 ], [ 28.4638249, 77.0265624 ], [ 28.4640781, 77.0270004 ], [ 28.4642891, 77.0268414 ], [ 28.4655078, 77.0287115 ], [ 28.4654595, 77.0287561 ], [ 28.4650322, 77.0291458 ], [ 28.4644835, 77.0296532 ], [ 28.4639973, 77.0301109 ], [ 28.4636701, 77.0304531 ], [ 28.4633647, 77.0307725 ], [ 28.4631517, 77.0309673 ], [ 28.4629706, 77.0311329 ], [ 28.4625983, 77.0314565 ], [ 28.462469, 77.0315864 ], [ 28.4624458, 77.031625 ], [ 28.4624262, 77.0316758 ], [ 28.4624181, 77.0317214 ], [ 28.4624217, 77.031758 ], [ 28.4624333, 77.0318016 ], [ 28.462449, 77.0318412 ], [ 28.4624686, 77.0319378 ], [ 28.4624751, 77.032027 ], [ 28.462486, 77.0322574 ], [ 28.4626929, 77.0324531 ], [ 28.4630109, 77.0327727 ], [ 28.4631634, 77.0329858 ], [ 28.463332, 77.0330667 ], [ 28.4634387, 77.033118 ], [ 28.4634673, 77.0332334 ], [ 28.4635735, 77.0336629 ], [ 28.4635672, 77.0337116 ], [ 28.4635621, 77.0338253 ], [ 28.4635672, 77.0338876 ], [ 28.4635775, 77.0339351 ], [ 28.4635912, 77.0339779 ], [ 28.4636425, 77.0341159 ], [ 28.4637077, 77.034291 ], [ 28.4638326, 77.0346257 ], [ 28.4639058, 77.0348219 ], [ 28.4639644, 77.0349979 ], [ 28.4641683, 77.0358041 ], [ 28.4643835, 77.0366294 ], [ 28.4644215, 77.0367541 ], [ 28.4645474, 77.0371245 ], [ 28.4646448, 77.0373647 ], [ 28.4647424, 77.0376068 ], [ 28.4647522, 77.0376298 ], [ 28.4647843, 77.0376988 ], [ 28.4648934, 77.0379324 ], [ 28.4649859, 77.0380975 ], [ 28.4653552, 77.0387473 ], [ 28.4653968, 77.0388236 ], [ 28.4658667, 77.0396543 ], [ 28.4652151, 77.0405213 ], [ 28.4651499, 77.0404558 ], [ 28.4646558, 77.0411242 ], [ 28.4639663, 77.0405249 ] ] ] } },
{ "type": "Feature", "id": 19, "properties": { "tessellate": -1, "extrude": 0, "visibility": -1, "objectid": 20.0, "townname": "Gurugram", "towncensuscode2011": "800429", "town_lgd_code": 248576.0, "ward_lgd_code": 64223.0, "ward_lgd_name": "Gurgaon (M Cl ) - Ward No.20", "state": "Haryana", "sourcewardcode": "20" }, "geometry": { "type": "Polygon", "coordinates": [ [ [ 28.4470751, 77.0196058 ], [ 28.4468923, 77.0194321 ], [ 28.4463453, 77.0189661 ], [ 28.4458548, 77.0185519 ], [ 28.4443257, 77.0172908 ], [ 28.4442046, 77.0171929 ], [ 28.4436139, 77.0166973 ], [ 28.4422549, 77.0155584 ], [ 28.4406829, 77.014209 ], [ 28.4409175, 77.0140324 ], [ 28.4410346, 77.0139414 ], [ 28.4413865, 77.0136323 ], [ 28.44135, 77.0135897 ], [ 28.4416858, 77.0133121 ], [ 28.4418097, 77.0134366 ], [ 28.44202, 77.0136319 ], [ 28.4420454, 77.0136613 ], [ 28.442737, 77.0137078 ], [ 28.4428081, 77.012477 ], [ 28.4429079, 77.0123454 ], [ 28.4435068, 77.0119671 ], [ 28.4434673, 77.0114066 ], [ 28.4434412, 77.0110826 ], [ 28.4434019, 77.0106734 ], [ 28.4432943, 77.0095546 ], [ 28.4432198, 77.0086018 ], [ 28.4432734, 77.0086301 ], [ 28.4445923, 77.0093534 ], [ 28.4449341, 77.0095467 ], [ 28.4449078, 77.0084386 ], [ 28.4452879, 77.0084197 ], [ 28.4456964, 77.0084379 ], [ 28.4465073, 77.0084386 ], [ 28.4469565, 77.0084599 ], [ 28.4474513, 77.0084646 ], [ 28.4479608, 77.0084836 ], [ 28.4474409, 77.0096045 ], [ 28.4469181, 77.0106007 ], [ 28.4501565, 77.0120711 ], [ 28.4501359, 77.0123382 ], [ 28.4501133, 77.0124987 ], [ 28.450064, 77.0127303 ], [ 28.4499483, 77.0130844 ], [ 28.4497091, 77.0136799 ], [ 28.4496806, 77.0137698 ], [ 28.4495604, 77.0142652 ], [ 28.4495117, 77.0144657 ], [ 28.4494745, 77.0146025 ], [ 28.4493212, 77.0153244 ], [ 28.4490725, 77.0164492 ], [ 28.44878, 77.0179053 ], [ 28.4484598, 77.0195171 ], [ 28.4482421, 77.0207846 ], [ 28.4480185, 77.0210479 ], [ 28.448009, 77.021022 ], [ 28.4479488, 77.02088 ], [ 28.4478577, 77.0206863 ], [ 28.4477439, 77.0204725 ], [ 28.4476434, 77.020308 ], [ 28.4475083, 77.0201034 ], [ 28.4473732, 77.0199289 ], [ 28.4472594, 77.019797 ], [ 28.4471705, 77.0196993 ], [ 28.4470751, 77.0196058 ] ] ] } },
{ "type": "Feature", "id": 20, "properties": { "tessellate": -1, "extrude": 0, "visibility": -1, "objectid": 26.0, "townname": "Gurugram", "towncensuscode2011": "800429", "town_lgd_code": 248576.0, "ward_lgd_code": 64228.0, "ward_lgd_name": "Gurgaon (M Cl ) - Ward No.25", "state": "Haryana", "sourcewardcode": "25" }, "geometry": { "type": "Polygon", "coordinates": [ [ [ 28.4130522, 77.0912369 ], [ 28.4129566, 77.0912525 ], [ 28.4127129, 77.0913198 ], [ 28.4113542, 77.0916951 ], [ 28.4110666, 77.0911088 ], [ 28.4111622, 77.0908211 ], [ 28.4104358, 77.0893447 ], [ 28.4109661, 77.088705 ], [ 28.41168, 77.0879624 ], [ 28.411212, 77.087549 ], [ 28.4103936, 77.086868 ], [ 28.410562, 77.0865205 ], [ 28.4103963, 77.0864183 ], [ 28.4107303, 77.0857439 ], [ 28.4110799, 77.0851395 ], [ 28.411816, 77.0836719 ], [ 28.4118042, 77.0818539 ], [ 28.4118327, 77.0813752 ], [ 28.4122864, 77.078646 ], [ 28.4123915, 77.0780904 ], [ 28.4124061, 77.0779428 ], [ 28.4130365, 77.0777067 ], [ 28.4119795, 77.0746395 ], [ 28.4115584, 77.0748227 ], [ 28.411284, 77.0745416 ], [ 28.4107328, 77.0740056 ], [ 28.410309, 77.0737653 ], [ 28.4102481, 77.0736991 ], [ 28.410196, 77.073368 ], [ 28.4097462, 77.073323 ], [ 28.409142, 77.0730286 ], [ 28.4085395, 77.0725776 ], [ 28.4083998, 77.072591 ], [ 28.4079065, 77.0725994 ], [ 28.4064214, 77.0725313 ], [ 28.4050536, 77.0725193 ], [ 28.4045433, 77.0725223 ], [ 28.4044303, 77.072467 ], [ 28.4044249, 77.0716969 ], [ 28.4044268, 77.0705547 ], [ 28.4044275, 77.0701479 ], [ 28.4044893, 77.0701479 ], [ 28.4045511, 77.0701479 ], [ 28.4045434, 77.0696543 ], [ 28.4046209, 77.0682072 ], [ 28.4046095, 77.0676178 ], [ 28.4045981, 77.0662082 ], [ 28.4046026, 77.0655254 ], [ 28.4043035, 77.0655384 ], [ 28.404284, 77.0642114 ], [ 28.4049751, 77.0641826 ], [ 28.405243, 77.0633355 ], [ 28.4052535, 77.0626418 ], [ 28.4051535, 77.062238 ], [ 28.4050796, 77.0621463 ], [ 28.4043802, 77.0612781 ], [ 28.4038765, 77.0600996 ], [ 28.4037394, 77.0598426 ], [ 28.4031594, 77.0586822 ], [ 28.4031229, 77.0586173 ], [ 28.4030841, 77.0585705 ], [ 28.4027849, 77.0582798 ], [ 28.4020998, 77.0577528 ], [ 28.4014673, 77.0571972 ], [ 28.401191, 77.0569947 ], [ 28.4007415, 77.0567269 ], [ 28.3995611, 77.0558205 ], [ 28.3986351, 77.0552224 ], [ 28.3985825, 77.0552074 ], [ 28.3984983, 77.0552014 ], [ 28.3984404, 77.0552014 ], [ 28.3983878, 77.0552014 ], [ 28.3980318, 77.0550484 ], [ 28.397729, 77.0548867 ], [ 28.3971854, 77.0546193 ], [ 28.3966511, 77.054326 ], [ 28.3961235, 77.0540274 ], [ 28.395902, 77.054666 ], [ 28.3953265, 77.0561847 ], [ 28.3945829, 77.0559914 ], [ 28.3946043, 77.0580809 ], [ 28.3926056, 77.0584491 ], [ 28.3926503, 77.0586405 ], [ 28.392312, 77.058638 ], [ 28.391448, 77.0586315 ], [ 28.3914585, 77.0588259 ], [ 28.3919226, 77.060049 ], [ 28.3920689, 77.0604348 ], [ 28.3916249, 77.0612165 ], [ 28.3915627, 77.0614009 ], [ 28.3913957, 77.0618348 ], [ 28.3913483, 77.062036 ], [ 28.3912026, 77.062654 ], [ 28.391134, 77.0629323 ], [ 28.3910636, 77.0632177 ], [ 28.3908401, 77.0635822 ], [ 28.3908437, 77.0636399 ], [ 28.3908754, 77.0641495 ], [ 28.3907861, 77.0645657 ], [ 28.3905778, 77.0654961 ], [ 28.3904325, 77.0659238 ], [ 28.3903064, 77.0663267 ], [ 28.3900589, 77.0663133 ], [ 28.3900511, 77.0673963 ], [ 28.3892574, 77.0673851 ], [ 28.3892492, 77.0675823 ], [ 28.3889935, 77.0675737 ], [ 28.3885413, 77.0675296 ], [ 28.3885436, 77.0674569 ], [ 28.3882257, 77.0674173 ], [ 28.3879045, 77.0674295 ], [ 28.387744, 77.067393 ], [ 28.387305, 77.0672429 ], [ 28.3868233, 77.0671131 ], [ 28.3863843, 77.0668981 ], [ 28.3857562, 77.0666588 ], [ 28.3854687, 77.0664306 ], [ 28.3853071, 77.066313 ], [ 28.3850948, 77.0662035 ], [ 28.3847052, 77.0659551 ], [ 28.3843897, 77.0657539 ], [ 28.3842402, 77.0656479 ], [ 28.3838989, 77.0661124 ], [ 28.383838, 77.0662036 ], [ 28.3836988, 77.066412 ], [ 28.3834989, 77.0665354 ], [ 28.3832046, 77.0665573 ], [ 28.3821527, 77.066283 ], [ 28.3818521, 77.0664625 ], [ 28.3817756, 77.0666511 ], [ 28.3817544, 77.0666614 ], [ 28.3815454, 77.0667624 ], [ 28.3807779, 77.0671171 ], [ 28.380235, 77.0674235 ], [ 28.3791268, 77.0685706 ], [ 28.378807, 77.0686043 ], [ 28.3786453, 77.0687401 ], [ 28.3782117, 77.0691042 ], [ 28.3778601, 77.0695375 ], [ 28.3776398, 77.0698089 ], [ 28.3775943, 77.0698773 ], [ 28.377133, 77.0706084 ], [ 28.3769203, 77.0710031 ], [ 28.37658, 77.0716469 ], [ 28.3762693, 77.0722934 ], [ 28.376183, 77.0724576 ], [ 28.3755937, 77.0736168 ], [ 28.3752254, 77.0746037 ], [ 28.3750754, 77.0748638 ], [ 28.374736, 77.075755 ], [ 28.3744812, 77.0757508 ], [ 28.3743376, 77.0757483 ], [ 28.3740878, 77.0757293 ], [ 28.3739444, 77.0757183 ], [ 28.3739558, 77.0755003 ], [ 28.3739663, 77.0753011 ], [ 28.3732885, 77.0738718 ], [ 28.3732771, 77.073446 ], [ 28.3732245, 77.0731501 ], [ 28.3730726, 77.0723978 ], [ 28.3728678, 77.0712214 ], [ 28.3723565, 77.0711693 ], [ 28.3722452, 77.0711026 ], [ 28.3714867, 77.0706159 ], [ 28.3713433, 77.0705239 ], [ 28.3710842, 77.0703749 ], [ 28.3711642, 77.0699958 ], [ 28.3707439, 77.0697466 ], [ 28.3705827, 77.069078 ], [ 28.3705747, 77.0683765 ], [ 28.3704518, 77.0683746 ], [ 28.3704248, 77.0683497 ], [ 28.3703921, 77.0682876 ], [ 28.3703053, 77.067623 ], [ 28.3702322, 77.0666313 ], [ 28.3702071, 77.0661017 ], [ 28.3701911, 77.0657772 ], [ 28.3701408, 77.0653281 ], [ 28.3700837, 77.0649439 ], [ 28.3699695, 77.0643416 ], [ 28.3699078, 77.0640664 ], [ 28.3698416, 77.0638198 ], [ 28.3696634, 77.0632227 ], [ 28.3695652, 77.0628151 ], [ 28.3694818, 77.0620878 ], [ 28.3694862, 77.0619283 ], [ 28.369457, 77.0612881 ], [ 28.3694966, 77.0599387 ], [ 28.3695769, 77.0587765 ], [ 28.369631, 77.0583362 ], [ 28.3696604, 77.0577226 ], [ 28.3697568, 77.0572723 ], [ 28.370028, 77.0564367 ], [ 28.370335, 77.0555362 ], [ 28.3707097, 77.054226 ], [ 28.3708976, 77.0534509 ], [ 28.3709855, 77.0528831 ], [ 28.3714232, 77.0506948 ], [ 28.3713443, 77.050641 ], [ 28.3718864, 77.0495529 ], [ 28.3720414, 77.0491339 ], [ 28.3720547, 77.0490979 ], [ 28.3720626, 77.0489454 ], [ 28.3717511, 77.048911 ], [ 28.3712759, 77.0488586 ], [ 28.3713451, 77.0483921 ], [ 28.3714338, 77.047794 ], [ 28.3710015, 77.0477406 ], [ 28.3709597, 77.0477249 ], [ 28.3709262, 77.047699 ], [ 28.3707773, 77.0475506 ], [ 28.3706646, 77.0474118 ], [ 28.3701672, 77.0467177 ], [ 28.3700032, 77.0464862 ], [ 28.3694725, 77.0457314 ], [ 28.3693268, 77.045524 ], [ 28.3693763, 77.0453608 ], [ 28.3694141, 77.0452362 ], [ 28.3693164, 77.0451622 ], [ 28.369233, 77.045099 ], [ 28.3693074, 77.0449497 ], [ 28.3695569, 77.044438 ], [ 28.3702029, 77.0428276 ], [ 28.3702454, 77.0427297 ], [ 28.3705461, 77.0419551 ], [ 28.3709192, 77.0412478 ], [ 28.371188, 77.0407183 ], [ 28.3712391, 77.0406125 ], [ 28.3713605, 77.0404137 ], [ 28.3714748, 77.040192 ], [ 28.3717221, 77.0396101 ], [ 28.371934, 77.0391688 ], [ 28.3723158, 77.038321 ], [ 28.3726728, 77.0375422 ], [ 28.3730939, 77.0365565 ], [ 28.3734294, 77.0356722 ], [ 28.3735436, 77.0353234 ], [ 28.37364, 77.0349867 ], [ 28.3737006, 77.0346743 ], [ 28.3740754, 77.0329179 ], [ 28.3744216, 77.031555 ], [ 28.3745559, 77.0310128 ], [ 28.3746782, 77.0305967 ], [ 28.3747077, 77.0304965 ], [ 28.3747252, 77.0304367 ], [ 28.3748092, 77.0304925 ], [ 28.3748444, 77.030516 ], [ 28.3761427, 77.0313618 ], [ 28.3769569, 77.0319259 ], [ 28.3783678, 77.0326484 ], [ 28.3790011, 77.0330181 ], [ 28.379401, 77.0331825 ], [ 28.3797509, 77.0333291 ], [ 28.3801929, 77.0334816 ], [ 28.3807532, 77.0336933 ], [ 28.3809826, 77.0338025 ], [ 28.3814405, 77.0340443 ], [ 28.3814674, 77.0340651 ], [ 28.3814847, 77.0340773 ], [ 28.3814954, 77.0340847 ], [ 28.3815224, 77.0341153 ], [ 28.381559, 77.0341545 ], [ 28.3815795, 77.0341741 ], [ 28.3816032, 77.0341912 ], [ 28.3818723, 77.0343568 ], [ 28.3818963, 77.0343231 ], [ 28.3819356, 77.0342678 ], [ 28.3826569, 77.0332487 ], [ 28.3827984, 77.0331664 ], [ 28.3832733, 77.0327578 ], [ 28.3833535, 77.0326841 ], [ 28.3835582, 77.0324535 ], [ 28.3837228, 77.0322681 ], [ 28.3838883, 77.0322111 ], [ 28.3839605, 77.0321358 ], [ 28.3845442, 77.0311441 ], [ 28.3852185, 77.0299331 ], [ 28.3853939, 77.0296523 ], [ 28.38551, 77.0294944 ], [ 28.3861488, 77.0281882 ], [ 28.386266, 77.0279861 ], [ 28.3865123, 77.0275125 ], [ 28.3870971, 77.0263879 ], [ 28.3871776, 77.026233 ], [ 28.3873252, 77.0258718 ], [ 28.3875998, 77.0252318 ], [ 28.3879204, 77.0244847 ], [ 28.3884177, 77.0235315 ], [ 28.3889216, 77.0223389 ], [ 28.3891, 77.022128 ], [ 28.3895318, 77.0212072 ], [ 28.3903133, 77.0191993 ], [ 28.3906488, 77.0183394 ], [ 28.3906238, 77.0182299 ], [ 28.3906523, 77.0180514 ], [ 28.3907808, 77.0178202 ], [ 28.3910581, 77.0172826 ], [ 28.3906128, 77.0170827 ], [ 28.3905453, 77.0170778 ], [ 28.3897959, 77.016729 ], [ 28.3881829, 77.0158853 ], [ 28.3871551, 77.0154229 ], [ 28.3866805, 77.01522 ], [ 28.3861054, 77.0148636 ], [ 28.3856288, 77.0146013 ], [ 28.3854008, 77.0144758 ], [ 28.3853307, 77.0144372 ], [ 28.3842342, 77.0140465 ], [ 28.383948, 77.0139158 ], [ 28.3834543, 77.0136904 ], [ 28.3834139, 77.013666 ], [ 28.3828958, 77.0133605 ], [ 28.3828718, 77.0133464 ], [ 28.3827479, 77.0132732 ], [ 28.3826805, 77.0132235 ], [ 28.3825031, 77.0130406 ], [ 28.3822832, 77.0128141 ], [ 28.3825774, 77.0120997 ], [ 28.3827371, 77.0117827 ], [ 28.3827424, 77.0112793 ], [ 28.3828848, 77.0110643 ], [ 28.3836293, 77.0097723 ], [ 28.3839888, 77.0092336 ], [ 28.3843657, 77.0087533 ], [ 28.3845286, 77.0083323 ], [ 28.384939, 77.0073101 ], [ 28.385041, 77.0071148 ], [ 28.3854935, 77.0063284 ], [ 28.385836, 77.0056138 ], [ 28.3860464, 77.0050065 ], [ 28.3863698, 77.0040731 ], [ 28.3865129, 77.0027697 ], [ 28.3863479, 77.00272 ], [ 28.3863698, 77.0026357 ], [ 28.386523, 77.0021381 ], [ 28.3867587, 77.0016577 ], [ 28.386986, 77.0011984 ], [ 28.3871813, 77.0008864 ], [ 28.3875069, 77.000917 ], [ 28.3875084, 77.0007226 ], [ 28.3852209, 77.0002074 ], [ 28.383423, 76.9993413 ], [ 28.3830619, 76.9990879 ], [ 28.3818477, 76.9982865 ], [ 28.3816666, 76.9981917 ], [ 28.3807744, 76.9979128 ], [ 28.380364, 76.9976526 ], [ 28.3799088, 76.9973446 ], [ 28.3800423, 76.997104 ], [ 28.3801903, 76.9968482 ], [ 28.380364, 76.9965641 ], [ 28.3805323, 76.9962681 ], [ 28.3806113, 76.9961544 ], [ 28.3808191, 76.9959002 ], [ 28.3810033, 76.9957118 ], [ 28.3811954, 76.9955174 ], [ 28.3813559, 76.995344 ], [ 28.3814585, 76.9952333 ], [ 28.3815085, 76.9951646 ], [ 28.3822407, 76.9938804 ], [ 28.3825323, 76.9934566 ], [ 28.3831149, 76.9926128 ], [ 28.3834766, 76.9917764 ], [ 28.3841385, 76.99044 ], [ 28.3846632, 76.9892918 ], [ 28.3849327, 76.9883572 ], [ 28.3849995, 76.9881773 ], [ 28.3857905, 76.9861379 ], [ 28.3859033, 76.9859025 ], [ 28.3861913, 76.9850546 ], [ 28.3863916, 76.984534 ], [ 28.3866379, 76.9840712 ], [ 28.3870389, 76.9832232 ], [ 28.3876149, 76.9823862 ], [ 28.3876786, 76.9819492 ], [ 28.3877016, 76.9817914 ], [ 28.3877319, 76.9816019 ], [ 28.3877673, 76.9814641 ], [ 28.3878414, 76.9812306 ], [ 28.3879862, 76.980932 ], [ 28.3882185, 76.9804918 ], [ 28.3884711, 76.9800784 ], [ 28.3885351, 76.9799827 ], [ 28.3886142, 76.9798985 ], [ 28.38869, 76.9798373 ], [ 28.3890941, 76.9796191 ], [ 28.3893036, 76.9795008 ], [ 28.38984, 76.979198 ], [ 28.3897255, 76.9790162 ], [ 28.3899018, 76.978936 ], [ 28.3905184, 76.9781977 ], [ 28.3909229, 76.977443 ], [ 28.3912351, 76.9777347 ], [ 28.3918893, 76.9783796 ], [ 28.3927456, 76.9792031 ], [ 28.3934293, 76.9797985 ], [ 28.3938621, 76.9801978 ], [ 28.3945019, 76.980786 ], [ 28.3963021, 76.9825508 ], [ 28.3972241, 76.9835027 ], [ 28.3983343, 76.9846115 ], [ 28.3992783, 76.985517 ], [ 28.4000153, 76.9862443 ], [ 28.4008871, 76.9871035 ], [ 28.4015362, 76.9877452 ], [ 28.4017871, 76.9879484 ], [ 28.4021101, 76.9881873 ], [ 28.402245, 76.9882871 ], [ 28.4023704, 76.9883798 ], [ 28.4025084, 76.9884583 ], [ 28.4031354, 76.9888146 ], [ 28.4043261, 76.9894552 ], [ 28.4057589, 76.99021 ], [ 28.4056719, 76.9904052 ], [ 28.4055691, 76.99064 ], [ 28.4054087, 76.9910065 ], [ 28.404515, 76.993048 ], [ 28.40373, 76.995279 ], [ 28.4030164, 76.9974734 ], [ 28.4023849, 76.9997775 ], [ 28.4018782, 77.0020855 ], [ 28.4016177, 77.0033795 ], [ 28.4014336, 77.0048683 ], [ 28.4013775, 77.0052852 ], [ 28.4012855, 77.0059681 ], [ 28.4011622, 77.0067046 ], [ 28.4010375, 77.0075047 ], [ 28.4009916, 77.0078028 ], [ 28.4009687, 77.007969 ], [ 28.4009415, 77.0081662 ], [ 28.4009228, 77.0083406 ], [ 28.4009071, 77.0085589 ], [ 28.4008841, 77.0088685 ], [ 28.4008727, 77.0090266 ], [ 28.4008569, 77.009271 ], [ 28.4008426, 77.0095529 ], [ 28.4007882, 77.012481 ], [ 28.4007828, 77.0140315 ], [ 28.4007761, 77.0144681 ], [ 28.4007193, 77.0172553 ], [ 28.4007011, 77.0203287 ], [ 28.400665, 77.0226148 ], [ 28.4006151, 77.026156 ], [ 28.4006064, 77.0264813 ], [ 28.4005464, 77.0281518 ], [ 28.4005125, 77.0291957 ], [ 28.400462, 77.0304816 ], [ 28.4004467, 77.0310106 ], [ 28.4004421, 77.031171 ], [ 28.4004492, 77.031371 ], [ 28.400475, 77.0316777 ], [ 28.4006184, 77.0333154 ], [ 28.4006234, 77.0333758 ], [ 28.4007895, 77.0355573 ], [ 28.4009042, 77.0368804 ], [ 28.4010568, 77.0384247 ], [ 28.4010829, 77.0386998 ], [ 28.4011431, 77.0392249 ], [ 28.4011882, 77.0397444 ], [ 28.4012036, 77.0399733 ], [ 28.4012263, 77.0403117 ], [ 28.4012438, 77.0407062 ], [ 28.4012757, 77.0418945 ], [ 28.4013114, 77.0431491 ], [ 28.401306, 77.0437093 ], [ 28.401305, 77.0444818 ], [ 28.401364, 77.0451267 ], [ 28.4013696, 77.0451661 ], [ 28.401379, 77.0452267 ], [ 28.4013921, 77.0452735 ], [ 28.4014052, 77.0453108 ], [ 28.4014237, 77.0453664 ], [ 28.4015467, 77.0457366 ], [ 28.4016748, 77.0461173 ], [ 28.402367, 77.0483483 ], [ 28.4026132, 77.0490988 ], [ 28.4028237, 77.0496545 ], [ 28.4033668, 77.0508041 ], [ 28.4035443, 77.0511932 ], [ 28.4036228, 77.051381 ], [ 28.4038778, 77.0520233 ], [ 28.4047505, 77.0543477 ], [ 28.4056996, 77.0568261 ], [ 28.4065701, 77.0591464 ], [ 28.4076227, 77.0619372 ], [ 28.4088429, 77.0651741 ], [ 28.4099953, 77.0682691 ], [ 28.4111691, 77.071356 ], [ 28.412186, 77.0742279 ], [ 28.4122726, 77.0744656 ], [ 28.4122903, 77.0745138 ], [ 28.4130279, 77.076536 ], [ 28.4141562, 77.0796808 ], [ 28.4149785, 77.0827521 ], [ 28.4160241, 77.0864029 ], [ 28.4169683, 77.0896873 ], [ 28.4172683, 77.0907281 ], [ 28.4173214, 77.0909857 ], [ 28.4173314, 77.0910979 ], [ 28.4164285, 77.0909951 ], [ 28.4157287, 77.0909117 ], [ 28.4155467, 77.0909077 ], [ 28.4148379, 77.090989 ], [ 28.4147264, 77.0910018 ], [ 28.4139556, 77.0910902 ], [ 28.4131965, 77.0912135 ], [ 28.4130522, 77.0912369 ] ] ] } },
{ "type": "Feature", "id": 21, "properties": { "tessellate": -1, "extrude": 0, "visibility": -1, "objectid": 21.0, "townname": "Gurugram", "towncensuscode2011": "800429", "town_lgd_code": 248576.0, "ward_lgd_code": 64224.0, "ward_lgd_name": "Gurgaon (M Cl ) - Ward No.21", "state": "Haryana", "sourcewardcode": "21" }, "geometry": { "type": "Polygon", "coordinates": [ [ [ 28.4593171, 77.0122136 ], [ 28.4592522, 77.0123574 ], [ 28.4594843, 77.0124872 ], [ 28.459747, 77.0126341 ], [ 28.459857, 77.0127353 ], [ 28.4595882, 77.0132912 ], [ 28.4594029, 77.0137199 ], [ 28.4593528, 77.0138424 ], [ 28.4591818, 77.0142401 ], [ 28.4589765, 77.0147174 ], [ 28.458887, 77.0149315 ], [ 28.4588264, 77.0150848 ], [ 28.4586677, 77.015486 ], [ 28.4583933, 77.0161089 ], [ 28.4581386, 77.0167158 ], [ 28.4588871, 77.0171556 ], [ 28.459085, 77.0172805 ], [ 28.4588498, 77.0178263 ], [ 28.4589371, 77.0178772 ], [ 28.458758, 77.018277 ], [ 28.4588817, 77.0183482 ], [ 28.458844, 77.0184358 ], [ 28.4589183, 77.0184742 ], [ 28.4587199, 77.018949 ], [ 28.4586127, 77.0191984 ], [ 28.4581968, 77.0190073 ], [ 28.4578864, 77.0198968 ], [ 28.4574697, 77.021039 ], [ 28.4570693, 77.0208614 ], [ 28.4568833, 77.0207995 ], [ 28.456909, 77.0213833 ], [ 28.4569473, 77.0218618 ], [ 28.4569607, 77.0219853 ], [ 28.4570107, 77.0223389 ], [ 28.4570197, 77.022385 ], [ 28.457037, 77.0224741 ], [ 28.4572088, 77.0231928 ], [ 28.4572835, 77.0234354 ], [ 28.4572951, 77.0234887 ], [ 28.4572927, 77.02351 ], [ 28.4572851, 77.0235414 ], [ 28.4572587, 77.0235908 ], [ 28.4572253, 77.0236328 ], [ 28.4571942, 77.0236636 ], [ 28.4571613, 77.0236892 ], [ 28.4571146, 77.0237111 ], [ 28.4550777, 77.0220594 ], [ 28.4535475, 77.02067 ], [ 28.4519361, 77.0191809 ], [ 28.4531219, 77.0174552 ], [ 28.4532487, 77.0173148 ], [ 28.4533883, 77.0172224 ], [ 28.4534696, 77.0171929 ], [ 28.4537151, 77.0154285 ], [ 28.4537987, 77.0149366 ], [ 28.4538717, 77.0146208 ], [ 28.4539569, 77.0143144 ], [ 28.4541211, 77.0138238 ], [ 28.453764, 77.0136958 ], [ 28.4529282, 77.013386 ], [ 28.4521214, 77.0130525 ], [ 28.4509758, 77.0124731 ], [ 28.4501565, 77.0120711 ], [ 28.4469181, 77.0106007 ], [ 28.4474409, 77.0096045 ], [ 28.4479608, 77.0084836 ], [ 28.4479753, 77.0084492 ], [ 28.4483426, 77.0076494 ], [ 28.4486521, 77.0069881 ], [ 28.4486735, 77.0069451 ], [ 28.4486846, 77.0069267 ], [ 28.4492413, 77.0070043 ], [ 28.4492211, 77.0077745 ], [ 28.4496708, 77.0077768 ], [ 28.4499212, 77.0077806 ], [ 28.4499902, 77.0077817 ], [ 28.4499889, 77.0081967 ], [ 28.4503821, 77.0082089 ], [ 28.4504053, 77.0082096 ], [ 28.4504087, 77.0092198 ], [ 28.4503554, 77.009221 ], [ 28.4503433, 77.0098442 ], [ 28.450723, 77.009863 ], [ 28.4507176, 77.0105515 ], [ 28.4511304, 77.0105754 ], [ 28.4514766, 77.0107146 ], [ 28.4515886, 77.0105675 ], [ 28.4517726, 77.0104173 ], [ 28.4519491, 77.0103062 ], [ 28.4521548, 77.0101492 ], [ 28.4522305, 77.0100784 ], [ 28.4524227, 77.0098616 ], [ 28.4527571, 77.0094535 ], [ 28.4528849, 77.0092975 ], [ 28.4529331, 77.009467 ], [ 28.4534688, 77.0091763 ], [ 28.4538659, 77.0089454 ], [ 28.4543905, 77.0088709 ], [ 28.4544814, 77.0089616 ], [ 28.4546356, 77.0088978 ], [ 28.4553456, 77.0085284 ], [ 28.4556648, 77.0090189 ], [ 28.4559259, 77.0087496 ], [ 28.4561884, 77.0082822 ], [ 28.4565291, 77.0084559 ], [ 28.4563579, 77.0088008 ], [ 28.4560842, 77.0093489 ], [ 28.4568631, 77.0096964 ], [ 28.4570068, 77.0097684 ], [ 28.4572694, 77.0091969 ], [ 28.4575022, 77.0090726 ], [ 28.4576339, 77.0090022 ], [ 28.4578584, 77.0095622 ], [ 28.4578634, 77.009793 ], [ 28.457883, 77.0102433 ], [ 28.457885, 77.0102886 ], [ 28.458471, 77.0107464 ], [ 28.4585143, 77.0107802 ], [ 28.4586976, 77.0109149 ], [ 28.4588598, 77.0110107 ], [ 28.4590308, 77.0106902 ], [ 28.4590468, 77.0106554 ], [ 28.4591027, 77.0106798 ], [ 28.4591989, 77.0105096 ], [ 28.4593713, 77.0102046 ], [ 28.4595661, 77.0098599 ], [ 28.4595967, 77.0098141 ], [ 28.4596241, 77.0097733 ], [ 28.4596409, 77.0097963 ], [ 28.4596635, 77.0098273 ], [ 28.4601896, 77.0105487 ], [ 28.4602619, 77.0106477 ], [ 28.4603376, 77.0114021 ], [ 28.4603581, 77.011951 ], [ 28.460174, 77.0122412 ], [ 28.4599675, 77.0125493 ], [ 28.4599277, 77.0126087 ], [ 28.4597741, 77.0124859 ], [ 28.4593171, 77.0122136 ] ] ] } },
{ "type": "Feature", "id": 22, "properties": { "tessellate": -1, "extrude": 0, "visibility": -1, "objectid": 27.0, "townname": "Gurugram", "towncensuscode2011": "800429", "town_lgd_code": 248576.0, "ward_lgd_code": 64229.0, "ward_lgd_name": "Gurgaon (M Cl ) - Ward No.26", "state": "Haryana", "sourcewardcode": "26" }, "geometry": { "type": "Polygon", "coordinates": [ [ [ 28.4262413, 77.0267036 ], [ 28.4262413, 77.0267223 ], [ 28.4262462, 77.0269061 ], [ 28.426291, 77.027239 ], [ 28.4263919, 77.0276596 ], [ 28.4268549, 77.0295111 ], [ 28.4275738, 77.0325101 ], [ 28.4281469, 77.0348386 ], [ 28.4286371, 77.0370398 ], [ 28.4286401, 77.0370531 ], [ 28.4265896, 77.0376174 ], [ 28.4232183, 77.0386113 ], [ 28.4209686, 77.039233 ], [ 28.4171413, 77.0403686 ], [ 28.4177012, 77.0420594 ], [ 28.4185195, 77.0442892 ], [ 28.418524, 77.0442809 ], [ 28.4192784, 77.0428978 ], [ 28.4195716, 77.0422854 ], [ 28.4203472, 77.0427658 ], [ 28.4192994, 77.045 ], [ 28.4187694, 77.0446078 ], [ 28.4186573, 77.0446715 ], [ 28.4194175, 77.0470633 ], [ 28.4196314, 77.0478681 ], [ 28.4202426, 77.0478869 ], [ 28.4202516, 77.0490176 ], [ 28.4202517, 77.0496246 ], [ 28.4200677, 77.049648 ], [ 28.4203694, 77.0506026 ], [ 28.4206555, 77.0513593 ], [ 28.4207772, 77.0516327 ], [ 28.4209373, 77.051929 ], [ 28.4202618, 77.0522752 ], [ 28.4203363, 77.0535381 ], [ 28.4197584, 77.0535402 ], [ 28.419755, 77.0538558 ], [ 28.4197611, 77.0549247 ], [ 28.4197648, 77.0561147 ], [ 28.4200913, 77.0561179 ], [ 28.4200836, 77.055404 ], [ 28.4203379, 77.055386 ], [ 28.420329, 77.0547445 ], [ 28.4216841, 77.0547014 ], [ 28.4217321, 77.0560419 ], [ 28.4226962, 77.0560371 ], [ 28.4226992, 77.0542932 ], [ 28.4226848, 77.0537219 ], [ 28.4232593, 77.054176 ], [ 28.4241932, 77.0549329 ], [ 28.4241754, 77.0554286 ], [ 28.4241677, 77.0567486 ], [ 28.4246659, 77.0567314 ], [ 28.424671, 77.0573521 ], [ 28.4240776, 77.057386 ], [ 28.4240923, 77.0580823 ], [ 28.4236262, 77.0581099 ], [ 28.423633, 77.0588581 ], [ 28.4241014, 77.0588555 ], [ 28.4240948, 77.0594719 ], [ 28.4244306, 77.0594767 ], [ 28.4245871, 77.0596468 ], [ 28.4241757, 77.060183 ], [ 28.4231464, 77.0601285 ], [ 28.4231361, 77.0587729 ], [ 28.4205499, 77.0588259 ], [ 28.4205519, 77.0595204 ], [ 28.4205563, 77.0602271 ], [ 28.4209494, 77.0602104 ], [ 28.4209483, 77.0609074 ], [ 28.4192564, 77.0609032 ], [ 28.4192632, 77.0611403 ], [ 28.4193955, 77.0611378 ], [ 28.4194008, 77.0615822 ], [ 28.4194768, 77.0615772 ], [ 28.4194742, 77.0622738 ], [ 28.4210672, 77.0622667 ], [ 28.4210836, 77.0615866 ], [ 28.4214813, 77.0615843 ], [ 28.4214798, 77.0626836 ], [ 28.4204396, 77.0640017 ], [ 28.4203353, 77.0641351 ], [ 28.4197079, 77.0649809 ], [ 28.4193692, 77.0654447 ], [ 28.4193828, 77.0650343 ], [ 28.4182587, 77.0650379 ], [ 28.41827, 77.0658994 ], [ 28.4185235, 77.0660779 ], [ 28.4185181, 77.0664538 ], [ 28.4164902, 77.0664703 ], [ 28.4165199, 77.068222 ], [ 28.4170391, 77.0682401 ], [ 28.4170636, 77.0689895 ], [ 28.4167953, 77.069239 ], [ 28.4163326, 77.0696976 ], [ 28.4153481, 77.0708911 ], [ 28.4143207, 77.0721447 ], [ 28.4137921, 77.0727998 ], [ 28.4131984, 77.0735348 ], [ 28.4125193, 77.0743258 ], [ 28.4122903, 77.0745138 ], [ 28.4122726, 77.0744656 ], [ 28.412186, 77.0742279 ], [ 28.4111691, 77.071356 ], [ 28.4099953, 77.0682691 ], [ 28.4088429, 77.0651741 ], [ 28.4076227, 77.0619372 ], [ 28.4065701, 77.0591464 ], [ 28.4056996, 77.0568261 ], [ 28.4047505, 77.0543477 ], [ 28.4038778, 77.0520233 ], [ 28.4036228, 77.051381 ], [ 28.4035443, 77.0511932 ], [ 28.4033668, 77.0508041 ], [ 28.4028237, 77.0496545 ], [ 28.4026132, 77.0490988 ], [ 28.402367, 77.0483483 ], [ 28.4016748, 77.0461173 ], [ 28.4015467, 77.0457366 ], [ 28.4014237, 77.0453664 ], [ 28.4014052, 77.0453108 ], [ 28.4013921, 77.0452735 ], [ 28.401379, 77.0452267 ], [ 28.4013696, 77.0451661 ], [ 28.401364, 77.0451267 ], [ 28.401305, 77.0444818 ], [ 28.401306, 77.0437093 ], [ 28.4013114, 77.0431491 ], [ 28.4012757, 77.0418945 ], [ 28.4012438, 77.0407062 ], [ 28.4012263, 77.0403117 ], [ 28.4012036, 77.0399733 ], [ 28.4011882, 77.0397444 ], [ 28.4011431, 77.0392249 ], [ 28.4010829, 77.0386998 ], [ 28.4010568, 77.0384247 ], [ 28.4009042, 77.0368804 ], [ 28.4007895, 77.0355573 ], [ 28.4006234, 77.0333758 ], [ 28.4006184, 77.0333154 ], [ 28.400475, 77.0316777 ], [ 28.4004492, 77.031371 ], [ 28.4004421, 77.031171 ], [ 28.4004467, 77.0310106 ], [ 28.400462, 77.0304816 ], [ 28.4005125, 77.0291957 ], [ 28.4005464, 77.0281518 ], [ 28.4006064, 77.0264813 ], [ 28.4006151, 77.026156 ], [ 28.400665, 77.0226148 ], [ 28.4007011, 77.0203287 ], [ 28.4007193, 77.0172553 ], [ 28.4007761, 77.0144681 ], [ 28.4007828, 77.0140315 ], [ 28.4007882, 77.012481 ], [ 28.4008426, 77.0095529 ], [ 28.4008569, 77.009271 ], [ 28.4008727, 77.0090266 ], [ 28.4008841, 77.0088685 ], [ 28.4009071, 77.0085589 ], [ 28.4009228, 77.0083406 ], [ 28.4009415, 77.0081662 ], [ 28.4009687, 77.007969 ], [ 28.4009916, 77.0078028 ], [ 28.4010375, 77.0075047 ], [ 28.4011622, 77.0067046 ], [ 28.4012855, 77.0059681 ], [ 28.4013775, 77.0052852 ], [ 28.4014336, 77.0048683 ], [ 28.4016177, 77.0033795 ], [ 28.4018782, 77.0020855 ], [ 28.4023849, 76.9997775 ], [ 28.4030164, 76.9974734 ], [ 28.40373, 76.995279 ], [ 28.404515, 76.993048 ], [ 28.4054087, 76.9910065 ], [ 28.4055691, 76.99064 ], [ 28.4056719, 76.9904052 ], [ 28.4057589, 76.99021 ], [ 28.4069479, 76.990857 ], [ 28.4084665, 76.9916834 ], [ 28.4103382, 76.992714 ], [ 28.4130672, 76.9942069 ], [ 28.4154484, 76.9954881 ], [ 28.4178197, 76.9967805 ], [ 28.4192703, 76.997566 ], [ 28.4216734, 76.9988708 ], [ 28.4229595, 76.9995691 ], [ 28.4238751, 77.0000985 ], [ 28.4240663, 77.000234 ], [ 28.4243262, 77.0004426 ], [ 28.4245707, 77.0006353 ], [ 28.4254232, 77.0013818 ], [ 28.4266626, 77.002429 ], [ 28.4286711, 77.0041113 ], [ 28.4292669, 77.0046206 ], [ 28.4309144, 77.0059892 ], [ 28.4319973, 77.0068804 ], [ 28.4323469, 77.0072051 ], [ 28.4331644, 77.0080115 ], [ 28.4333695, 77.0082138 ], [ 28.4345433, 77.0092211 ], [ 28.4354098, 77.0099618 ], [ 28.4357574, 77.0102638 ], [ 28.4358489, 77.0103409 ], [ 28.43541, 77.0109991 ], [ 28.4350393, 77.0115551 ], [ 28.4345783, 77.0122464 ], [ 28.4337783, 77.0134462 ], [ 28.4318161, 77.0164334 ], [ 28.4302044, 77.0188733 ], [ 28.4293129, 77.0201991 ], [ 28.4287485, 77.0210583 ], [ 28.4286746, 77.0211619 ], [ 28.4286582, 77.0211822 ], [ 28.4286084, 77.0212384 ], [ 28.4285335, 77.0213094 ], [ 28.4281242, 77.0216299 ], [ 28.4279417, 77.0217967 ], [ 28.4278015, 77.0219354 ], [ 28.4276942, 77.0220532 ], [ 28.4276056, 77.0221645 ], [ 28.4275205, 77.0222814 ], [ 28.4274218, 77.022455 ], [ 28.427324, 77.0226341 ], [ 28.4267067, 77.0237643 ], [ 28.4266247, 77.0239085 ], [ 28.4263992, 77.0243442 ], [ 28.4263437, 77.0244705 ], [ 28.4263146, 77.0245512 ], [ 28.4262978, 77.0246249 ], [ 28.4262925, 77.0246551 ], [ 28.4262779, 77.0247865 ], [ 28.4262706, 77.0249411 ], [ 28.4262589, 77.0256245 ], [ 28.4262413, 77.0267036 ] ] ] } },
{ "type": "Feature", "id": 23, "properties": { "tessellate": -1, "extrude": 0, "visibility": -1, "objectid": 28.0, "townname": "Gurugram", "towncensuscode2011": "800429", "town_lgd_code": 248576.0, "ward_lgd_code": 64231.0, "ward_lgd_name": "Gurgaon (M Cl ) - Ward No.28", "state": "Haryana", "sourcewardcode": "28" }, "geometry": { "type": "Polygon", "coordinates": [ [ [ 28.4481124, 77.0522955 ], [ 28.4466083, 77.0523372 ], [ 28.4466395, 77.0531277 ], [ 28.4464111, 77.0531523 ], [ 28.4466623, 77.0534399 ], [ 28.4466789, 77.05347 ], [ 28.4466894, 77.0534973 ], [ 28.4466977, 77.0535419 ], [ 28.4466971, 77.0535678 ], [ 28.4466955, 77.0536295 ], [ 28.4466904, 77.0536771 ], [ 28.4466802, 77.0537492 ], [ 28.4466036, 77.0541461 ], [ 28.4465238, 77.0545673 ], [ 28.4464041, 77.0551556 ], [ 28.446341, 77.0554177 ], [ 28.4462981, 77.0555978 ], [ 28.4462736, 77.055678 ], [ 28.446246, 77.0557291 ], [ 28.4462051, 77.055814 ], [ 28.4461489, 77.0558976 ], [ 28.4460559, 77.0560312 ], [ 28.445965, 77.0561405 ], [ 28.4458948, 77.0562104 ], [ 28.4457895, 77.0563012 ], [ 28.4456729, 77.0563829 ], [ 28.4453313, 77.0565935 ], [ 28.4451477, 77.0567133 ], [ 28.4450583, 77.0567678 ], [ 28.4449546, 77.0568568 ], [ 28.4448189, 77.0569875 ], [ 28.444771, 77.0570497 ], [ 28.4439351, 77.0581371 ], [ 28.4438679, 77.0582278 ], [ 28.4346113, 77.0492593 ], [ 28.4359358, 77.047506 ], [ 28.4376209, 77.04525 ], [ 28.4394676, 77.0427989 ], [ 28.4410987, 77.0406375 ], [ 28.4412283, 77.040462 ], [ 28.4421812, 77.0391725 ], [ 28.4430181, 77.0381067 ], [ 28.443494, 77.0374617 ], [ 28.4435647, 77.0373702 ], [ 28.4436415, 77.0372814 ], [ 28.4436951, 77.0372232 ], [ 28.4437524, 77.0371761 ], [ 28.4438146, 77.0371234 ], [ 28.4439438, 77.0370278 ], [ 28.4441588, 77.036882 ], [ 28.4442854, 77.0368036 ], [ 28.4452572, 77.0363036 ], [ 28.4460374, 77.0358985 ], [ 28.4460452, 77.0359148 ], [ 28.4463392, 77.0364471 ], [ 28.4468502, 77.0371066 ], [ 28.4481003, 77.0383165 ], [ 28.4519073, 77.0419647 ], [ 28.459748, 77.0494866 ], [ 28.4590798, 77.0503064 ], [ 28.4581526, 77.0515639 ], [ 28.4574672, 77.0524931 ], [ 28.4570282, 77.0531446 ], [ 28.4569437, 77.0532808 ], [ 28.4569014, 77.0533635 ], [ 28.456831, 77.0535745 ], [ 28.4567353, 77.0539076 ], [ 28.4566761, 77.0541138 ], [ 28.4566174, 77.0543007 ], [ 28.456493, 77.0547039 ], [ 28.4563662, 77.0550109 ], [ 28.4562958, 77.0551578 ], [ 28.4562512, 77.0552352 ], [ 28.456209, 77.0552966 ], [ 28.4560531, 77.0555035 ], [ 28.4558991, 77.0557078 ], [ 28.4556104, 77.0560949 ], [ 28.455271, 77.0565782 ], [ 28.4532106, 77.0546704 ], [ 28.4511785, 77.0527466 ], [ 28.4499388, 77.0516307 ], [ 28.4491255, 77.0508709 ], [ 28.4486123, 77.0516054 ], [ 28.4483774, 77.0519417 ], [ 28.4481124, 77.0522955 ] ] ] } },
{ "type": "Feature", "id": 24, "properties": { "tessellate": -1, "extrude": 0, "visibility": -1, "objectid": 22.0, "townname": "Gurugram", "towncensuscode2011": "800429", "town_lgd_code": 248576.0, "ward_lgd_code": 64225.0, "ward_lgd_name": "Gurgaon (M Cl ) - Ward No.22", "state": "Haryana", "sourcewardcode": "22" }, "geometry": { "type": "Polygon", "coordinates": [ [ [ 28.4614572, 76.9962104 ], [ 28.4609726, 76.9958015 ], [ 28.4601155, 76.995024 ], [ 28.459035, 76.9940431 ], [ 28.4586046, 76.9947122 ], [ 28.4582738, 76.9944292 ], [ 28.4579433, 76.9949819 ], [ 28.4573089, 76.9944321 ], [ 28.4571942, 76.9982346 ], [ 28.4581304, 76.9992255 ], [ 28.4581836, 76.9992817 ], [ 28.4574742, 77.0002975 ], [ 28.4574139, 77.0003839 ], [ 28.4573065, 77.000358 ], [ 28.4571438, 77.0003188 ], [ 28.4569506, 77.0079585 ], [ 28.4578461, 77.0075678 ], [ 28.4579846, 77.0077129 ], [ 28.4586152, 77.0073742 ], [ 28.4586028, 77.0071099 ], [ 28.4590891, 77.0064138 ], [ 28.4593516, 77.0067329 ], [ 28.459735, 77.0063278 ], [ 28.4600139, 77.0066129 ], [ 28.4598615, 77.0067765 ], [ 28.4600277, 77.0069933 ], [ 28.4599455, 77.0071915 ], [ 28.4600871, 77.0072879 ], [ 28.4599142, 77.0076339 ], [ 28.460299, 77.0079908 ], [ 28.4601726, 77.0081323 ], [ 28.4602324, 77.0082753 ], [ 28.4604102, 77.0084686 ], [ 28.4604414, 77.0086981 ], [ 28.460464, 77.0087525 ], [ 28.4605734, 77.0088615 ], [ 28.4602082, 77.009219 ], [ 28.4602022, 77.0092249 ], [ 28.4601048, 77.0093203 ], [ 28.459986, 77.0094181 ], [ 28.4597349, 77.0096478 ], [ 28.4596241, 77.0097733 ], [ 28.4595967, 77.0098141 ], [ 28.4595661, 77.0098599 ], [ 28.4593713, 77.0102046 ], [ 28.4591989, 77.0105096 ], [ 28.4591027, 77.0106798 ], [ 28.4590468, 77.0106554 ], [ 28.4590308, 77.0106902 ], [ 28.4588598, 77.0110107 ], [ 28.4586976, 77.0109149 ], [ 28.4585143, 77.0107802 ], [ 28.458471, 77.0107464 ], [ 28.457885, 77.0102886 ], [ 28.457883, 77.0102433 ], [ 28.4578634, 77.009793 ], [ 28.4578584, 77.0095622 ], [ 28.4576339, 77.0090022 ], [ 28.4575022, 77.0090726 ], [ 28.4572694, 77.0091969 ], [ 28.4570068, 77.0097684 ], [ 28.4568631, 77.0096964 ], [ 28.4560842, 77.0093489 ], [ 28.4563579, 77.0088008 ], [ 28.4565291, 77.0084559 ], [ 28.4561884, 77.0082822 ], [ 28.4559259, 77.0087496 ], [ 28.4556648, 77.0090189 ], [ 28.4553456, 77.0085284 ], [ 28.4546356, 77.0088978 ], [ 28.4544814, 77.0089616 ], [ 28.4543905, 77.0088709 ], [ 28.4538659, 77.0089454 ], [ 28.4534688, 77.0091763 ], [ 28.4529331, 77.009467 ], [ 28.4528849, 77.0092975 ], [ 28.4527571, 77.0094535 ], [ 28.4524227, 77.0098616 ], [ 28.4522305, 77.0100784 ], [ 28.4521548, 77.0101492 ], [ 28.4519491, 77.0103062 ], [ 28.4517726, 77.0104173 ], [ 28.4515886, 77.0105675 ], [ 28.4514766, 77.0107146 ], [ 28.4511304, 77.0105754 ], [ 28.4507176, 77.0105515 ], [ 28.450723, 77.009863 ], [ 28.4503433, 77.0098442 ], [ 28.4503554, 77.009221 ], [ 28.4504087, 77.0092198 ], [ 28.4504053, 77.0082096 ], [ 28.4503821, 77.0082089 ], [ 28.4499889, 77.0081967 ], [ 28.4499902, 77.0077817 ], [ 28.4499212, 77.0077806 ], [ 28.4496708, 77.0077768 ], [ 28.4492211, 77.0077745 ], [ 28.4492413, 77.0070043 ], [ 28.4486846, 77.0069267 ], [ 28.4492311, 77.0059269 ], [ 28.4488571, 77.005488 ], [ 28.4490218, 77.0052382 ], [ 28.44921, 77.0052516 ], [ 28.4495159, 77.0052561 ], [ 28.449869, 77.0046254 ], [ 28.449889, 77.0042515 ], [ 28.4499275, 77.004251 ], [ 28.4499692, 77.0037395 ], [ 28.4491645, 77.0037048 ], [ 28.4491687, 77.0033952 ], [ 28.4486543, 77.0033238 ], [ 28.4486718, 77.0025817 ], [ 28.4487095, 77.0023533 ], [ 28.4477637, 77.0023195 ], [ 28.4477798, 77.0016245 ], [ 28.4477959, 77.0009261 ], [ 28.448855, 77.0009404 ], [ 28.4492477, 77.0009542 ], [ 28.4492517, 77.0004556 ], [ 28.4494033, 77.0004492 ], [ 28.4496682, 77.000438 ], [ 28.4492792, 76.9995531 ], [ 28.4486668, 76.998086 ], [ 28.4480795, 76.9966873 ], [ 28.4474822, 76.9952772 ], [ 28.4468924, 76.9938386 ], [ 28.4465816, 76.9930769 ], [ 28.4462493, 76.9923621 ], [ 28.4459081, 76.9915058 ], [ 28.4449473, 76.9897218 ], [ 28.4445003, 76.98887 ], [ 28.4439865, 76.9877639 ], [ 28.4434061, 76.9864972 ], [ 28.4429748, 76.9855205 ], [ 28.4428414, 76.9852083 ], [ 28.4425541, 76.9844268 ], [ 28.4423721, 76.9837961 ], [ 28.4429051, 76.9834612 ], [ 28.4437371, 76.9830199 ], [ 28.445004, 76.9823713 ], [ 28.4467756, 76.9814569 ], [ 28.4470093, 76.9813665 ], [ 28.4471262, 76.9813665 ], [ 28.4473621, 76.981396 ], [ 28.4476357, 76.9814303 ], [ 28.4480003, 76.9814516 ], [ 28.4484818, 76.9813718 ], [ 28.4485613, 76.9813293 ], [ 28.4485212, 76.9807254 ], [ 28.4493027, 76.9806734 ], [ 28.4494294, 76.9807965 ], [ 28.4503916, 76.9787096 ], [ 28.4512953, 76.9795797 ], [ 28.4528988, 76.9811238 ], [ 28.453536, 76.9855294 ], [ 28.453849, 76.9886921 ], [ 28.4545352, 76.9928835 ], [ 28.4546629, 76.9934389 ], [ 28.4546961, 76.9933983 ], [ 28.4547457, 76.9933252 ], [ 28.4553934, 76.9920713 ], [ 28.4555141, 76.9918436 ], [ 28.4556345, 76.9916161 ], [ 28.4557877, 76.9913889 ], [ 28.455985, 76.9911688 ], [ 28.4562447, 76.9909611 ], [ 28.456643, 76.9906865 ], [ 28.4568462, 76.9905722 ], [ 28.4569946, 76.9904886 ], [ 28.4571376, 76.9904279 ], [ 28.4571882, 76.9904064 ], [ 28.4572825, 76.9903869 ], [ 28.4575117, 76.9903507 ], [ 28.4577114, 76.9903451 ], [ 28.4577592, 76.9903521 ], [ 28.457798, 76.99037 ], [ 28.4580918, 76.9905056 ], [ 28.4582035, 76.9905598 ], [ 28.4586217, 76.9907627 ], [ 28.4584085, 76.9912149 ], [ 28.4583908, 76.9912526 ], [ 28.4590037, 76.9917084 ], [ 28.4587337, 76.9921383 ], [ 28.4588871, 76.9922773 ], [ 28.4590691, 76.9919677 ], [ 28.4600603, 76.992829 ], [ 28.4604231, 76.993155 ], [ 28.4609595, 76.9921741 ], [ 28.4610205, 76.9922396 ], [ 28.4620795, 76.9933772 ], [ 28.4614248, 76.9941927 ], [ 28.4623333, 76.9949702 ], [ 28.4621364, 76.995249 ], [ 28.4614572, 76.9962104 ] ] ] } },
{ "type": "Feature", "id": 25, "properties": { "tessellate": -1, "extrude": 0, "visibility": -1, "objectid": 23.0, "townname": "Gurugram", "towncensuscode2011": "800429", "town_lgd_code": 248576.0, "ward_lgd_code": 64226.0, "ward_lgd_name": "Gurgaon (M Cl ) - Ward No.23", "state": "Haryana", "sourcewardcode": "23" }, "geometry": { "type": "Polygon", "coordinates": [ [ [ 28.4416858, 77.0133121 ], [ 28.44135, 77.0135897 ], [ 28.4413865, 77.0136323 ], [ 28.4410346, 77.0139414 ], [ 28.4409175, 77.0140324 ], [ 28.4406829, 77.014209 ], [ 28.4392373, 77.0130298 ], [ 28.4384923, 77.0124856 ], [ 28.4374534, 77.0116863 ], [ 28.4358489, 77.0103409 ], [ 28.4357574, 77.0102638 ], [ 28.4354098, 77.0099618 ], [ 28.4345433, 77.0092211 ], [ 28.4333695, 77.0082138 ], [ 28.4331644, 77.0080115 ], [ 28.4323469, 77.0072051 ], [ 28.4319973, 77.0068804 ], [ 28.4309144, 77.0059892 ], [ 28.4292669, 77.0046206 ], [ 28.4286711, 77.0041113 ], [ 28.4266626, 77.002429 ], [ 28.4254232, 77.0013818 ], [ 28.4245707, 77.0006353 ], [ 28.4243262, 77.0004426 ], [ 28.4243688, 77.0003197 ], [ 28.4250156, 76.9985779 ], [ 28.4250323, 76.9985334 ], [ 28.4253959, 76.997532 ], [ 28.425819, 76.9966974 ], [ 28.4267232, 76.9951237 ], [ 28.4273532, 76.9944619 ], [ 28.4277841, 76.9934205 ], [ 28.427811, 76.9933596 ], [ 28.4278777, 76.9932415 ], [ 28.428105, 76.9929407 ], [ 28.4287659, 76.9917379 ], [ 28.4288926, 76.9915127 ], [ 28.4296175, 76.9901351 ], [ 28.4300763, 76.9892119 ], [ 28.430525, 76.9883549 ], [ 28.4317195, 76.9894886 ], [ 28.4322234, 76.9899387 ], [ 28.4328621, 76.9904749 ], [ 28.4343593, 76.9915956 ], [ 28.4346634, 76.9918452 ], [ 28.4358307, 76.9898523 ], [ 28.4358795, 76.9897699 ], [ 28.4374015, 76.9872011 ], [ 28.4377788, 76.9874421 ], [ 28.4390833, 76.9882756 ], [ 28.4391158, 76.9877893 ], [ 28.4393989, 76.9877943 ], [ 28.4407219, 76.9878176 ], [ 28.440719, 76.9871613 ], [ 28.4407546, 76.9871668 ], [ 28.4407807, 76.9862444 ], [ 28.4407706, 76.9846754 ], [ 28.4407687, 76.9843765 ], [ 28.4415738, 76.9844017 ], [ 28.4425541, 76.9844268 ], [ 28.4428414, 76.9852083 ], [ 28.4429748, 76.9855205 ], [ 28.4434061, 76.9864972 ], [ 28.4439865, 76.9877639 ], [ 28.4445003, 76.98887 ], [ 28.4449473, 76.9897218 ], [ 28.4459081, 76.9915058 ], [ 28.4462493, 76.9923621 ], [ 28.4465816, 76.9930769 ], [ 28.4468924, 76.9938386 ], [ 28.4474822, 76.9952772 ], [ 28.4480795, 76.9966873 ], [ 28.4486668, 76.998086 ], [ 28.4492792, 76.9995531 ], [ 28.4496682, 77.000438 ], [ 28.4494033, 77.0004492 ], [ 28.4492517, 77.0004556 ], [ 28.4492477, 77.0009542 ], [ 28.448855, 77.0009404 ], [ 28.4477959, 77.0009261 ], [ 28.4477798, 77.0016245 ], [ 28.4477637, 77.0023195 ], [ 28.4487095, 77.0023533 ], [ 28.4486718, 77.0025817 ], [ 28.4486543, 77.0033238 ], [ 28.4491687, 77.0033952 ], [ 28.4491645, 77.0037048 ], [ 28.4499692, 77.0037395 ], [ 28.4499275, 77.004251 ], [ 28.449889, 77.0042515 ], [ 28.449869, 77.0046254 ], [ 28.4495159, 77.0052561 ], [ 28.44921, 77.0052516 ], [ 28.4490218, 77.0052382 ], [ 28.4488571, 77.005488 ], [ 28.4492311, 77.0059269 ], [ 28.4486846, 77.0069267 ], [ 28.4486735, 77.0069451 ], [ 28.4486521, 77.0069881 ], [ 28.4483426, 77.0076494 ], [ 28.4479753, 77.0084492 ], [ 28.4479608, 77.0084836 ], [ 28.4474513, 77.0084646 ], [ 28.4469565, 77.0084599 ], [ 28.4465073, 77.0084386 ], [ 28.4456964, 77.0084379 ], [ 28.4452879, 77.0084197 ], [ 28.4449078, 77.0084386 ], [ 28.4449341, 77.0095467 ], [ 28.4445923, 77.0093534 ], [ 28.4432734, 77.0086301 ], [ 28.4432198, 77.0086018 ], [ 28.4432943, 77.0095546 ], [ 28.4434019, 77.0106734 ], [ 28.4434412, 77.0110826 ], [ 28.4434673, 77.0114066 ], [ 28.4435068, 77.0119671 ], [ 28.4429079, 77.0123454 ], [ 28.4428081, 77.012477 ], [ 28.442737, 77.0137078 ], [ 28.4420454, 77.0136613 ], [ 28.44202, 77.0136319 ], [ 28.4418097, 77.0134366 ], [ 28.4416858, 77.0133121 ] ] ] } },
{ "type": "Feature", "id": 26, "properties": { "tessellate": -1, "extrude": 0, "visibility": -1, "objectid": 24.0, "townname": "Gurugram", "towncensuscode2011": "800429", "town_lgd_code": 248576.0, "ward_lgd_code": 64227.0, "ward_lgd_name": "Gurgaon (M Cl ) - Ward No.24", "state": "Haryana", "sourcewardcode": "24" }, "geometry": { "type": "Polygon", "coordinates": [ [ [ 28.452009, 76.9577495 ], [ 28.4516809, 76.9580781 ], [ 28.4517343, 76.9594167 ], [ 28.4517998, 76.9602763 ], [ 28.4518237, 76.9603173 ], [ 28.4513099, 76.9613799 ], [ 28.4512315, 76.9617491 ], [ 28.4487008, 76.964077 ], [ 28.4481297, 76.9648153 ], [ 28.4463918, 76.9672778 ], [ 28.445901, 76.9682485 ], [ 28.4447608, 76.9706187 ], [ 28.4446868, 76.9707168 ], [ 28.4446129, 76.9708103 ], [ 28.4445225, 76.9709178 ], [ 28.4443006, 76.9713663 ], [ 28.444013, 76.9718663 ], [ 28.4439555, 76.9720111 ], [ 28.4439185, 76.9721467 ], [ 28.4439062, 76.9723289 ], [ 28.4438774, 76.9724878 ], [ 28.4438117, 76.97267 ], [ 28.4427697, 76.9749927 ], [ 28.4462735, 76.977911 ], [ 28.4478142, 76.9794038 ], [ 28.4478996, 76.9793097 ], [ 28.4493027, 76.9806734 ], [ 28.4485212, 76.9807254 ], [ 28.4485613, 76.9813293 ], [ 28.4484818, 76.9813718 ], [ 28.4480003, 76.9814516 ], [ 28.4476357, 76.9814303 ], [ 28.4473621, 76.981396 ], [ 28.4471262, 76.9813665 ], [ 28.4470093, 76.9813665 ], [ 28.4467756, 76.9814569 ], [ 28.445004, 76.9823713 ], [ 28.4437371, 76.9830199 ], [ 28.4429051, 76.9834612 ], [ 28.4423721, 76.9837961 ], [ 28.4425541, 76.9844268 ], [ 28.4415738, 76.9844017 ], [ 28.4407687, 76.9843765 ], [ 28.4407706, 76.9846754 ], [ 28.4407807, 76.9862444 ], [ 28.4407546, 76.9871668 ], [ 28.440719, 76.9871613 ], [ 28.4407219, 76.9878176 ], [ 28.4393989, 76.9877943 ], [ 28.4391158, 76.9877893 ], [ 28.4390833, 76.9882756 ], [ 28.4377788, 76.9874421 ], [ 28.4374015, 76.9872011 ], [ 28.4358795, 76.9897699 ], [ 28.4358307, 76.9898523 ], [ 28.4346634, 76.9918452 ], [ 28.4343593, 76.9915956 ], [ 28.4328621, 76.9904749 ], [ 28.4322234, 76.9899387 ], [ 28.4317195, 76.9894886 ], [ 28.430525, 76.9883549 ], [ 28.4300763, 76.9892119 ], [ 28.4296175, 76.9901351 ], [ 28.4288926, 76.9915127 ], [ 28.4287659, 76.9917379 ], [ 28.428105, 76.9929407 ], [ 28.4278777, 76.9932415 ], [ 28.427811, 76.9933596 ], [ 28.4277841, 76.9934205 ], [ 28.4273532, 76.9944619 ], [ 28.4267232, 76.9951237 ], [ 28.425819, 76.9966974 ], [ 28.4253959, 76.997532 ], [ 28.4250323, 76.9985334 ], [ 28.4250156, 76.9985779 ], [ 28.4243688, 77.0003197 ], [ 28.4243262, 77.0004426 ], [ 28.4240663, 77.000234 ], [ 28.4238751, 77.0000985 ], [ 28.4229595, 76.9995691 ], [ 28.4216734, 76.9988708 ], [ 28.4192703, 76.997566 ], [ 28.4178197, 76.9967805 ], [ 28.4154484, 76.9954881 ], [ 28.4130672, 76.9942069 ], [ 28.4103382, 76.992714 ], [ 28.4084665, 76.9916834 ], [ 28.4069479, 76.990857 ], [ 28.4057589, 76.99021 ], [ 28.4043261, 76.9894552 ], [ 28.4031354, 76.9888146 ], [ 28.4025084, 76.9884583 ], [ 28.4023704, 76.9883798 ], [ 28.402245, 76.9882871 ], [ 28.4021101, 76.9881873 ], [ 28.4017871, 76.9879484 ], [ 28.4015362, 76.9877452 ], [ 28.4008871, 76.9871035 ], [ 28.4000153, 76.9862443 ], [ 28.3992783, 76.985517 ], [ 28.3983343, 76.9846115 ], [ 28.3972241, 76.9835027 ], [ 28.3963021, 76.9825508 ], [ 28.3945019, 76.980786 ], [ 28.3938621, 76.9801978 ], [ 28.3934293, 76.9797985 ], [ 28.3927456, 76.9792031 ], [ 28.3918893, 76.9783796 ], [ 28.3912351, 76.9777347 ], [ 28.3909229, 76.977443 ], [ 28.3909537, 76.9773832 ], [ 28.3918255, 76.9759268 ], [ 28.3921215, 76.9754128 ], [ 28.3928371, 76.9741708 ], [ 28.3930176, 76.9738802 ], [ 28.3933883, 76.9733579 ], [ 28.3937241, 76.9729569 ], [ 28.3942322, 76.972383 ], [ 28.3942792, 76.9723223 ], [ 28.3945865, 76.9717093 ], [ 28.3941708, 76.971306 ], [ 28.3938631, 76.9710075 ], [ 28.3937505, 76.9711367 ], [ 28.3936026, 76.9713065 ], [ 28.3932185, 76.9709058 ], [ 28.3931291, 76.9710075 ], [ 28.3924267, 76.970218 ], [ 28.3916634, 76.9696189 ], [ 28.3912678, 76.9692534 ], [ 28.3913048, 76.9691826 ], [ 28.3906987, 76.9684668 ], [ 28.3916858, 76.9675254 ], [ 28.3924037, 76.9668252 ], [ 28.3929025, 76.9663386 ], [ 28.3925482, 76.9656645 ], [ 28.3924997, 76.9655723 ], [ 28.3925655, 76.9655256 ], [ 28.392709, 76.9654236 ], [ 28.3926462, 76.9651808 ], [ 28.3929214, 76.9647921 ], [ 28.3931535, 76.9641356 ], [ 28.3932042, 76.9641906 ], [ 28.3932522, 76.9642262 ], [ 28.3932996, 76.9642445 ], [ 28.3933922, 76.964249 ], [ 28.3937578, 76.964252 ], [ 28.3942971, 76.9639679 ], [ 28.3941998, 76.9633548 ], [ 28.3941288, 76.9633489 ], [ 28.3941376, 76.9621712 ], [ 28.3941476, 76.9617628 ], [ 28.394529, 76.9611558 ], [ 28.3946855, 76.960892 ], [ 28.3949118, 76.9610939 ], [ 28.3952126, 76.9613623 ], [ 28.3958472, 76.9618048 ], [ 28.3959783, 76.961877 ], [ 28.3960593, 76.9619187 ], [ 28.3961281, 76.9619464 ], [ 28.3965376, 76.9620686 ], [ 28.3972666, 76.9624915 ], [ 28.3973104, 76.9625126 ], [ 28.3973592, 76.9625298 ], [ 28.3974148, 76.9625432 ], [ 28.3974754, 76.9625432 ], [ 28.3975629, 76.9625394 ], [ 28.3976438, 76.9625279 ], [ 28.3977044, 76.9625164 ], [ 28.3977515, 76.9624973 ], [ 28.397896, 76.9623296 ], [ 28.3980485, 76.9621527 ], [ 28.3984968, 76.9613809 ], [ 28.3989021, 76.9614709 ], [ 28.3991873, 76.9615805 ], [ 28.4023514, 76.9618419 ], [ 28.4040651, 76.9614706 ], [ 28.4051557, 76.9614733 ], [ 28.4054453, 76.9615518 ], [ 28.405944, 76.9615069 ], [ 28.4060764, 76.9615034 ], [ 28.4068446, 76.9614977 ], [ 28.4068528, 76.9614043 ], [ 28.4068683, 76.9610383 ], [ 28.4068815, 76.9607268 ], [ 28.407273, 76.9607483 ], [ 28.407604, 76.9607665 ], [ 28.4090217, 76.9609067 ], [ 28.410436, 76.9614522 ], [ 28.4110882, 76.9617659 ], [ 28.4123676, 76.9624861 ], [ 28.4144342, 76.963825 ], [ 28.4156395, 76.9649113 ], [ 28.4158159, 76.965045 ], [ 28.4162662, 76.9644461 ], [ 28.4179001, 76.9622731 ], [ 28.4185423, 76.9616087 ], [ 28.4188762, 76.961105 ], [ 28.4201154, 76.9600171 ], [ 28.4212516, 76.9588654 ], [ 28.4215154, 76.9586207 ], [ 28.4221632, 76.9580821 ], [ 28.4222902, 76.9579026 ], [ 28.4223432, 76.9578278 ], [ 28.4225188, 76.9575426 ], [ 28.4226117, 76.9573763 ], [ 28.4227434, 76.9570623 ], [ 28.4229182, 76.9565986 ], [ 28.4230969, 76.9559474 ], [ 28.4231153, 76.9558697 ], [ 28.4231337, 76.9557321 ], [ 28.4232258, 76.9547722 ], [ 28.4234966, 76.9543037 ], [ 28.4237449, 76.9537094 ], [ 28.4245638, 76.9521677 ], [ 28.424731, 76.9518888 ], [ 28.4248759, 76.9515592 ], [ 28.4250376, 76.9507733 ], [ 28.4251466, 76.9497469 ], [ 28.4253421, 76.9491158 ], [ 28.425508, 76.9485376 ], [ 28.4257352, 76.9477332 ], [ 28.4259411, 76.9472429 ], [ 28.4263468, 76.9462243 ], [ 28.4264599, 76.9459615 ], [ 28.4266354, 76.9455372 ], [ 28.4269184, 76.944853 ], [ 28.4271481, 76.9445988 ], [ 28.4273372, 76.9442905 ], [ 28.4280722, 76.9435439 ], [ 28.4280857, 76.943496 ], [ 28.428089, 76.9434386 ], [ 28.4280857, 76.9433659 ], [ 28.4280789, 76.9433372 ], [ 28.4280571, 76.94323 ], [ 28.4280251, 76.9430807 ], [ 28.4279729, 76.9428816 ], [ 28.4276817, 76.9421984 ], [ 28.4272985, 76.9413086 ], [ 28.4272711, 76.9409867 ], [ 28.4272209, 76.9401949 ], [ 28.4272163, 76.9400884 ], [ 28.4273764, 76.9386521 ], [ 28.4276404, 76.9368876 ], [ 28.4276762, 76.936507 ], [ 28.4277686, 76.9356338 ], [ 28.4278194, 76.9353203 ], [ 28.4279322, 76.9348292 ], [ 28.4280458, 76.9343787 ], [ 28.428125, 76.9341348 ], [ 28.4282623, 76.9337372 ], [ 28.4283088, 76.9336246 ], [ 28.4284459, 76.9333427 ], [ 28.4285762, 76.9330877 ], [ 28.4287143, 76.9328488 ], [ 28.4289161, 76.9325403 ], [ 28.4293192, 76.9319915 ], [ 28.4302579, 76.9307561 ], [ 28.4305191, 76.9304177 ], [ 28.4309365, 76.9298904 ], [ 28.4310934, 76.9297241 ], [ 28.4319745, 76.9288601 ], [ 28.4326487, 76.9282151 ], [ 28.4337652, 76.9297728 ], [ 28.4343894, 76.930799 ], [ 28.435299, 76.9321336 ], [ 28.4358875, 76.9330179 ], [ 28.4360552, 76.9332247 ], [ 28.4361541, 76.9333314 ], [ 28.436065, 76.9334327 ], [ 28.4362382, 76.9336178 ], [ 28.4363841, 76.9337738 ], [ 28.4365142, 76.9339092 ], [ 28.4368389, 76.9343355 ], [ 28.4372361, 76.9348054 ], [ 28.4374735, 76.9350884 ], [ 28.4378182, 76.9355349 ], [ 28.438083, 76.9358672 ], [ 28.4387838, 76.9368018 ], [ 28.4388157, 76.9368464 ], [ 28.4391045, 76.9372184 ], [ 28.4395252, 76.9376576 ], [ 28.4400801, 76.9382916 ], [ 28.4404535, 76.9387761 ], [ 28.4407427, 76.9392097 ], [ 28.4418804, 76.9415956 ], [ 28.4419236, 76.9416747 ], [ 28.4428844, 76.9423923 ], [ 28.4431644, 76.9423859 ], [ 28.4432763, 76.9423834 ], [ 28.4435411, 76.94236 ], [ 28.4435639, 76.9427961 ], [ 28.4437831, 76.9433828 ], [ 28.4446276, 76.9442344 ], [ 28.4450545, 76.9447224 ], [ 28.4454745, 76.9455973 ], [ 28.4460885, 76.9468174 ], [ 28.4465998, 76.9478559 ], [ 28.4474189, 76.9489878 ], [ 28.4476186, 76.9493244 ], [ 28.4479004, 76.9499451 ], [ 28.4483212, 76.9512147 ], [ 28.4489097, 76.9522775 ], [ 28.4494589, 76.9534822 ], [ 28.4497728, 76.9540379 ], [ 28.4498013, 76.9541758 ], [ 28.4498227, 76.954334 ], [ 28.4498513, 76.954472 ], [ 28.4498762, 76.9545571 ], [ 28.450133, 76.9551129 ], [ 28.4510888, 76.956415 ], [ 28.451556, 76.9570964 ], [ 28.452009, 76.9577495 ] ] ] } },
{ "type": "Feature", "id": 27, "properties": { "tessellate": -1, "extrude": 0, "visibility": -1, "objectid": 25.0, "townname": "Gurugram", "towncensuscode2011": "800429", "town_lgd_code": 248576.0, "ward_lgd_code": 64230.0, "ward_lgd_name": "Gurgaon (M Cl ) - Ward No.27", "state": "Haryana", "sourcewardcode": "27" }, "geometry": { "type": "Polygon", "coordinates": [ [ [ 28.4455686, 77.0335233 ], [ 28.4455656, 77.033754 ], [ 28.4455671, 77.0339795 ], [ 28.4455791, 77.0341675 ], [ 28.4455942, 77.0343145 ], [ 28.4456167, 77.0344836 ], [ 28.4456453, 77.0346596 ], [ 28.4456933, 77.0349023 ], [ 28.4457294, 77.0350561 ], [ 28.445797, 77.0352868 ], [ 28.4458466, 77.0354389 ], [ 28.4459307, 77.0356576 ], [ 28.4460374, 77.0358985 ], [ 28.4452572, 77.0363036 ], [ 28.4442854, 77.0368036 ], [ 28.4441588, 77.036882 ], [ 28.4439438, 77.0370278 ], [ 28.4438146, 77.0371234 ], [ 28.4437524, 77.0371761 ], [ 28.4436951, 77.0372232 ], [ 28.4436415, 77.0372814 ], [ 28.4435647, 77.0373702 ], [ 28.443494, 77.0374617 ], [ 28.4430181, 77.0381067 ], [ 28.4421812, 77.0391725 ], [ 28.4412283, 77.040462 ], [ 28.4410987, 77.0406375 ], [ 28.4394676, 77.0427989 ], [ 28.4376209, 77.04525 ], [ 28.4359358, 77.047506 ], [ 28.4346113, 77.0492593 ], [ 28.434309, 77.0489768 ], [ 28.4333624, 77.0480425 ], [ 28.4317984, 77.0465368 ], [ 28.4307769, 77.0455567 ], [ 28.4306441, 77.0453903 ], [ 28.4305225, 77.04519 ], [ 28.4304896, 77.0451172 ], [ 28.4304831, 77.0450966 ], [ 28.4304249, 77.0448823 ], [ 28.4297593, 77.0419388 ], [ 28.4291918, 77.0394618 ], [ 28.4286401, 77.0370531 ], [ 28.4286371, 77.0370398 ], [ 28.4281469, 77.0348386 ], [ 28.4275738, 77.0325101 ], [ 28.4268549, 77.0295111 ], [ 28.4263919, 77.0276596 ], [ 28.426291, 77.027239 ], [ 28.4262462, 77.0269061 ], [ 28.4262413, 77.0267223 ], [ 28.4262413, 77.0267036 ], [ 28.4262589, 77.0256245 ], [ 28.4262706, 77.0249411 ], [ 28.4262779, 77.0247865 ], [ 28.4262925, 77.0246551 ], [ 28.4262978, 77.0246249 ], [ 28.4263146, 77.0245512 ], [ 28.4263437, 77.0244705 ], [ 28.4263992, 77.0243442 ], [ 28.4266247, 77.0239085 ], [ 28.4267067, 77.0237643 ], [ 28.427324, 77.0226341 ], [ 28.4274218, 77.022455 ], [ 28.4275205, 77.0222814 ], [ 28.4276056, 77.0221645 ], [ 28.4276942, 77.0220532 ], [ 28.4278015, 77.0219354 ], [ 28.4279417, 77.0217967 ], [ 28.4281242, 77.0216299 ], [ 28.4285335, 77.0213094 ], [ 28.4286084, 77.0212384 ], [ 28.4286582, 77.0211822 ], [ 28.4286746, 77.0211619 ], [ 28.4287485, 77.0210583 ], [ 28.4293129, 77.0201991 ], [ 28.4302044, 77.0188733 ], [ 28.4318161, 77.0164334 ], [ 28.4337783, 77.0134462 ], [ 28.4345783, 77.0122464 ], [ 28.4350393, 77.0115551 ], [ 28.43541, 77.0109991 ], [ 28.4358489, 77.0103409 ], [ 28.4374534, 77.0116863 ], [ 28.4384923, 77.0124856 ], [ 28.4392373, 77.0130298 ], [ 28.4406829, 77.014209 ], [ 28.4422549, 77.0155584 ], [ 28.4436139, 77.0166973 ], [ 28.4442046, 77.0171929 ], [ 28.4443257, 77.0172908 ], [ 28.4458548, 77.0185519 ], [ 28.4463453, 77.0189661 ], [ 28.4468923, 77.0194321 ], [ 28.4470751, 77.0196058 ], [ 28.4471705, 77.0196993 ], [ 28.4472594, 77.019797 ], [ 28.4473732, 77.0199289 ], [ 28.4475083, 77.0201034 ], [ 28.4476434, 77.020308 ], [ 28.4477439, 77.0204725 ], [ 28.4478577, 77.0206863 ], [ 28.4479488, 77.02088 ], [ 28.448009, 77.021022 ], [ 28.4480185, 77.0210479 ], [ 28.4480264, 77.0210656 ], [ 28.4481554, 77.0214437 ], [ 28.4481829, 77.0215651 ], [ 28.4482552, 77.0218834 ], [ 28.4482907, 77.0221144 ], [ 28.448324, 77.0224523 ], [ 28.4483252, 77.0227185 ], [ 28.4483011, 77.0231138 ], [ 28.448277, 77.023333 ], [ 28.4481952, 77.0237783 ], [ 28.4481424, 77.0239975 ], [ 28.447991, 77.0244926 ], [ 28.4478151, 77.0251132 ], [ 28.4476323, 77.0257586 ], [ 28.4466152, 77.0293483 ], [ 28.4463989, 77.0300844 ], [ 28.4457504, 77.0323784 ], [ 28.4456663, 77.0327048 ], [ 28.4456167, 77.0330038 ], [ 28.4455882, 77.0332841 ], [ 28.4455686, 77.0335233 ] ] ] } },
{ "type": "Feature", "id": 28, "properties": { "tessellate": -1, "extrude": 0, "visibility": -1, "objectid": 29.0, "townname": "Gurugram", "towncensuscode2011": "800429", "town_lgd_code": 248576.0, "ward_lgd_code": 64232.0, "ward_lgd_name": "Gurgaon (M Cl ) - Ward No.29", "state": "Haryana", "sourcewardcode": "29" }, "geometry": { "type": "Polygon", "coordinates": [ [ [ 28.450363, 77.0770675 ], [ 28.4494518, 77.0777226 ], [ 28.4487729, 77.0782059 ], [ 28.4483795, 77.0784777 ], [ 28.4481488, 77.0786552 ], [ 28.4479513, 77.0788307 ], [ 28.4476774, 77.0790875 ], [ 28.4473082, 77.0794803 ], [ 28.4469003, 77.0787246 ], [ 28.4463427, 77.0777425 ], [ 28.4463018, 77.0776636 ], [ 28.4460204, 77.0771533 ], [ 28.4459706, 77.0770249 ], [ 28.4459541, 77.0769824 ], [ 28.4459248, 77.0769068 ], [ 28.4459142, 77.0768488 ], [ 28.4459025, 77.0767824 ], [ 28.4458961, 77.0767014 ], [ 28.4459036, 77.0765939 ], [ 28.4459358, 77.0763254 ], [ 28.4459432, 77.0762421 ], [ 28.4459515, 77.0760125 ], [ 28.4459509, 77.075975 ], [ 28.4459471, 77.0759385 ], [ 28.4459395, 77.0758997 ], [ 28.4459254, 77.0758597 ], [ 28.4458982, 77.0758099 ], [ 28.4458739, 77.0757765 ], [ 28.4457909, 77.0756865 ], [ 28.4440755, 77.0740136 ], [ 28.4384727, 77.0685743 ], [ 28.4381482, 77.0682579 ], [ 28.4376382, 77.0678362 ], [ 28.4369058, 77.0672668 ], [ 28.4373323, 77.0667185 ], [ 28.4392805, 77.064177 ], [ 28.4400218, 77.063196 ], [ 28.4401506, 77.0630271 ], [ 28.4409153, 77.0620244 ], [ 28.4415517, 77.0626292 ], [ 28.4418104, 77.0623006 ], [ 28.4424038, 77.0628454 ], [ 28.4427433, 77.0624015 ], [ 28.4431944, 77.0628049 ], [ 28.4434267, 77.0624939 ], [ 28.4439407, 77.0629435 ], [ 28.4442363, 77.0625199 ], [ 28.4444034, 77.0622927 ], [ 28.4454721, 77.0634069 ], [ 28.4461109, 77.0635408 ], [ 28.4465231, 77.0638833 ], [ 28.4475584, 77.0644867 ], [ 28.4490277, 77.065481 ], [ 28.4499649, 77.0640639 ], [ 28.4438679, 77.0582278 ], [ 28.4439351, 77.0581371 ], [ 28.444771, 77.0570497 ], [ 28.4448189, 77.0569875 ], [ 28.4449546, 77.0568568 ], [ 28.4450583, 77.0567678 ], [ 28.4451477, 77.0567133 ], [ 28.4453313, 77.0565935 ], [ 28.4456729, 77.0563829 ], [ 28.4457895, 77.0563012 ], [ 28.4458948, 77.0562104 ], [ 28.445965, 77.0561405 ], [ 28.4460559, 77.0560312 ], [ 28.4461489, 77.0558976 ], [ 28.4462051, 77.055814 ], [ 28.446246, 77.0557291 ], [ 28.4462736, 77.055678 ], [ 28.4462981, 77.0555978 ], [ 28.446341, 77.0554177 ], [ 28.4464041, 77.0551556 ], [ 28.4465238, 77.0545673 ], [ 28.4466036, 77.0541461 ], [ 28.4466802, 77.0537492 ], [ 28.4466904, 77.0536771 ], [ 28.4466955, 77.0536295 ], [ 28.4466971, 77.0535678 ], [ 28.4466977, 77.0535419 ], [ 28.4466894, 77.0534973 ], [ 28.4466789, 77.05347 ], [ 28.4466623, 77.0534399 ], [ 28.4464111, 77.0531523 ], [ 28.4466395, 77.0531277 ], [ 28.4466083, 77.0523372 ], [ 28.4481124, 77.0522955 ], [ 28.4483774, 77.0519417 ], [ 28.4486123, 77.0516054 ], [ 28.4491255, 77.0508709 ], [ 28.4499388, 77.0516307 ], [ 28.4511785, 77.0527466 ], [ 28.4532106, 77.0546704 ], [ 28.455271, 77.0565782 ], [ 28.4556104, 77.0560949 ], [ 28.4558991, 77.0557078 ], [ 28.4560531, 77.0555035 ], [ 28.456209, 77.0552966 ], [ 28.4562512, 77.0552352 ], [ 28.4562958, 77.0551578 ], [ 28.4563662, 77.0550109 ], [ 28.456493, 77.0547039 ], [ 28.4566174, 77.0543007 ], [ 28.4566761, 77.0541138 ], [ 28.4567353, 77.0539076 ], [ 28.456831, 77.0535745 ], [ 28.4569014, 77.0533635 ], [ 28.4569437, 77.0532808 ], [ 28.4570282, 77.0531446 ], [ 28.4574672, 77.0524931 ], [ 28.4581526, 77.0515639 ], [ 28.4590798, 77.0503064 ], [ 28.459748, 77.0494866 ], [ 28.4635562, 77.0531251 ], [ 28.4642585, 77.0537826 ], [ 28.4655052, 77.0549806 ], [ 28.4658043, 77.0552525 ], [ 28.4658202, 77.0552668 ], [ 28.4661191, 77.0555027 ], [ 28.4662456, 77.0555904 ], [ 28.4664319, 77.0557156 ], [ 28.4675872, 77.0564821 ], [ 28.4676521, 77.0565247 ], [ 28.4679847, 77.0567809 ], [ 28.4682457, 77.0570005 ], [ 28.4684256, 77.0572003 ], [ 28.4685533, 77.0573421 ], [ 28.4688144, 77.0576431 ], [ 28.4699659, 77.0590585 ], [ 28.4725938, 77.0623322 ], [ 28.4776219, 77.0687905 ], [ 28.4780824, 77.0714565 ], [ 28.4779178, 77.0714767 ], [ 28.4692195, 77.0728557 ], [ 28.4670273, 77.0732032 ], [ 28.4629106, 77.0738196 ], [ 28.4624352, 77.0738808 ], [ 28.4617604, 77.0739677 ], [ 28.4606833, 77.0740772 ], [ 28.4591245, 77.0741437 ], [ 28.4581773, 77.0741886 ], [ 28.4569193, 77.0741898 ], [ 28.4567803, 77.0741938 ], [ 28.4544243, 77.0743061 ], [ 28.4543109, 77.0743176 ], [ 28.4542656, 77.0743241 ], [ 28.4542339, 77.074334 ], [ 28.4541809, 77.0743575 ], [ 28.4540826, 77.0744114 ], [ 28.4539282, 77.0745114 ], [ 28.453318, 77.0749483 ], [ 28.4532536, 77.0749944 ], [ 28.4522004, 77.0757442 ], [ 28.4512643, 77.0764238 ], [ 28.450363, 77.0770675 ] ] ] } },
{ "type": "Feature", "id": 29, "properties": { "tessellate": -1, "extrude": 0, "visibility": -1, "objectid": 33.0, "townname": "Gurugram", "towncensuscode2011": "800429", "town_lgd_code": 248576.0, "ward_lgd_code": 64236.0, "ward_lgd_name": "Jharsa (OG) - Ward No.33", "state": "Haryana", "sourcewardcode": "33" }, "geometry": { "type": "Polygon", "coordinates": [ [ [ 28.4787904, 77.0800962 ], [ 28.4784348, 77.0805227 ], [ 28.4784449, 77.0806057 ], [ 28.4784844, 77.0811693 ], [ 28.4781095, 77.0814943 ], [ 28.4778167, 77.0817352 ], [ 28.4778755, 77.081832 ], [ 28.4781465, 77.0822344 ], [ 28.4785169, 77.0828251 ], [ 28.4786594, 77.0831114 ], [ 28.4788667, 77.0836337 ], [ 28.4790599, 77.0841128 ], [ 28.4789711, 77.0843475 ], [ 28.4788208, 77.0848257 ], [ 28.4788135, 77.0848491 ], [ 28.4789389, 77.0849036 ], [ 28.4788151, 77.0853002 ], [ 28.47869, 77.0857012 ], [ 28.4780673, 77.0854617 ], [ 28.4773549, 77.0851663 ], [ 28.4772093, 77.0855589 ], [ 28.4768325, 77.0854256 ], [ 28.4762961, 77.0852287 ], [ 28.4761238, 77.0858193 ], [ 28.4760917, 77.085811 ], [ 28.4756662, 77.0857004 ], [ 28.4749978, 77.0855265 ], [ 28.4749233, 77.0857948 ], [ 28.4753429, 77.0859119 ], [ 28.4756456, 77.0860096 ], [ 28.4761506, 77.0861792 ], [ 28.476212, 77.0861998 ], [ 28.4759771, 77.0870008 ], [ 28.475727, 77.0878539 ], [ 28.4756949, 77.0879517 ], [ 28.4756468, 77.0881201 ], [ 28.4756293, 77.0881164 ], [ 28.4756075, 77.0881117 ], [ 28.4755423, 77.0883234 ], [ 28.475384, 77.0882639 ], [ 28.4748869, 77.0892797 ], [ 28.4745877, 77.0899172 ], [ 28.4743281, 77.0905025 ], [ 28.4742901, 77.0904809 ], [ 28.4740194, 77.090335 ], [ 28.4739592, 77.0904881 ], [ 28.473649, 77.0903458 ], [ 28.4735223, 77.0906565 ], [ 28.4734857, 77.0907566 ], [ 28.473269, 77.0914822 ], [ 28.4731155, 77.0918929 ], [ 28.4734131, 77.0920441 ], [ 28.4740305, 77.0923953 ], [ 28.4738278, 77.0928654 ], [ 28.4735286, 77.0927267 ], [ 28.4728685, 77.0924313 ], [ 28.4727292, 77.0928167 ], [ 28.4724642, 77.093629 ], [ 28.4723916, 77.0936199 ], [ 28.4720928, 77.0928203 ], [ 28.4715545, 77.0912517 ], [ 28.4713378, 77.0906124 ], [ 28.4715051, 77.0901682 ], [ 28.4717841, 77.089539 ], [ 28.4720864, 77.0889483 ], [ 28.4719534, 77.0886998 ], [ 28.4717413, 77.0882603 ], [ 28.4716527, 77.0878947 ], [ 28.4717366, 77.0877074 ], [ 28.4715735, 77.0876408 ], [ 28.4708769, 77.0873779 ], [ 28.4703141, 77.0878932 ], [ 28.4702391, 77.0877714 ], [ 28.4701645, 77.0876808 ], [ 28.4700915, 77.0875977 ], [ 28.4699935, 77.0875298 ], [ 28.4697977, 77.0873995 ], [ 28.4695897, 77.0872942 ], [ 28.4693096, 77.087185 ], [ 28.4691566, 77.087126 ], [ 28.4690503, 77.0871083 ], [ 28.4689336, 77.0871083 ], [ 28.4688507, 77.0871172 ], [ 28.4687443, 77.0871408 ], [ 28.468638, 77.0872027 ], [ 28.4679614, 77.0877889 ], [ 28.4679704, 77.0854244 ], [ 28.4682408, 77.0855944 ], [ 28.4681962, 77.0861656 ], [ 28.4684955, 77.0863175 ], [ 28.4685481, 77.0863442 ], [ 28.4685386, 77.0863666 ], [ 28.4685326, 77.0863809 ], [ 28.4686771, 77.0865314 ], [ 28.4687576, 77.0866152 ], [ 28.4688005, 77.0866682 ], [ 28.4688771, 77.0867923 ], [ 28.4688985, 77.0867973 ], [ 28.4694891, 77.0869352 ], [ 28.4694974, 77.0869113 ], [ 28.4698017, 77.0862697 ], [ 28.4698882, 77.0863204 ], [ 28.470221, 77.0856422 ], [ 28.4696386, 77.085323 ], [ 28.4693851, 77.0851963 ], [ 28.469147, 77.0851072 ], [ 28.4686632, 77.084926 ], [ 28.4685903, 77.084894 ], [ 28.4685182, 77.0848623 ], [ 28.4690843, 77.0831715 ], [ 28.4704643, 77.0840156 ], [ 28.4711571, 77.084458 ], [ 28.4712734, 77.0842939 ], [ 28.4723089, 77.0828323 ], [ 28.4720611, 77.0826234 ], [ 28.4723461, 77.0820381 ], [ 28.4729445, 77.0806405 ], [ 28.4733165, 77.0796392 ], [ 28.4731962, 77.0796428 ], [ 28.4725123, 77.0796464 ], [ 28.4727737, 77.0789534 ], [ 28.4722982, 77.0787715 ], [ 28.4721741, 77.0787249 ], [ 28.4721293, 77.078708 ], [ 28.4717128, 77.0797004 ], [ 28.4713234, 77.079704 ], [ 28.470629, 77.079719 ], [ 28.4705701, 77.0797196 ], [ 28.4703703, 77.0797218 ], [ 28.4704632, 77.0794783 ], [ 28.470841, 77.0787015 ], [ 28.4705967, 77.0786955 ], [ 28.4700505, 77.0786703 ], [ 28.469965, 77.0787928 ], [ 28.4698457, 77.0789968 ], [ 28.4698457, 77.0791562 ], [ 28.4698457, 77.0794007 ], [ 28.4697133, 77.0794069 ], [ 28.4695587, 77.0797169 ], [ 28.4692776, 77.0797338 ], [ 28.4687383, 77.0787199 ], [ 28.4686127, 77.0788029 ], [ 28.4683058, 77.079803 ], [ 28.467748, 77.0798085 ], [ 28.4666625, 77.0798193 ], [ 28.4659532, 77.0798139 ], [ 28.4641607, 77.0797843 ], [ 28.4635097, 77.0797735 ], [ 28.4634233, 77.0797746 ], [ 28.4634085, 77.0791569 ], [ 28.4634067, 77.0790818 ], [ 28.462874, 77.0790837 ], [ 28.4626483, 77.0796878 ], [ 28.462567, 77.0799389 ], [ 28.4628922, 77.0801352 ], [ 28.4633677, 77.0804359 ], [ 28.4630608, 77.0811364 ], [ 28.462934, 77.0810619 ], [ 28.4623251, 77.0806742 ], [ 28.4621435, 77.0810474 ], [ 28.4620849, 77.0811976 ], [ 28.4619605, 77.0815161 ], [ 28.4619792, 77.081523 ], [ 28.4619903, 77.081527 ], [ 28.4617311, 77.082312 ], [ 28.4616814, 77.0824652 ], [ 28.4615367, 77.0829116 ], [ 28.4612625, 77.083875 ], [ 28.4612359, 77.0840317 ], [ 28.4612645, 77.0840363 ], [ 28.4613986, 77.0840581 ], [ 28.4616326, 77.0841242 ], [ 28.461699, 77.0841695 ], [ 28.4617205, 77.0841883 ], [ 28.4616505, 77.0844102 ], [ 28.4615933, 77.0845916 ], [ 28.4615443, 77.0847172 ], [ 28.4613642, 77.0846652 ], [ 28.4610268, 77.0845678 ], [ 28.460821, 77.0847396 ], [ 28.460618, 77.0849207 ], [ 28.4603246, 77.0852343 ], [ 28.46011, 77.0854812 ], [ 28.4598247, 77.0858096 ], [ 28.4596216, 77.0858402 ], [ 28.4594134, 77.0858534 ], [ 28.4588865, 77.0858811 ], [ 28.4588823, 77.085963 ], [ 28.4587759, 77.0870154 ], [ 28.4586695, 77.0886672 ], [ 28.4586349, 77.0894045 ], [ 28.4588632, 77.0908351 ], [ 28.4589777, 77.0913595 ], [ 28.4591965, 77.0914021 ], [ 28.4593688, 77.0914344 ], [ 28.4593323, 77.0919588 ], [ 28.4593283, 77.0922078 ], [ 28.4598174, 77.092393 ], [ 28.4609084, 77.0928038 ], [ 28.4609579, 77.0925337 ], [ 28.461287, 77.0925855 ], [ 28.4611725, 77.0921907 ], [ 28.4611102, 77.0920402 ], [ 28.4610583, 77.0919517 ], [ 28.4610091, 77.0918691 ], [ 28.4609598, 77.0917866 ], [ 28.4609235, 77.0917217 ], [ 28.4608976, 77.0916715 ], [ 28.4608794, 77.0915978 ], [ 28.4608457, 77.0913293 ], [ 28.4608431, 77.0912379 ], [ 28.4608457, 77.091114 ], [ 28.4608742, 77.0897011 ], [ 28.4611728, 77.0896831 ], [ 28.4622754, 77.0896165 ], [ 28.4630038, 77.0944781 ], [ 28.4630962, 77.095197 ], [ 28.4631246, 77.0953367 ], [ 28.4608629, 77.0959821 ], [ 28.4591518, 77.0965104 ], [ 28.4579264, 77.0968609 ], [ 28.4557671, 77.0974749 ], [ 28.4549574, 77.0964968 ], [ 28.4550006, 77.0964093 ], [ 28.4550434, 77.0963229 ], [ 28.4545943, 77.0959344 ], [ 28.4545361, 77.0958902 ], [ 28.4542053, 77.0956387 ], [ 28.4541118, 77.0955676 ], [ 28.4533696, 77.0958125 ], [ 28.4533378, 77.095823 ], [ 28.4528963, 77.0953287 ], [ 28.4528278, 77.0952719 ], [ 28.4521984, 77.0948614 ], [ 28.4525677, 77.0932996 ], [ 28.4526173, 77.0930896 ], [ 28.4514584, 77.0928764 ], [ 28.4508085, 77.0959373 ], [ 28.4507556, 77.0959969 ], [ 28.450543, 77.0961436 ], [ 28.4504128, 77.0962685 ], [ 28.4503796, 77.0962836 ], [ 28.4503564, 77.0962854 ], [ 28.4503182, 77.0962817 ], [ 28.45029, 77.0962722 ], [ 28.4500885, 77.0962023 ], [ 28.4501663, 77.0956831 ], [ 28.450203, 77.0954349 ], [ 28.450216, 77.095305 ], [ 28.4502241, 77.0952238 ], [ 28.4502261, 77.0951418 ], [ 28.4502132, 77.0949098 ], [ 28.450186, 77.0944582 ], [ 28.4501546, 77.0940689 ], [ 28.450116, 77.0935899 ], [ 28.4500243, 77.0924407 ], [ 28.4499775, 77.0918595 ], [ 28.449969, 77.0917169 ], [ 28.4499595, 77.0914946 ], [ 28.4499563, 77.0912264 ], [ 28.449935, 77.0907262 ], [ 28.4499244, 77.090365 ], [ 28.4499049, 77.0896948 ], [ 28.4498385, 77.088123 ], [ 28.4498385, 77.0878885 ], [ 28.4498352, 77.0875203 ], [ 28.4498402, 77.0874429 ], [ 28.4498577, 77.0869756 ], [ 28.4494166, 77.0869379 ], [ 28.4489947, 77.0869018 ], [ 28.448402, 77.0878142 ], [ 28.448211, 77.0881083 ], [ 28.4481006, 77.08803 ], [ 28.4480791, 77.0880187 ], [ 28.4480314, 77.0880066 ], [ 28.4479616, 77.0879961 ], [ 28.4478381, 77.0879776 ], [ 28.4477637, 77.0879582 ], [ 28.4477191, 77.0879413 ], [ 28.4476872, 77.0879244 ], [ 28.447377, 77.0876779 ], [ 28.4472428, 77.0875479 ], [ 28.4471337, 77.0874423 ], [ 28.4470743, 77.087388 ], [ 28.4470148, 77.0873445 ], [ 28.4461306, 77.0867901 ], [ 28.4467162, 77.0856662 ], [ 28.4465879, 77.0855804 ], [ 28.4472148, 77.0841876 ], [ 28.4470264, 77.0839965 ], [ 28.4471357, 77.0839123 ], [ 28.4472053, 77.0838586 ], [ 28.4476195, 77.0835392 ], [ 28.447695, 77.0837289 ], [ 28.4477156, 77.0837806 ], [ 28.4477272, 77.0839996 ], [ 28.4477601, 77.0841939 ], [ 28.4477775, 77.0843191 ], [ 28.4476798, 77.0844641 ], [ 28.44798, 77.0848724 ], [ 28.4481143, 77.0851824 ], [ 28.4478866, 77.0856482 ], [ 28.4485222, 77.0858987 ], [ 28.4485754, 77.08591 ], [ 28.4486069, 77.0859119 ], [ 28.4486587, 77.0859045 ], [ 28.4489509, 77.0858625 ], [ 28.4492195, 77.0858239 ], [ 28.4495117, 77.0857819 ], [ 28.4490777, 77.0846365 ], [ 28.4486522, 77.0848097 ], [ 28.4486434, 77.0847891 ], [ 28.4485978, 77.0846829 ], [ 28.4485455, 77.0847091 ], [ 28.4482123, 77.0837282 ], [ 28.448112, 77.0834181 ], [ 28.4485173, 77.083218 ], [ 28.4483048, 77.0825837 ], [ 28.4480628, 77.0818358 ], [ 28.4479129, 77.0813717 ], [ 28.4475031, 77.0801031 ], [ 28.447448, 77.0799499 ], [ 28.4473082, 77.0794803 ], [ 28.4476774, 77.0790875 ], [ 28.4479513, 77.0788307 ], [ 28.4481488, 77.0786552 ], [ 28.4483795, 77.0784777 ], [ 28.4487729, 77.0782059 ], [ 28.4494518, 77.0777226 ], [ 28.450363, 77.0770675 ], [ 28.4512643, 77.0764238 ], [ 28.4522004, 77.0757442 ], [ 28.4532536, 77.0749944 ], [ 28.453318, 77.0749483 ], [ 28.4539282, 77.0745114 ], [ 28.4540826, 77.0744114 ], [ 28.4541809, 77.0743575 ], [ 28.4542339, 77.074334 ], [ 28.4542656, 77.0743241 ], [ 28.4543109, 77.0743176 ], [ 28.4544243, 77.0743061 ], [ 28.4567803, 77.0741938 ], [ 28.4569193, 77.0741898 ], [ 28.4581773, 77.0741886 ], [ 28.4591245, 77.0741437 ], [ 28.4606833, 77.0740772 ], [ 28.4617604, 77.0739677 ], [ 28.4624352, 77.0738808 ], [ 28.4629106, 77.0738196 ], [ 28.4670273, 77.0732032 ], [ 28.4692195, 77.0728557 ], [ 28.4779178, 77.0714767 ], [ 28.4780824, 77.0714565 ], [ 28.4780837, 77.0714717 ], [ 28.4786702, 77.0746712 ], [ 28.4791495, 77.0773884 ], [ 28.4794619, 77.0792952 ], [ 28.4793263, 77.0794484 ], [ 28.4790892, 77.0797262 ], [ 28.4790295, 77.0798495 ], [ 28.4787904, 77.0800962 ] ] ] } },
{ "type": "Feature", "id": 30, "properties": { "tessellate": -1, "extrude": 0, "visibility": -1, "objectid": 30.0, "townname": "Gurugram", "towncensuscode2011": "800429", "town_lgd_code": 248576.0, "ward_lgd_code": 64233.0, "ward_lgd_name": "Gurgaon (M Cl ) - Ward No.30", "state": "Haryana", "sourcewardcode": "30" }, "geometry": { "type": "Polygon", "coordinates": [ [ [ 28.4295253, 77.0848232 ], [ 28.4295162, 77.0849992 ], [ 28.4295253, 77.0852538 ], [ 28.429553, 77.0856842 ], [ 28.4295682, 77.0858849 ], [ 28.4296472, 77.0869282 ], [ 28.4296898, 77.0874836 ], [ 28.4297972, 77.0890894 ], [ 28.4298399, 77.0898526 ], [ 28.4298589, 77.0906553 ], [ 28.4298619, 77.0909766 ], [ 28.4298722, 77.0912945 ], [ 28.4296023, 77.0912843 ], [ 28.4274815, 77.0912517 ], [ 28.4256542, 77.0912141 ], [ 28.4242596, 77.0912072 ], [ 28.4230258, 77.0911885 ], [ 28.4215244, 77.0911491 ], [ 28.4204935, 77.0911338 ], [ 28.4185428, 77.0911098 ], [ 28.4175148, 77.091091 ], [ 28.4173314, 77.0910979 ], [ 28.4173214, 77.0909857 ], [ 28.4172683, 77.0907281 ], [ 28.4169683, 77.0896873 ], [ 28.4160241, 77.0864029 ], [ 28.4149785, 77.0827521 ], [ 28.4141562, 77.0796808 ], [ 28.4130279, 77.076536 ], [ 28.4122903, 77.0745138 ], [ 28.4125193, 77.0743258 ], [ 28.4131984, 77.0735348 ], [ 28.4137921, 77.0727998 ], [ 28.4143207, 77.0721447 ], [ 28.4153481, 77.0708911 ], [ 28.4163326, 77.0696976 ], [ 28.4167953, 77.069239 ], [ 28.4170636, 77.0689895 ], [ 28.4170391, 77.0682401 ], [ 28.4165199, 77.068222 ], [ 28.4164902, 77.0664703 ], [ 28.4185181, 77.0664538 ], [ 28.4185235, 77.0660779 ], [ 28.41827, 77.0658994 ], [ 28.4182587, 77.0650379 ], [ 28.4193828, 77.0650343 ], [ 28.4193692, 77.0654447 ], [ 28.4197079, 77.0649809 ], [ 28.4203353, 77.0641351 ], [ 28.4204396, 77.0640017 ], [ 28.4214798, 77.0626836 ], [ 28.4214813, 77.0615843 ], [ 28.4210836, 77.0615866 ], [ 28.4210672, 77.0622667 ], [ 28.4194742, 77.0622738 ], [ 28.4194768, 77.0615772 ], [ 28.4194008, 77.0615822 ], [ 28.4193955, 77.0611378 ], [ 28.4192632, 77.0611403 ], [ 28.4192564, 77.0609032 ], [ 28.4209483, 77.0609074 ], [ 28.4209494, 77.0602104 ], [ 28.4205563, 77.0602271 ], [ 28.4205519, 77.0595204 ], [ 28.4205499, 77.0588259 ], [ 28.4231361, 77.0587729 ], [ 28.4231464, 77.0601285 ], [ 28.4241757, 77.060183 ], [ 28.4245871, 77.0596468 ], [ 28.4244306, 77.0594767 ], [ 28.4240948, 77.0594719 ], [ 28.4241014, 77.0588555 ], [ 28.423633, 77.0588581 ], [ 28.4236262, 77.0581099 ], [ 28.4240923, 77.0580823 ], [ 28.4240776, 77.057386 ], [ 28.424671, 77.0573521 ], [ 28.4246659, 77.0567314 ], [ 28.4241677, 77.0567486 ], [ 28.4241754, 77.0554286 ], [ 28.4241932, 77.0549329 ], [ 28.4232593, 77.054176 ], [ 28.4226848, 77.0537219 ], [ 28.4226992, 77.0542932 ], [ 28.4226962, 77.0560371 ], [ 28.4217321, 77.0560419 ], [ 28.4216841, 77.0547014 ], [ 28.420329, 77.0547445 ], [ 28.4203379, 77.055386 ], [ 28.4200836, 77.055404 ], [ 28.4200913, 77.0561179 ], [ 28.4197648, 77.0561147 ], [ 28.4197611, 77.0549247 ], [ 28.419755, 77.0538558 ], [ 28.4197584, 77.0535402 ], [ 28.4203363, 77.0535381 ], [ 28.4202618, 77.0522752 ], [ 28.4209373, 77.051929 ], [ 28.4207772, 77.0516327 ], [ 28.4206555, 77.0513593 ], [ 28.4203694, 77.0506026 ], [ 28.4200677, 77.049648 ], [ 28.4202517, 77.0496246 ], [ 28.4202516, 77.0490176 ], [ 28.4202426, 77.0478869 ], [ 28.4196314, 77.0478681 ], [ 28.4194175, 77.0470633 ], [ 28.4186573, 77.0446715 ], [ 28.4187694, 77.0446078 ], [ 28.4192994, 77.045 ], [ 28.4203472, 77.0427658 ], [ 28.4195716, 77.0422854 ], [ 28.4192784, 77.0428978 ], [ 28.418524, 77.0442809 ], [ 28.4185195, 77.0442892 ], [ 28.4177012, 77.0420594 ], [ 28.4171413, 77.0403686 ], [ 28.4209686, 77.039233 ], [ 28.4232183, 77.0386113 ], [ 28.4265896, 77.0376174 ], [ 28.4286401, 77.0370531 ], [ 28.4291918, 77.0394618 ], [ 28.4297593, 77.0419388 ], [ 28.4304249, 77.0448823 ], [ 28.4304831, 77.0450966 ], [ 28.4304896, 77.0451172 ], [ 28.4305225, 77.04519 ], [ 28.4306441, 77.0453903 ], [ 28.4307769, 77.0455567 ], [ 28.4317984, 77.0465368 ], [ 28.4333624, 77.0480425 ], [ 28.434309, 77.0489768 ], [ 28.4346113, 77.0492593 ], [ 28.4438679, 77.0582278 ], [ 28.4499649, 77.0640639 ], [ 28.4490277, 77.065481 ], [ 28.4475584, 77.0644867 ], [ 28.4465231, 77.0638833 ], [ 28.4461109, 77.0635408 ], [ 28.4454721, 77.0634069 ], [ 28.4444034, 77.0622927 ], [ 28.4442363, 77.0625199 ], [ 28.4439407, 77.0629435 ], [ 28.4434267, 77.0624939 ], [ 28.4431944, 77.0628049 ], [ 28.4427433, 77.0624015 ], [ 28.4424038, 77.0628454 ], [ 28.4418104, 77.0623006 ], [ 28.4415517, 77.0626292 ], [ 28.4409153, 77.0620244 ], [ 28.4401506, 77.0630271 ], [ 28.4400218, 77.063196 ], [ 28.4392805, 77.064177 ], [ 28.4373323, 77.0667185 ], [ 28.4369058, 77.0672668 ], [ 28.4368731, 77.0673225 ], [ 28.4356697, 77.0688034 ], [ 28.4343749, 77.0704421 ], [ 28.4336468, 77.0713761 ], [ 28.4330727, 77.0720979 ], [ 28.4324495, 77.0728897 ], [ 28.4319937, 77.073466 ], [ 28.4311051, 77.0745847 ], [ 28.4306258, 77.0751911 ], [ 28.4305975, 77.0752384 ], [ 28.4305867, 77.0752599 ], [ 28.4305796, 77.0752801 ], [ 28.4305725, 77.0753114 ], [ 28.4305136, 77.0755855 ], [ 28.4304837, 77.0757528 ], [ 28.4304722, 77.0758578 ], [ 28.4304549, 77.0760656 ], [ 28.4303885, 77.0767403 ], [ 28.4302657, 77.077983 ], [ 28.4300863, 77.0796938 ], [ 28.4297894, 77.0823252 ], [ 28.4297663, 77.0825275 ], [ 28.4297507, 77.0826626 ], [ 28.4295839, 77.0842661 ], [ 28.4295559, 77.0845315 ], [ 28.4295253, 77.0848232 ] ] ] } },
{ "type": "Feature", "id": 31, "properties": { "tessellate": -1, "extrude": 0, "visibility": -1, "objectid": 31.0, "townname": "Gurugram", "towncensuscode2011": "800429", "town_lgd_code": 248576.0, "ward_lgd_code": 64234.0, "ward_lgd_name": "Gurgaon (M Cl ) - Ward No.31", "state": "Haryana", "sourcewardcode": "31" }, "geometry": { "type": "Polygon", "coordinates": [ [ [ 28.4459144, 77.0811777 ], [ 28.4454169, 77.0817501 ], [ 28.4451713, 77.0819962 ], [ 28.4448463, 77.0823166 ], [ 28.4441371, 77.0830394 ], [ 28.4434854, 77.083703 ], [ 28.4426271, 77.0846035 ], [ 28.4422734, 77.0850609 ], [ 28.4419323, 77.0855326 ], [ 28.4409556, 77.0868415 ], [ 28.4404564, 77.087503 ], [ 28.440952, 77.0879931 ], [ 28.4406539, 77.0883914 ], [ 28.4415224, 77.0892126 ], [ 28.4418161, 77.0894659 ], [ 28.4413179, 77.0901995 ], [ 28.4415066, 77.0903777 ], [ 28.4413434, 77.0905986 ], [ 28.4411802, 77.0904784 ], [ 28.4408668, 77.0910538 ], [ 28.4413034, 77.0917645 ], [ 28.441133, 77.0919204 ], [ 28.4406562, 77.0923105 ], [ 28.4404676, 77.0912895 ], [ 28.4400392, 77.0908897 ], [ 28.4398965, 77.0907736 ], [ 28.4399931, 77.0905815 ], [ 28.4400069, 77.090554 ], [ 28.4392995, 77.0899971 ], [ 28.438805, 77.0894888 ], [ 28.4387127, 77.0893679 ], [ 28.4383076, 77.089657 ], [ 28.4382185, 77.0897081 ], [ 28.4381628, 77.0897401 ], [ 28.4379879, 77.0898406 ], [ 28.4377329, 77.0899663 ], [ 28.4374524, 77.0900847 ], [ 28.4371423, 77.0901823 ], [ 28.4368741, 77.0902685 ], [ 28.4365289, 77.090357 ], [ 28.436229, 77.0904193 ], [ 28.4343195, 77.0907327 ], [ 28.4326141, 77.0910174 ], [ 28.4317036, 77.0911712 ], [ 28.4310413, 77.0912973 ], [ 28.4307287, 77.0913153 ], [ 28.4301867, 77.0913085 ], [ 28.4299207, 77.0912951 ], [ 28.4298722, 77.0912945 ], [ 28.4298619, 77.0909766 ], [ 28.4298589, 77.0906553 ], [ 28.4298399, 77.0898526 ], [ 28.4297972, 77.0890894 ], [ 28.4296898, 77.0874836 ], [ 28.4296472, 77.0869282 ], [ 28.4295682, 77.0858849 ], [ 28.429553, 77.0856842 ], [ 28.4295253, 77.0852538 ], [ 28.4295162, 77.0849992 ], [ 28.4295253, 77.0848232 ], [ 28.4295559, 77.0845315 ], [ 28.4295839, 77.0842661 ], [ 28.4297507, 77.0826626 ], [ 28.4297663, 77.0825275 ], [ 28.4297894, 77.0823252 ], [ 28.4300863, 77.0796938 ], [ 28.4302657, 77.077983 ], [ 28.4303885, 77.0767403 ], [ 28.4304549, 77.0760656 ], [ 28.4304722, 77.0758578 ], [ 28.4304837, 77.0757528 ], [ 28.4305136, 77.0755855 ], [ 28.4305725, 77.0753114 ], [ 28.4305796, 77.0752801 ], [ 28.4305867, 77.0752599 ], [ 28.4305975, 77.0752384 ], [ 28.4306258, 77.0751911 ], [ 28.4311051, 77.0745847 ], [ 28.4319937, 77.073466 ], [ 28.4324495, 77.0728897 ], [ 28.4330727, 77.0720979 ], [ 28.4336468, 77.0713761 ], [ 28.4343749, 77.0704421 ], [ 28.4356697, 77.0688034 ], [ 28.4368731, 77.0673225 ], [ 28.4369058, 77.0672668 ], [ 28.4376382, 77.0678362 ], [ 28.4381482, 77.0682579 ], [ 28.4384727, 77.0685743 ], [ 28.4440755, 77.0740136 ], [ 28.4457909, 77.0756865 ], [ 28.4458739, 77.0757765 ], [ 28.4458982, 77.0758099 ], [ 28.4459254, 77.0758597 ], [ 28.4459395, 77.0758997 ], [ 28.4459471, 77.0759385 ], [ 28.4459509, 77.075975 ], [ 28.4459515, 77.0760125 ], [ 28.4459432, 77.0762421 ], [ 28.4459358, 77.0763254 ], [ 28.4459036, 77.0765939 ], [ 28.4458961, 77.0767014 ], [ 28.4459025, 77.0767824 ], [ 28.4459142, 77.0768488 ], [ 28.4459248, 77.0769068 ], [ 28.4459541, 77.0769824 ], [ 28.4459706, 77.0770249 ], [ 28.4460204, 77.0771533 ], [ 28.4463018, 77.0776636 ], [ 28.4463427, 77.0777425 ], [ 28.4469003, 77.0787246 ], [ 28.4473082, 77.0794803 ], [ 28.447287, 77.0795067 ], [ 28.4469085, 77.0799919 ], [ 28.4466114, 77.0803779 ], [ 28.4465002, 77.0805142 ], [ 28.4464081, 77.0806272 ], [ 28.4459144, 77.0811777 ] ] ] } },
{ "type": "Feature", "id": 32, "properties": { "tessellate": -1, "extrude": 0, "visibility": -1, "objectid": 32.0, "townname": "Gurugram", "towncensuscode2011": "800429", "town_lgd_code": 248576.0, "ward_lgd_code": 64235.0, "ward_lgd_name": "Silokhra (OG) - Ward No.32", "state": "Haryana", "sourcewardcode": "32" }, "geometry": { "type": "Polygon", "coordinates": [ [ [ 28.4667276, 77.1103665 ], [ 28.4667195, 77.1105829 ], [ 28.4667657, 77.111229 ], [ 28.4668234, 77.1120147 ], [ 28.4668526, 77.1124129 ], [ 28.4668549, 77.1139184 ], [ 28.4667653, 77.1142453 ], [ 28.4666459, 77.1144915 ], [ 28.466422, 77.1148099 ], [ 28.4662056, 77.1150052 ], [ 28.4652206, 77.1156627 ], [ 28.464428, 77.1162016 ], [ 28.4627059, 77.117238 ], [ 28.4619679, 77.1176733 ], [ 28.4591616, 77.1197254 ], [ 28.4577978, 77.1205832 ], [ 28.4571843, 77.1209691 ], [ 28.4561364, 77.1217153 ], [ 28.45569, 77.1219122 ], [ 28.4552708, 77.1220573 ], [ 28.4544507, 77.1220884 ], [ 28.4517809, 77.1222439 ], [ 28.4461767, 77.1224304 ], [ 28.4425224, 77.1223994 ], [ 28.4422706, 77.1246723 ], [ 28.4408753, 77.1294444 ], [ 28.4405934, 77.1305882 ], [ 28.4402974, 77.1313267 ], [ 28.4397023, 77.1324818 ], [ 28.4395852, 77.1327019 ], [ 28.4391457, 77.1336148 ], [ 28.4386726, 77.1346852 ], [ 28.438644, 77.1347667 ], [ 28.4386177, 77.1348618 ], [ 28.4385819, 77.1358426 ], [ 28.4383812, 77.1364603 ], [ 28.4381423, 77.1371956 ], [ 28.4379655, 77.1377227 ], [ 28.4379067, 77.1382982 ], [ 28.4374736, 77.1400259 ], [ 28.4370386, 77.1408548 ], [ 28.4365201, 77.1418931 ], [ 28.4366419, 77.142105 ], [ 28.4366682, 77.1421458 ], [ 28.4368617, 77.1424012 ], [ 28.4371413, 77.142844 ], [ 28.4371699, 77.1428929 ], [ 28.4371914, 77.1429799 ], [ 28.4372129, 77.1431565 ], [ 28.4372416, 77.1434526 ], [ 28.437275, 77.1439443 ], [ 28.4373109, 77.1442595 ], [ 28.4373634, 77.1444769 ], [ 28.4374925, 77.144811 ], [ 28.4375163, 77.1450474 ], [ 28.4375211, 77.1455011 ], [ 28.4374853, 77.1458842 ], [ 28.4374662, 77.1459793 ], [ 28.4374471, 77.1460934 ], [ 28.4374327, 77.1462102 ], [ 28.4374279, 77.1463461 ], [ 28.4374471, 77.1466259 ], [ 28.4374232, 77.1468922 ], [ 28.4373326, 77.1475643 ], [ 28.4373247, 77.147623 ], [ 28.4371397, 77.1479785 ], [ 28.4370625, 77.1481364 ], [ 28.4369489, 77.1483687 ], [ 28.436673, 77.1489434 ], [ 28.4365464, 77.149264 ], [ 28.4364317, 77.1494352 ], [ 28.4362143, 77.1496851 ], [ 28.4359682, 77.1499378 ], [ 28.4357345, 77.1502623 ], [ 28.4356335, 77.1504322 ], [ 28.4355473, 77.150611 ], [ 28.4354092, 77.1509675 ], [ 28.4352765, 77.1511812 ], [ 28.4350151, 77.1514542 ], [ 28.4347582, 77.1517359 ], [ 28.4347291, 77.1517533 ], [ 28.434697, 77.1517637 ], [ 28.4346603, 77.1517655 ], [ 28.4344707, 77.1517707 ], [ 28.4343696, 77.1517816 ], [ 28.4342941, 77.151805 ], [ 28.434255, 77.1518172 ], [ 28.4342353, 77.1518281 ], [ 28.4342145, 77.1518473 ], [ 28.4341833, 77.151882 ], [ 28.4340992, 77.1519759 ], [ 28.4339203, 77.1522424 ], [ 28.4336649, 77.1528244 ], [ 28.4336389, 77.1528661 ], [ 28.4336084, 77.1528992 ], [ 28.4335747, 77.1529287 ], [ 28.4335503, 77.1529444 ], [ 28.4335288, 77.1529548 ], [ 28.4334952, 77.1529722 ], [ 28.4333031, 77.1531228 ], [ 28.4332047, 77.1532 ], [ 28.4331772, 77.1532243 ], [ 28.4331435, 77.1532608 ], [ 28.433116, 77.1532956 ], [ 28.4330701, 77.1533617 ], [ 28.4330625, 77.1533826 ], [ 28.4330187, 77.153515 ], [ 28.4329555, 77.153706 ], [ 28.4329035, 77.1538399 ], [ 28.4328729, 77.1539285 ], [ 28.4328499, 77.153972 ], [ 28.4328102, 77.1540346 ], [ 28.4326114, 77.1542746 ], [ 28.4325793, 77.1543233 ], [ 28.4325518, 77.1543685 ], [ 28.4325181, 77.154438 ], [ 28.4324952, 77.1544815 ], [ 28.4324631, 77.1545493 ], [ 28.432434, 77.1545928 ], [ 28.4323744, 77.1546501 ], [ 28.4323117, 77.1546936 ], [ 28.4319658, 77.1549149 ], [ 28.432006, 77.1552171 ], [ 28.4320521, 77.1555636 ], [ 28.432064, 77.1556534 ], [ 28.432064, 77.1557091 ], [ 28.4320288, 77.1558238 ], [ 28.4320028, 77.1558673 ], [ 28.4319631, 77.1559195 ], [ 28.4319182, 77.1559642 ], [ 28.4315391, 77.1563413 ], [ 28.4314283, 77.1565668 ], [ 28.4306919, 77.158411 ], [ 28.4298359, 77.1605731 ], [ 28.4292234, 77.1618268 ], [ 28.4291592, 77.1630937 ], [ 28.4290367, 77.1638299 ], [ 28.4288967, 77.164407 ], [ 28.4286459, 77.164732 ], [ 28.4283834, 77.164931 ], [ 28.4270765, 77.1655169 ], [ 28.4265608, 77.1656887 ], [ 28.4247185, 77.1657725 ], [ 28.4236499, 77.1657934 ], [ 28.4220839, 77.1657306 ], [ 28.4205731, 77.165542 ], [ 28.419744, 77.165144 ], [ 28.4188596, 77.1641175 ], [ 28.4184911, 77.1632376 ], [ 28.4182148, 77.1615198 ], [ 28.4182307, 77.1607567 ], [ 28.4184501, 77.1583734 ], [ 28.4185536, 77.1572484 ], [ 28.4187156, 77.1571714 ], [ 28.4188486, 77.1571083 ], [ 28.4191585, 77.1568536 ], [ 28.4192742, 77.1567177 ], [ 28.4194945, 77.1563696 ], [ 28.4196102, 77.1560725 ], [ 28.4196774, 77.1557711 ], [ 28.4197185, 77.1555036 ], [ 28.4198081, 77.154782 ], [ 28.4199714, 77.1536614 ], [ 28.4200284, 77.1532707 ], [ 28.4210911, 77.1533651 ], [ 28.4223988, 77.1534812 ], [ 28.4225618, 77.1515257 ], [ 28.4232363, 77.1509918 ], [ 28.4259035, 77.1488805 ], [ 28.4265282, 77.1483379 ], [ 28.4264834, 77.148236 ], [ 28.4264573, 77.1481638 ], [ 28.4264461, 77.1480619 ], [ 28.4264498, 77.1478454 ], [ 28.426461, 77.1477605 ], [ 28.426476, 77.1476671 ], [ 28.426644, 77.1471747 ], [ 28.4266776, 77.1470049 ], [ 28.4266738, 77.1467757 ], [ 28.4266589, 77.146695 ], [ 28.4266365, 77.1466186 ], [ 28.4266029, 77.1465252 ], [ 28.4265618, 77.1464403 ], [ 28.4264226, 77.1462958 ], [ 28.4260914, 77.1459521 ], [ 28.4261318, 77.1458876 ], [ 28.4269447, 77.1449122 ], [ 28.426756, 77.1445411 ], [ 28.4268843, 77.1442692 ], [ 28.4271293, 77.1435926 ], [ 28.4272629, 77.1427831 ], [ 28.4272771, 77.1424294 ], [ 28.4272868, 77.1421864 ], [ 28.4274793, 77.1410257 ], [ 28.4274793, 77.1409593 ], [ 28.4274618, 77.1408598 ], [ 28.4274326, 77.1407935 ], [ 28.4273801, 77.1407139 ], [ 28.4271585, 77.140495 ], [ 28.4270768, 77.1404154 ], [ 28.4269951, 77.1403292 ], [ 28.4269251, 77.1402363 ], [ 28.4268843, 77.14017 ], [ 28.426863, 77.139994 ], [ 28.4269347, 77.1396788 ], [ 28.4269562, 77.1395729 ], [ 28.4269801, 77.1394316 ], [ 28.4269849, 77.1393664 ], [ 28.4269873, 77.1393012 ], [ 28.4269873, 77.1392007 ], [ 28.4269897, 77.1391463 ], [ 28.4270279, 77.1390485 ], [ 28.4273743, 77.1385515 ], [ 28.4273976, 77.1384786 ], [ 28.4274268, 77.1383393 ], [ 28.4274443, 77.1380541 ], [ 28.4275026, 77.1364224 ], [ 28.4274384, 77.1361305 ], [ 28.4273918, 77.1360509 ], [ 28.4273393, 77.1359779 ], [ 28.4272576, 77.1358917 ], [ 28.4271526, 77.1357856 ], [ 28.4270943, 77.1357591 ], [ 28.4263535, 77.135507 ], [ 28.4262893, 77.1354738 ], [ 28.4262193, 77.1354274 ], [ 28.4261085, 77.135308 ], [ 28.4257176, 77.1344921 ], [ 28.4256593, 77.1343661 ], [ 28.4255835, 77.1342534 ], [ 28.425461, 77.1340743 ], [ 28.4253851, 77.1339814 ], [ 28.4252685, 77.1338554 ], [ 28.425216, 77.1337824 ], [ 28.4252101, 77.1336697 ], [ 28.4252685, 77.1334309 ], [ 28.4253151, 77.1332186 ], [ 28.4254318, 77.1328273 ], [ 28.4254376, 77.1327012 ], [ 28.4254085, 77.1322635 ], [ 28.4253793, 77.1321109 ], [ 28.4253793, 77.1319782 ], [ 28.4253851, 77.1318986 ], [ 28.4254201, 77.1317991 ], [ 28.4257803, 77.1312814 ], [ 28.4262087, 77.1309912 ], [ 28.4257165, 77.130276 ], [ 28.4263181, 77.1294987 ], [ 28.4263181, 77.1290634 ], [ 28.4264548, 77.1263792 ], [ 28.4282014, 77.1264213 ], [ 28.4281444, 77.1251581 ], [ 28.4327355, 77.1232124 ], [ 28.4340681, 77.1208279 ], [ 28.4336023, 77.120486 ], [ 28.4331931, 77.1201856 ], [ 28.4316271, 77.121151 ], [ 28.4298216, 77.1209206 ], [ 28.426395, 77.1202921 ], [ 28.4256946, 77.1208815 ], [ 28.4249249, 77.1216109 ], [ 28.4239589, 77.1225119 ], [ 28.4234382, 77.123267 ], [ 28.4232194, 77.1236617 ], [ 28.4218686, 77.1244511 ], [ 28.4208198, 77.1235103 ], [ 28.4202244, 77.1232167 ], [ 28.4197786, 77.1232259 ], [ 28.4193164, 77.1232229 ], [ 28.4184332, 77.1231364 ], [ 28.4180911, 77.1231178 ], [ 28.4179711, 77.1231046 ], [ 28.4177542, 77.1230807 ], [ 28.4177377, 77.1230739 ], [ 28.417731, 77.1230604 ], [ 28.4177121, 77.1229205 ], [ 28.4177079, 77.1228841 ], [ 28.4176543, 77.1225591 ], [ 28.4176386, 77.1224523 ], [ 28.4176264, 77.1223553 ], [ 28.4176177, 77.1222722 ], [ 28.417623, 77.1221417 ], [ 28.4176317, 77.1221041 ], [ 28.4176508, 77.1220329 ], [ 28.4176769, 77.1219399 ], [ 28.4177367, 77.121566 ], [ 28.4177383, 77.1213404 ], [ 28.4177391, 77.1206873 ], [ 28.4177395, 77.1203635 ], [ 28.4170952, 77.1204315 ], [ 28.4155062, 77.120518 ], [ 28.4148404, 77.1202252 ], [ 28.414435, 77.1199796 ], [ 28.4143927, 77.1199403 ], [ 28.4143526, 77.1198694 ], [ 28.4141849, 77.1195066 ], [ 28.4140508, 77.1192164 ], [ 28.413914, 77.1189143 ], [ 28.4136067, 77.1180265 ], [ 28.4127555, 77.1152562 ], [ 28.4130178, 77.1147033 ], [ 28.4135529, 77.1135756 ], [ 28.4135635, 77.1133894 ], [ 28.4135675, 77.1131188 ], [ 28.4135776, 77.1124277 ], [ 28.4135844, 77.111959 ], [ 28.4141189, 77.1114848 ], [ 28.414153, 77.1114209 ], [ 28.4143552, 77.111041 ], [ 28.4147214, 77.1099262 ], [ 28.4149486, 77.1092348 ], [ 28.4151452, 77.1087738 ], [ 28.4154455, 77.1081178 ], [ 28.4131575, 77.1066386 ], [ 28.4121528, 77.1053865 ], [ 28.4116505, 77.1047165 ], [ 28.4123026, 77.1030745 ], [ 28.413555, 77.1020533 ], [ 28.4147021, 77.101118 ], [ 28.4152054, 77.1007076 ], [ 28.4158284, 77.0999935 ], [ 28.4158284, 77.0992955 ], [ 28.4158308, 77.0989215 ], [ 28.4156208, 77.0989181 ], [ 28.4148046, 77.0989045 ], [ 28.4148003, 77.0985492 ], [ 28.4147792, 77.0968132 ], [ 28.4146973, 77.0968122 ], [ 28.4139303, 77.096803 ], [ 28.412714, 77.0945798 ], [ 28.4122503, 77.093776 ], [ 28.4116848, 77.0925396 ], [ 28.4113542, 77.0916951 ], [ 28.4127129, 77.0913198 ], [ 28.4129566, 77.0912525 ], [ 28.4130522, 77.0912369 ], [ 28.4131965, 77.0912135 ], [ 28.4139556, 77.0910902 ], [ 28.4147264, 77.0910018 ], [ 28.4148379, 77.090989 ], [ 28.4155467, 77.0909077 ], [ 28.4157287, 77.0909117 ], [ 28.4164285, 77.0909951 ], [ 28.4173314, 77.0910979 ], [ 28.4175148, 77.091091 ], [ 28.4185428, 77.0911098 ], [ 28.4204935, 77.0911338 ], [ 28.4215244, 77.0911491 ], [ 28.4230258, 77.0911885 ], [ 28.4242596, 77.0912072 ], [ 28.4256542, 77.0912141 ], [ 28.4274815, 77.0912517 ], [ 28.4296023, 77.0912843 ], [ 28.4298722, 77.0912945 ], [ 28.4299207, 77.0912951 ], [ 28.4301867, 77.0913085 ], [ 28.4307287, 77.0913153 ], [ 28.4310413, 77.0912973 ], [ 28.4317036, 77.0911712 ], [ 28.4326141, 77.0910174 ], [ 28.4343195, 77.0907327 ], [ 28.436229, 77.0904193 ], [ 28.4365289, 77.090357 ], [ 28.4368741, 77.0902685 ], [ 28.4371423, 77.0901823 ], [ 28.4374524, 77.0900847 ], [ 28.4377329, 77.0899663 ], [ 28.4379879, 77.0898406 ], [ 28.4381628, 77.0897401 ], [ 28.4382185, 77.0897081 ], [ 28.4383076, 77.089657 ], [ 28.4387127, 77.0893679 ], [ 28.438805, 77.0894888 ], [ 28.4392995, 77.0899971 ], [ 28.4400069, 77.090554 ], [ 28.4399931, 77.0905815 ], [ 28.4398965, 77.0907736 ], [ 28.4400392, 77.0908897 ], [ 28.4404676, 77.0912895 ], [ 28.4406562, 77.0923105 ], [ 28.441133, 77.0919204 ], [ 28.4413034, 77.0917645 ], [ 28.4408668, 77.0910538 ], [ 28.4411802, 77.0904784 ], [ 28.4413434, 77.0905986 ], [ 28.4415066, 77.0903777 ], [ 28.4413179, 77.0901995 ], [ 28.4418161, 77.0894659 ], [ 28.4415224, 77.0892126 ], [ 28.4406539, 77.0883914 ], [ 28.440952, 77.0879931 ], [ 28.4404564, 77.087503 ], [ 28.4409556, 77.0868415 ], [ 28.4419323, 77.0855326 ], [ 28.4422734, 77.0850609 ], [ 28.4426271, 77.0846035 ], [ 28.4434854, 77.083703 ], [ 28.4441371, 77.0830394 ], [ 28.4448463, 77.0823166 ], [ 28.4451713, 77.0819962 ], [ 28.4454169, 77.0817501 ], [ 28.4459144, 77.0811777 ], [ 28.4464081, 77.0806272 ], [ 28.4465002, 77.0805142 ], [ 28.4466114, 77.0803779 ], [ 28.4469085, 77.0799919 ], [ 28.447287, 77.0795067 ], [ 28.4473082, 77.0794803 ], [ 28.447448, 77.0799499 ], [ 28.4475031, 77.0801031 ], [ 28.4479129, 77.0813717 ], [ 28.4480628, 77.0818358 ], [ 28.4483048, 77.0825837 ], [ 28.4485173, 77.083218 ], [ 28.448112, 77.0834181 ], [ 28.4482123, 77.0837282 ], [ 28.4485455, 77.0847091 ], [ 28.4485978, 77.0846829 ], [ 28.4486434, 77.0847891 ], [ 28.4486522, 77.0848097 ], [ 28.4490777, 77.0846365 ], [ 28.4495117, 77.0857819 ], [ 28.4492195, 77.0858239 ], [ 28.4489509, 77.0858625 ], [ 28.4486587, 77.0859045 ], [ 28.4486069, 77.0859119 ], [ 28.4485754, 77.08591 ], [ 28.4485222, 77.0858987 ], [ 28.4478866, 77.0856482 ], [ 28.4481143, 77.0851824 ], [ 28.44798, 77.0848724 ], [ 28.4476798, 77.0844641 ], [ 28.4477775, 77.0843191 ], [ 28.4477601, 77.0841939 ], [ 28.4477272, 77.0839996 ], [ 28.4477156, 77.0837806 ], [ 28.447695, 77.0837289 ], [ 28.4476195, 77.0835392 ], [ 28.4472053, 77.0838586 ], [ 28.4471357, 77.0839123 ], [ 28.4470264, 77.0839965 ], [ 28.4472148, 77.0841876 ], [ 28.4465879, 77.0855804 ], [ 28.4467162, 77.0856662 ], [ 28.4461306, 77.0867901 ], [ 28.4470148, 77.0873445 ], [ 28.4470743, 77.087388 ], [ 28.4471337, 77.0874423 ], [ 28.4472428, 77.0875479 ], [ 28.447377, 77.0876779 ], [ 28.4476872, 77.0879244 ], [ 28.4477191, 77.0879413 ], [ 28.4477637, 77.0879582 ], [ 28.4478381, 77.0879776 ], [ 28.4479616, 77.0879961 ], [ 28.4480314, 77.0880066 ], [ 28.4480791, 77.0880187 ], [ 28.4481006, 77.08803 ], [ 28.448211, 77.0881083 ], [ 28.448402, 77.0878142 ], [ 28.4489947, 77.0869018 ], [ 28.4494166, 77.0869379 ], [ 28.4498577, 77.0869756 ], [ 28.4498402, 77.0874429 ], [ 28.4498352, 77.0875203 ], [ 28.4498385, 77.0878885 ], [ 28.4498385, 77.088123 ], [ 28.4499049, 77.0896948 ], [ 28.4499244, 77.090365 ], [ 28.449935, 77.0907262 ], [ 28.4499563, 77.0912264 ], [ 28.4499595, 77.0914946 ], [ 28.449969, 77.0917169 ], [ 28.4499775, 77.0918595 ], [ 28.4500243, 77.0924407 ], [ 28.450116, 77.0935899 ], [ 28.4501546, 77.0940689 ], [ 28.450186, 77.0944582 ], [ 28.4502132, 77.0949098 ], [ 28.4502261, 77.0951418 ], [ 28.4502241, 77.0952238 ], [ 28.450216, 77.095305 ], [ 28.450203, 77.0954349 ], [ 28.4501663, 77.0956831 ], [ 28.4500885, 77.0962023 ], [ 28.45029, 77.0962722 ], [ 28.4503182, 77.0962817 ], [ 28.4503564, 77.0962854 ], [ 28.4503796, 77.0962836 ], [ 28.4504128, 77.0962685 ], [ 28.450543, 77.0961436 ], [ 28.4507556, 77.0959969 ], [ 28.4508085, 77.0959373 ], [ 28.4514584, 77.0928764 ], [ 28.4526173, 77.0930896 ], [ 28.4525677, 77.0932996 ], [ 28.4521984, 77.0948614 ], [ 28.4528278, 77.0952719 ], [ 28.4528963, 77.0953287 ], [ 28.4533378, 77.095823 ], [ 28.4533696, 77.0958125 ], [ 28.4541118, 77.0955676 ], [ 28.4542053, 77.0956387 ], [ 28.4545361, 77.0958902 ], [ 28.4545943, 77.0959344 ], [ 28.4550434, 77.0963229 ], [ 28.4550006, 77.0964093 ], [ 28.4549574, 77.0964968 ], [ 28.4557671, 77.0974749 ], [ 28.4579264, 77.0968609 ], [ 28.4591518, 77.0965104 ], [ 28.4608629, 77.0959821 ], [ 28.4631246, 77.0953367 ], [ 28.4632696, 77.0961925 ], [ 28.4634105, 77.0970918 ], [ 28.4635251, 77.0978416 ], [ 28.46361, 77.0985598 ], [ 28.463985, 77.1036439 ], [ 28.4641059, 77.1051288 ], [ 28.4641337, 77.1055214 ], [ 28.4641712, 77.1060489 ], [ 28.4641849, 77.106148 ], [ 28.4641941, 77.1062002 ], [ 28.464214, 77.1062523 ], [ 28.4642583, 77.1063445 ], [ 28.4643026, 77.1064071 ], [ 28.464347, 77.1064384 ], [ 28.4643928, 77.1064558 ], [ 28.464512, 77.1064714 ], [ 28.4649389, 77.1065427 ], [ 28.4655308, 77.1066596 ], [ 28.4657235, 77.1066885 ], [ 28.4658507, 77.1067286 ], [ 28.4660062, 77.1067931 ], [ 28.4661745, 77.1068777 ], [ 28.4663852, 77.1070057 ], [ 28.4665463, 77.1071035 ], [ 28.466916, 77.107325 ], [ 28.4673965, 77.1076231 ], [ 28.4674776, 77.1076734 ], [ 28.4680239, 77.108042 ], [ 28.4675117, 77.1087606 ], [ 28.4672086, 77.1091857 ], [ 28.4669478, 77.1096154 ], [ 28.4668363, 77.109841 ], [ 28.4667521, 77.1101687 ], [ 28.4667276, 77.1103665 ] ] ] } },
{ "type": "Feature", "id": 33, "properties": { "tessellate": -1, "extrude": 0, "visibility": -1, "objectid": 34.0, "townname": "Gurugram", "towncensuscode2011": "800429", "town_lgd_code": 248576.0, "ward_lgd_code": 1302006.0, "ward_lgd_name": "Gurgaon (M CI) - Ward.35", "state": "Haryana", "sourcewardcode": "35" }, "geometry": { "type": "Polygon", "coordinates": [ [ [ 28.5068363, 77.0958364 ], [ 28.5069087, 77.095912 ], [ 28.5055428, 77.0970324 ], [ 28.5048661, 77.0976091 ], [ 28.5048155, 77.0976553 ], [ 28.5047521, 77.0977648 ], [ 28.5046077, 77.0981167 ], [ 28.5041616, 77.0991923 ], [ 28.5038347, 77.0999997 ], [ 28.5034951, 77.1010091 ], [ 28.503153, 77.1021337 ], [ 28.502821, 77.1029383 ], [ 28.5026411, 77.1033334 ], [ 28.5025347, 77.1035496 ], [ 28.5024612, 77.1036448 ], [ 28.5023598, 77.1037544 ], [ 28.5022002, 77.1039447 ], [ 28.5019949, 77.1042331 ], [ 28.5017491, 77.1045849 ], [ 28.5015767, 77.10483 ], [ 28.5014678, 77.1050117 ], [ 28.5013512, 77.1052539 ], [ 28.5009381, 77.1061738 ], [ 28.5002539, 77.107783 ], [ 28.499747, 77.1090432 ], [ 28.4989052, 77.1111299 ], [ 28.4975263, 77.1148673 ], [ 28.4966711, 77.1171949 ], [ 28.4960323, 77.1192864 ], [ 28.4956662, 77.1207449 ], [ 28.4953057, 77.122493 ], [ 28.4896966, 77.1198096 ], [ 28.4861776, 77.1181262 ], [ 28.4814642, 77.115161 ], [ 28.4814782, 77.1150788 ], [ 28.4815898, 77.1143637 ], [ 28.4816253, 77.1141503 ], [ 28.4816531, 77.1140003 ], [ 28.4816886, 77.113885 ], [ 28.4817419, 77.1137408 ], [ 28.4818078, 77.1135014 ], [ 28.4818179, 77.1134293 ], [ 28.481823, 77.1132361 ], [ 28.4818255, 77.1130112 ], [ 28.4818052, 77.1125729 ], [ 28.4817672, 77.1118404 ], [ 28.4817748, 77.1111079 ], [ 28.48179, 77.1109464 ], [ 28.481823, 77.1107994 ], [ 28.4818787, 77.1106177 ], [ 28.4820308, 77.1102947 ], [ 28.4821677, 77.1100035 ], [ 28.4823654, 77.109643 ], [ 28.4824997, 77.1093402 ], [ 28.4825834, 77.1089913 ], [ 28.482667, 77.1086193 ], [ 28.4826893, 77.1084307 ], [ 28.482738, 77.1080194 ], [ 28.4827481, 77.107682 ], [ 28.4827076, 77.107411 ], [ 28.4825682, 77.1066929 ], [ 28.4831486, 77.1062517 ], [ 28.4834794, 77.1055761 ], [ 28.483449, 77.1029162 ], [ 28.4839834, 77.1028601 ], [ 28.4839983, 77.1031387 ], [ 28.4845033, 77.1033692 ], [ 28.4849034, 77.1028545 ], [ 28.4848997, 77.1022898 ], [ 28.4848962, 77.1017576 ], [ 28.4847109, 77.1017466 ], [ 28.4848335, 77.1007993 ], [ 28.4835947, 77.100193 ], [ 28.4841145, 77.0989738 ], [ 28.4843919, 77.0983039 ], [ 28.4845639, 77.0979514 ], [ 28.4847926, 77.09749 ], [ 28.4850453, 77.0974798 ], [ 28.4852148, 77.0970296 ], [ 28.4854804, 77.0963867 ], [ 28.4853549, 77.0961771 ], [ 28.4853029, 77.0960902 ], [ 28.4853385, 77.0960466 ], [ 28.4853569, 77.096024 ], [ 28.485299, 77.0959496 ], [ 28.4852437, 77.0958786 ], [ 28.4852629, 77.0958318 ], [ 28.4852789, 77.0957931 ], [ 28.4852559, 77.0957486 ], [ 28.4851966, 77.0956338 ], [ 28.4852245, 77.0952444 ], [ 28.4853766, 77.0952416 ], [ 28.4854161, 77.0952377 ], [ 28.4856098, 77.0952185 ], [ 28.4858024, 77.0951695 ], [ 28.4860178, 77.0950714 ], [ 28.4861294, 77.0949964 ], [ 28.4862079, 77.0949474 ], [ 28.4862891, 77.0948782 ], [ 28.4864234, 77.0947369 ], [ 28.4865577, 77.0945552 ], [ 28.4881624, 77.0919373 ], [ 28.4883013, 77.0917169 ], [ 28.4890686, 77.090473 ], [ 28.4892681, 77.0901593 ], [ 28.4893571, 77.090072 ], [ 28.4893809, 77.0900512 ], [ 28.4894069, 77.0900323 ], [ 28.4894787, 77.0899864 ], [ 28.489548, 77.089953 ], [ 28.4896103, 77.0899251 ], [ 28.4896799, 77.0899058 ], [ 28.4897501, 77.0898956 ], [ 28.4898267, 77.0898944 ], [ 28.4898979, 77.089898 ], [ 28.4899728, 77.0899064 ], [ 28.4900202, 77.0899203 ], [ 28.4900552, 77.0899305 ], [ 28.4901477, 77.0899661 ], [ 28.4903023, 77.0900409 ], [ 28.4906309, 77.0902197 ], [ 28.4928707, 77.0914036 ], [ 28.4936739, 77.0918319 ], [ 28.4946422, 77.0923541 ], [ 28.4949502, 77.0925099 ], [ 28.4951575, 77.0926267 ], [ 28.4953065, 77.0926771 ], [ 28.4954273, 77.092684 ], [ 28.4955883, 77.0926565 ], [ 28.495697, 77.0926175 ], [ 28.4957795, 77.092558 ], [ 28.4958741, 77.0924824 ], [ 28.4959567, 77.0923908 ], [ 28.4964478, 77.0916143 ], [ 28.496935, 77.0908241 ], [ 28.4973758, 77.0901209 ], [ 28.4974805, 77.0899285 ], [ 28.4975812, 77.0897888 ], [ 28.4977936, 77.0895682 ], [ 28.498613, 77.0901864 ], [ 28.5006614, 77.0920787 ], [ 28.5012606, 77.092596 ], [ 28.501294, 77.0926163 ], [ 28.5022323, 77.0931971 ], [ 28.5030541, 77.0938352 ], [ 28.5037559, 77.0943477 ], [ 28.5040473, 77.09466 ], [ 28.5050075, 77.0951769 ], [ 28.5050519, 77.0951941 ], [ 28.5053909, 77.0952918 ], [ 28.5053898, 77.0953182 ], [ 28.5053806, 77.0955445 ], [ 28.5059827, 77.0956647 ], [ 28.5068363, 77.0958364 ] ] ] } },
{ "type": "Feature", "id": 34, "properties": { "tessellate": -1, "extrude": 0, "visibility": -1, "objectid": 35.0, "townname": "Gurugram", "towncensuscode2011": "800429", "town_lgd_code": 248576.0, "ward_lgd_code": 1302005.0, "ward_lgd_name": "Gurgaon (M CI) - Ward.34", "state": "Haryana", "sourcewardcode": "34" }, "geometry": { "type": "Polygon", "coordinates": [ [ [ 28.5059827, 77.0956647 ], [ 28.5053806, 77.0955445 ], [ 28.5053898, 77.0953182 ], [ 28.5053909, 77.0952918 ], [ 28.5050519, 77.0951941 ], [ 28.5050075, 77.0951769 ], [ 28.5040473, 77.09466 ], [ 28.5037559, 77.0943477 ], [ 28.5030541, 77.0938352 ], [ 28.5022323, 77.0931971 ], [ 28.501294, 77.0926163 ], [ 28.5012606, 77.092596 ], [ 28.5006614, 77.0920787 ], [ 28.498613, 77.0901864 ], [ 28.4977936, 77.0895682 ], [ 28.4975812, 77.0897888 ], [ 28.4974805, 77.0899285 ], [ 28.4973758, 77.0901209 ], [ 28.496935, 77.0908241 ], [ 28.4964478, 77.0916143 ], [ 28.4959567, 77.0923908 ], [ 28.4958741, 77.0924824 ], [ 28.4957795, 77.092558 ], [ 28.495697, 77.0926175 ], [ 28.4955883, 77.0926565 ], [ 28.4954273, 77.092684 ], [ 28.4953065, 77.0926771 ], [ 28.4951575, 77.0926267 ], [ 28.4949502, 77.0925099 ], [ 28.4946422, 77.0923541 ], [ 28.4936739, 77.0918319 ], [ 28.4928707, 77.0914036 ], [ 28.4906309, 77.0902197 ], [ 28.4903023, 77.0900409 ], [ 28.4901477, 77.0899661 ], [ 28.4900552, 77.0899305 ], [ 28.4900202, 77.0899203 ], [ 28.4899728, 77.0899064 ], [ 28.4898979, 77.089898 ], [ 28.4898267, 77.0898944 ], [ 28.4897501, 77.0898956 ], [ 28.4896799, 77.0899058 ], [ 28.4896103, 77.0899251 ], [ 28.489548, 77.089953 ], [ 28.4894787, 77.0899864 ], [ 28.4894069, 77.0900323 ], [ 28.4893809, 77.0900512 ], [ 28.4893571, 77.090072 ], [ 28.4892681, 77.0901593 ], [ 28.4890686, 77.090473 ], [ 28.4883013, 77.0917169 ], [ 28.4881624, 77.0919373 ], [ 28.4865577, 77.0945552 ], [ 28.4864234, 77.0947369 ], [ 28.4862891, 77.0948782 ], [ 28.4862079, 77.0949474 ], [ 28.4861294, 77.0949964 ], [ 28.4860178, 77.0950714 ], [ 28.4858024, 77.0951695 ], [ 28.4856098, 77.0952185 ], [ 28.4854161, 77.0952377 ], [ 28.4853766, 77.0952416 ], [ 28.4852245, 77.0952444 ], [ 28.4851966, 77.0956338 ], [ 28.4852559, 77.0957486 ], [ 28.4852789, 77.0957931 ], [ 28.4852629, 77.0958318 ], [ 28.4852437, 77.0958786 ], [ 28.485299, 77.0959496 ], [ 28.4853569, 77.096024 ], [ 28.4853385, 77.0960466 ], [ 28.4853029, 77.0960902 ], [ 28.4853549, 77.0961771 ], [ 28.4854804, 77.0963867 ], [ 28.4852148, 77.0970296 ], [ 28.4850453, 77.0974798 ], [ 28.4847926, 77.09749 ], [ 28.4845639, 77.0979514 ], [ 28.4843919, 77.0983039 ], [ 28.4841145, 77.0989738 ], [ 28.4835947, 77.100193 ], [ 28.4848335, 77.1007993 ], [ 28.4847109, 77.1017466 ], [ 28.4848962, 77.1017576 ], [ 28.4848997, 77.1022898 ], [ 28.4849034, 77.1028545 ], [ 28.4845033, 77.1033692 ], [ 28.4839983, 77.1031387 ], [ 28.4839834, 77.1028601 ], [ 28.483449, 77.1029162 ], [ 28.4834794, 77.1055761 ], [ 28.4831486, 77.1062517 ], [ 28.4825682, 77.1066929 ], [ 28.4827076, 77.107411 ], [ 28.4827481, 77.107682 ], [ 28.482738, 77.1080194 ], [ 28.4826893, 77.1084307 ], [ 28.482667, 77.1086193 ], [ 28.4825834, 77.1089913 ], [ 28.4824997, 77.1093402 ], [ 28.4823654, 77.109643 ], [ 28.4821677, 77.1100035 ], [ 28.4820308, 77.1102947 ], [ 28.4818787, 77.1106177 ], [ 28.481823, 77.1107994 ], [ 28.48179, 77.1109464 ], [ 28.4817748, 77.1111079 ], [ 28.4817672, 77.1118404 ], [ 28.4818052, 77.1125729 ], [ 28.4818255, 77.1130112 ], [ 28.481823, 77.1132361 ], [ 28.4818179, 77.1134293 ], [ 28.4818078, 77.1135014 ], [ 28.4817419, 77.1137408 ], [ 28.4816886, 77.113885 ], [ 28.4816531, 77.1140003 ], [ 28.4816253, 77.1141503 ], [ 28.4815898, 77.1143637 ], [ 28.4814782, 77.1150788 ], [ 28.4814642, 77.115161 ], [ 28.4812998, 77.1151488 ], [ 28.4756881, 77.1140861 ], [ 28.4755397, 77.1131919 ], [ 28.4713847, 77.1112314 ], [ 28.4668526, 77.1124129 ], [ 28.4668234, 77.1120147 ], [ 28.4667657, 77.111229 ], [ 28.4667195, 77.1105829 ], [ 28.4667276, 77.1103665 ], [ 28.4667521, 77.1101687 ], [ 28.4668363, 77.109841 ], [ 28.4669478, 77.1096154 ], [ 28.4672086, 77.1091857 ], [ 28.4675117, 77.1087606 ], [ 28.4680239, 77.108042 ], [ 28.4674776, 77.1076734 ], [ 28.4673965, 77.1076231 ], [ 28.466916, 77.107325 ], [ 28.4665463, 77.1071035 ], [ 28.4663852, 77.1070057 ], [ 28.4661745, 77.1068777 ], [ 28.4660062, 77.1067931 ], [ 28.4658507, 77.1067286 ], [ 28.4657235, 77.1066885 ], [ 28.4655308, 77.1066596 ], [ 28.4649389, 77.1065427 ], [ 28.464512, 77.1064714 ], [ 28.4643928, 77.1064558 ], [ 28.464347, 77.1064384 ], [ 28.4643026, 77.1064071 ], [ 28.4642583, 77.1063445 ], [ 28.464214, 77.1062523 ], [ 28.4641941, 77.1062002 ], [ 28.4641849, 77.106148 ], [ 28.4641712, 77.1060489 ], [ 28.4641337, 77.1055214 ], [ 28.4641059, 77.1051288 ], [ 28.463985, 77.1036439 ], [ 28.46361, 77.0985598 ], [ 28.4635251, 77.0978416 ], [ 28.4634105, 77.0970918 ], [ 28.4632696, 77.0961925 ], [ 28.4631246, 77.0953367 ], [ 28.4630962, 77.095197 ], [ 28.4630038, 77.0944781 ], [ 28.4622754, 77.0896165 ], [ 28.4611728, 77.0896831 ], [ 28.4608742, 77.0897011 ], [ 28.4608457, 77.091114 ], [ 28.4608431, 77.0912379 ], [ 28.4608457, 77.0913293 ], [ 28.4608794, 77.0915978 ], [ 28.4608976, 77.0916715 ], [ 28.4609235, 77.0917217 ], [ 28.4609598, 77.0917866 ], [ 28.4610091, 77.0918691 ], [ 28.4610583, 77.0919517 ], [ 28.4611102, 77.0920402 ], [ 28.4611725, 77.0921907 ], [ 28.461287, 77.0925855 ], [ 28.4609579, 77.0925337 ], [ 28.4609084, 77.0928038 ], [ 28.4598174, 77.092393 ], [ 28.4593283, 77.0922078 ], [ 28.4593323, 77.0919588 ], [ 28.4593688, 77.0914344 ], [ 28.4591965, 77.0914021 ], [ 28.4589777, 77.0913595 ], [ 28.4588632, 77.0908351 ], [ 28.4586349, 77.0894045 ], [ 28.4586695, 77.0886672 ], [ 28.4587759, 77.0870154 ], [ 28.4588823, 77.085963 ], [ 28.4588865, 77.0858811 ], [ 28.4594134, 77.0858534 ], [ 28.4596216, 77.0858402 ], [ 28.4598247, 77.0858096 ], [ 28.46011, 77.0854812 ], [ 28.4603246, 77.0852343 ], [ 28.460618, 77.0849207 ], [ 28.460821, 77.0847396 ], [ 28.4610268, 77.0845678 ], [ 28.4613642, 77.0846652 ], [ 28.4615443, 77.0847172 ], [ 28.4615933, 77.0845916 ], [ 28.4616505, 77.0844102 ], [ 28.4617205, 77.0841883 ], [ 28.461699, 77.0841695 ], [ 28.4616326, 77.0841242 ], [ 28.4613986, 77.0840581 ], [ 28.4612645, 77.0840363 ], [ 28.4612359, 77.0840317 ], [ 28.4612625, 77.083875 ], [ 28.4615367, 77.0829116 ], [ 28.4616814, 77.0824652 ], [ 28.4617311, 77.082312 ], [ 28.4619903, 77.081527 ], [ 28.4619792, 77.081523 ], [ 28.4619605, 77.0815161 ], [ 28.4620849, 77.0811976 ], [ 28.4621435, 77.0810474 ], [ 28.4623251, 77.0806742 ], [ 28.462934, 77.0810619 ], [ 28.4630608, 77.0811364 ], [ 28.4633677, 77.0804359 ], [ 28.4628922, 77.0801352 ], [ 28.462567, 77.0799389 ], [ 28.4626483, 77.0796878 ], [ 28.462874, 77.0790837 ], [ 28.4634067, 77.0790818 ], [ 28.4634085, 77.0791569 ], [ 28.4634233, 77.0797746 ], [ 28.4635097, 77.0797735 ], [ 28.4641607, 77.0797843 ], [ 28.4659532, 77.0798139 ], [ 28.4666625, 77.0798193 ], [ 28.467748, 77.0798085 ], [ 28.4683058, 77.079803 ], [ 28.4686127, 77.0788029 ], [ 28.4687383, 77.0787199 ], [ 28.4692776, 77.0797338 ], [ 28.4695587, 77.0797169 ], [ 28.4697133, 77.0794069 ], [ 28.4698457, 77.0794007 ], [ 28.4698457, 77.0791562 ], [ 28.4698457, 77.0789968 ], [ 28.469965, 77.0787928 ], [ 28.4700505, 77.0786703 ], [ 28.4705967, 77.0786955 ], [ 28.470841, 77.0787015 ], [ 28.4704632, 77.0794783 ], [ 28.4703703, 77.0797218 ], [ 28.4705701, 77.0797196 ], [ 28.470629, 77.079719 ], [ 28.4713234, 77.079704 ], [ 28.4717128, 77.0797004 ], [ 28.4721293, 77.078708 ], [ 28.4721741, 77.0787249 ], [ 28.4722982, 77.0787715 ], [ 28.4727737, 77.0789534 ], [ 28.4725123, 77.0796464 ], [ 28.4731962, 77.0796428 ], [ 28.4733165, 77.0796392 ], [ 28.4729445, 77.0806405 ], [ 28.4723461, 77.0820381 ], [ 28.4720611, 77.0826234 ], [ 28.4723089, 77.0828323 ], [ 28.4712734, 77.0842939 ], [ 28.4711571, 77.084458 ], [ 28.4704643, 77.0840156 ], [ 28.4690843, 77.0831715 ], [ 28.4685182, 77.0848623 ], [ 28.4685903, 77.084894 ], [ 28.4686632, 77.084926 ], [ 28.469147, 77.0851072 ], [ 28.4693851, 77.0851963 ], [ 28.4696386, 77.085323 ], [ 28.470221, 77.0856422 ], [ 28.4698882, 77.0863204 ], [ 28.4698017, 77.0862697 ], [ 28.4694974, 77.0869113 ], [ 28.4694891, 77.0869352 ], [ 28.4688985, 77.0867973 ], [ 28.4688771, 77.0867923 ], [ 28.4688005, 77.0866682 ], [ 28.4687576, 77.0866152 ], [ 28.4686771, 77.0865314 ], [ 28.4685326, 77.0863809 ], [ 28.4685386, 77.0863666 ], [ 28.4685481, 77.0863442 ], [ 28.4684955, 77.0863175 ], [ 28.4681962, 77.0861656 ], [ 28.4682408, 77.0855944 ], [ 28.4679704, 77.0854244 ], [ 28.4679614, 77.0877889 ], [ 28.468638, 77.0872027 ], [ 28.4687443, 77.0871408 ], [ 28.4688507, 77.0871172 ], [ 28.4689336, 77.0871083 ], [ 28.4690503, 77.0871083 ], [ 28.4691566, 77.087126 ], [ 28.4693096, 77.087185 ], [ 28.4695897, 77.0872942 ], [ 28.4697977, 77.0873995 ], [ 28.4699935, 77.0875298 ], [ 28.4700915, 77.0875977 ], [ 28.4701645, 77.0876808 ], [ 28.4702391, 77.0877714 ], [ 28.4703141, 77.0878932 ], [ 28.4708769, 77.0873779 ], [ 28.4715735, 77.0876408 ], [ 28.4717366, 77.0877074 ], [ 28.4716527, 77.0878947 ], [ 28.4717413, 77.0882603 ], [ 28.4719534, 77.0886998 ], [ 28.4720864, 77.0889483 ], [ 28.4717841, 77.089539 ], [ 28.4715051, 77.0901682 ], [ 28.4713378, 77.0906124 ], [ 28.4715545, 77.0912517 ], [ 28.4720928, 77.0928203 ], [ 28.4723916, 77.0936199 ], [ 28.4724642, 77.093629 ], [ 28.4727292, 77.0928167 ], [ 28.4728685, 77.0924313 ], [ 28.4735286, 77.0927267 ], [ 28.4738278, 77.0928654 ], [ 28.4740305, 77.0923953 ], [ 28.4734131, 77.0920441 ], [ 28.4731155, 77.0918929 ], [ 28.473269, 77.0914822 ], [ 28.4734857, 77.0907566 ], [ 28.4735223, 77.0906565 ], [ 28.473649, 77.0903458 ], [ 28.4739592, 77.0904881 ], [ 28.4740194, 77.090335 ], [ 28.4742901, 77.0904809 ], [ 28.4743281, 77.0905025 ], [ 28.4745877, 77.0899172 ], [ 28.4748869, 77.0892797 ], [ 28.475384, 77.0882639 ], [ 28.4755423, 77.0883234 ], [ 28.4756075, 77.0881117 ], [ 28.4756293, 77.0881164 ], [ 28.4756468, 77.0881201 ], [ 28.4756949, 77.0879517 ], [ 28.475727, 77.0878539 ], [ 28.4759771, 77.0870008 ], [ 28.476212, 77.0861998 ], [ 28.4761506, 77.0861792 ], [ 28.4756456, 77.0860096 ], [ 28.4753429, 77.0859119 ], [ 28.4749233, 77.0857948 ], [ 28.4749978, 77.0855265 ], [ 28.4756662, 77.0857004 ], [ 28.4760917, 77.085811 ], [ 28.4761238, 77.0858193 ], [ 28.4762961, 77.0852287 ], [ 28.4768325, 77.0854256 ], [ 28.4772093, 77.0855589 ], [ 28.4773549, 77.0851663 ], [ 28.4780673, 77.0854617 ], [ 28.47869, 77.0857012 ], [ 28.4788151, 77.0853002 ], [ 28.4789389, 77.0849036 ], [ 28.4788135, 77.0848491 ], [ 28.4788208, 77.0848257 ], [ 28.4789711, 77.0843475 ], [ 28.4790599, 77.0841128 ], [ 28.4788667, 77.0836337 ], [ 28.4786594, 77.0831114 ], [ 28.4785169, 77.0828251 ], [ 28.4781465, 77.0822344 ], [ 28.4778755, 77.081832 ], [ 28.4778167, 77.0817352 ], [ 28.4781095, 77.0814943 ], [ 28.4784844, 77.0811693 ], [ 28.4784449, 77.0806057 ], [ 28.4784348, 77.0805227 ], [ 28.4787904, 77.0800962 ], [ 28.4790295, 77.0798495 ], [ 28.4790892, 77.0797262 ], [ 28.4793263, 77.0794484 ], [ 28.4794619, 77.0792952 ], [ 28.4791495, 77.0773884 ], [ 28.4786702, 77.0746712 ], [ 28.4780837, 77.0714717 ], [ 28.4780824, 77.0714565 ], [ 28.4776219, 77.0687905 ], [ 28.4777156, 77.0689069 ], [ 28.4791894, 77.0706123 ], [ 28.4809092, 77.0722621 ], [ 28.4840058, 77.0752326 ], [ 28.4898763, 77.0807831 ], [ 28.4982773, 77.0888895 ], [ 28.4990305, 77.0895601 ], [ 28.5003959, 77.0908208 ], [ 28.5027228, 77.0928345 ], [ 28.5041774, 77.0940174 ], [ 28.5044146, 77.0942059 ], [ 28.5046285, 77.0943759 ], [ 28.5048556, 77.0945385 ], [ 28.505164, 77.0947204 ], [ 28.5053778, 77.0948184 ], [ 28.5055765, 77.0949002 ], [ 28.5057572, 77.0949583 ], [ 28.5060684, 77.0950434 ], [ 28.5062014, 77.0950638 ], [ 28.5063295, 77.0950835 ], [ 28.5064831, 77.0951072 ], [ 28.5066028, 77.0951139 ], [ 28.5068748, 77.0951088 ], [ 28.5070596, 77.0951055 ], [ 28.507185, 77.0950874 ], [ 28.507439, 77.0950508 ], [ 28.5076561, 77.095001 ], [ 28.5077242, 77.0949854 ], [ 28.5077805, 77.0949688 ], [ 28.5079529, 77.0949102 ], [ 28.5083016, 77.0947631 ], [ 28.5085935, 77.0946031 ], [ 28.5086526, 77.0945707 ], [ 28.5091262, 77.0942926 ], [ 28.5099461, 77.0937827 ], [ 28.5104773, 77.0934673 ], [ 28.5108053, 77.0933043 ], [ 28.5112233, 77.0931282 ], [ 28.5117384, 77.0929731 ], [ 28.5121587, 77.0929179 ], [ 28.5125167, 77.0929127 ], [ 28.5128908, 77.0929416 ], [ 28.5130756, 77.0929705 ], [ 28.5133547, 77.0930183 ], [ 28.5136328, 77.0931077 ], [ 28.5138797, 77.0932035 ], [ 28.5140671, 77.0932891 ], [ 28.5139309, 77.0936617 ], [ 28.513813, 77.0940376 ], [ 28.513414, 77.0951597 ], [ 28.5132949, 77.0951179 ], [ 28.5124032, 77.0967275 ], [ 28.5118298, 77.0977626 ], [ 28.5116826, 77.0981877 ], [ 28.5114166, 77.098641 ], [ 28.5083143, 77.0966229 ], [ 28.5071637, 77.0960106 ], [ 28.5069087, 77.095912 ], [ 28.5068363, 77.0958364 ], [ 28.5059827, 77.0956647 ] ] ] } }
]
}
