{
"type": "FeatureCollection",
"name": "drain_work_status",
"crs": { "type": "name", "properties": { "name": "urn:ogc:def:crs:EPSG::32643" } },
"features": [
{ "type": "Feature", "properties": { "line_id": "SWD-WORK-001", "source_id": "229", "work_status": "Work in progress", "size_text": "800", "height_m": 0.0, "width_m": 0.0, "model_use": "capacity scenario evidence; do not assume completed widening without latest field confirmation" }, "geometry": { "type": "LineString", "coordinates": [ [ 700553.455474249669351, 3139874.650970837567002, 0.0 ], [ 701548.221300760749727, 3140280.764373747631907, 0.0 ] ] } },
{ "type": "Feature", "properties": { "line_id": "SWD-WORK-002", "source_id": "91", "work_status": "Work in progress", "size_text": "1200", "height_m": 1.2, "width_m": 0.9, "model_use": "capacity scenario evidence; do not assume completed widening without latest field confirmation" }, "geometry": { "type": "LineString", "coordinates": [ [ 702929.452523002284579, 3141068.497395963873714, 0.0 ], [ 701548.221300760749727, 3140280.764373747166246, 0.0 ] ] } },
{ "type": "Feature", "properties": { "line_id": "SWD-WORK-003", "source_id": "92", "work_status": "Work in progress", "size_text": "1200", "height_m": 1.2, "width_m": 0.9, "model_use": "capacity scenario evidence; do not assume completed widening without latest field confirmation" }, "geometry": { "type": "LineString", "coordinates": [ [ 701548.221300760749727, 3140280.764373746700585, 0.0 ], [ 701407.91827392752748, 3140730.487304702866822, 0.0 ], [ 701370.082885740324855, 3140851.137512214481831, 0.0 ], [ 701364.790681355865672, 3140869.052359606139362, 0.0 ], [ 701330.924499512650073, 3140983.694091806188226, 0.0 ], [ 701285.945129406405613, 3141131.331909187603742, 0.0 ], [ 701253.401306153507903, 3141241.134094236418605, 0.0 ], [ 701215.30133056989871, 3141365.488525398075581, 0.0 ], [ 701195.98669433966279, 3141435.338684094604105, 0.0 ], [ 701170.851074233651161, 3141509.951293963938951, 0.0 ], [ 701143.863708499120548, 3141575.303527834359556, 0.0 ], [ 701118.992675794055685, 3141626.897277841344476, 0.0 ], [ 701074.807312009041198, 3141704.155883792322129, 0.0 ], [ 701016.33428955427371, 3141802.31652833102271, 0.0 ], [ 700949.659118656883948, 3141916.616699221078306, 0.0 ], [ 700926.090648212120868, 3141956.879480596631765, 0.0 ], [ 700879.808898919844069, 3142035.944091795943677, 0.0 ], [ 700842.767272959463298, 3142099.973327645100653, 0.0 ], [ 700800.169128419365734, 3142167.177673338446766, 0.0 ], [ 700748.747314456733875, 3142237.927307128440589, 0.0 ], [ 700701.497840463416651, 3142304.301434233784676, 0.0 ], [ 700639.288933733128943, 3142391.01964392978698, 0.0 ], [ 700639.238165130838752, 3142391.09041507076472, 0.0 ], [ 700609.311706547508948, 3142432.661071785725653, 0.0 ], [ 700566.713684082496911, 3142493.515319836791605, 0.0 ], [ 700542.107299815048464, 3142536.907104498706758, 0.0 ], [ 700526.496887213783339, 3142578.711486828979105, 0.0 ], [ 700508.769714364898391, 3142639.830322267953306, 0.0 ], [ 700462.732116696774028, 3142829.536926268599927, 0.0 ], [ 700423.044677744619548, 3142992.255920416675508, 0.0 ], [ 700382.298706067260355, 3143158.414672865066677, 0.0 ], [ 700362.186225591227412, 3143239.473977905698121, 0.0 ], [ 700351.324734963476658, 3143283.248789020814002, 0.0 ], [ 700332.259785758797079, 3143360.086471222341061, 0.0 ] ] } },
{ "type": "Feature", "properties": { "line_id": "SWD-WORK-004", "source_id": "169", "work_status": "Work Completed", "size_text": "[ 1400 ɸ ]", "height_m": 0.0, "width_m": 0.0, "model_use": "capacity scenario evidence; do not assume completed widening without latest field confirmation" }, "geometry": { "type": "LineString", "coordinates": [ [ 702875.427609014208429, 3141675.629032048862427, 0.0 ], [ 702620.592569200089201, 3142180.105108320713043, 0.0 ], [ 702415.316270501236431, 3142586.419408902060241, 0.0 ] ] } },
{ "type": "Feature", "properties": { "line_id": "SWD-WORK-005", "source_id": "17", "work_status": "Work Completed", "size_text": "[ 750 ɸ ]", "height_m": 0.0, "width_m": 0.0, "model_use": "capacity scenario evidence; do not assume completed widening without latest field confirmation" }, "geometry": { "type": "LineString", "coordinates": [ [ 701952.214822123060003, 3142359.914462069515139, 0.0 ], [ 701704.703767679864541, 3142253.176916032098234, 0.0 ], [ 701571.358443378470838, 3142208.373387061059475, 0.0 ], [ 701437.738650424522348, 3142168.245496148243546, 0.0 ], [ 701140.881859349552542, 3142045.607812894973904, 0.0 ], [ 700926.090648212120868, 3141956.879480596631765, 0.0 ] ] } },
{ "type": "Feature", "properties": { "line_id": "SWD-WORK-006", "source_id": "16", "work_status": "Work Completed", "size_text": "[ 1200 ɸ ]", "height_m": 0.0, "width_m": 0.0, "model_use": "capacity scenario evidence; do not assume completed widening without latest field confirmation" }, "geometry": { "type": "LineString", "coordinates": [ [ 702712.098497951636091, 3142728.621234978549182, 0.0 ], [ 702415.316270501236431, 3142586.419408902060241, 0.0 ] ] } },
{ "type": "Feature", "properties": { "line_id": "SWD-WORK-007", "source_id": "165", "work_status": "Work Completed", "size_text": "[ 2000*1500,C ]", "height_m": 2.0, "width_m": 1.5, "model_use": "capacity scenario evidence; do not assume completed widening without latest field confirmation" }, "geometry": { "type": "LineString", "coordinates": [ [ 702415.316270501236431, 3142586.419408902060241, 0.0 ], [ 701697.530333763454109, 3143959.410865454003215, 0.0 ] ] } },
{ "type": "Feature", "properties": { "line_id": "SWD-WORK-008", "source_id": "164", "work_status": "Work Completed", "size_text": "[ 2(N)*3500*2120 ,C]", "height_m": 3.5, "width_m": 2.12, "model_use": "capacity scenario evidence; do not assume completed widening without latest field confirmation" }, "geometry": { "type": "LineString", "coordinates": [ [ 701697.530333763454109, 3143959.410865453537554, 0.0 ], [ 701435.46014239359647, 3143842.149192911107093, 0.0 ], [ 701226.17430715658702, 3143749.015673307701945, 0.0 ], [ 700991.223837269237265, 3143644.505047625396401, 0.0 ], [ 700810.777643025969155, 3143546.60901849437505, 0.0 ], [ 700685.285517045878805, 3143491.152240911033005, 0.0 ], [ 700448.641710434691049, 3143402.88706438569352, 0.0 ], [ 700332.259785758797079, 3143360.086471222341061, 0.0 ] ] } },
{ "type": "Feature", "properties": { "line_id": "SWD-WORK-009", "source_id": "163", "work_status": "Work Completed", "size_text": "[ 2(N)*3200*2120 ,C]", "height_m": 3.3, "width_m": 2.12, "model_use": "capacity scenario evidence; do not assume completed widening without latest field confirmation" }, "geometry": { "type": "LineString", "coordinates": [ [ 703194.602551601477899, 3144623.58368450589478, 0.0 ], [ 703176.697386463172734, 3144615.972849468700588, 0.0 ], [ 703166.5767810709076, 3144611.670947893988341, 0.0 ], [ 702947.768229295266792, 3144517.249544175807387, 0.0 ], [ 702734.188550803344697, 3144422.567682003136724, 0.0 ], [ 702394.866363622131757, 3144270.868001585826278, 0.0 ], [ 702077.764713547076099, 3144129.630146136041731, 0.0 ], [ 701697.530333762988448, 3143959.41086545586586, 0.0 ] ] } },
{ "type": "Feature", "properties": { "line_id": "SWD-WORK-010", "source_id": "40", "work_status": "Work Completed", "size_text": "[ 1200 ɸ ]", "height_m": 0.0, "width_m": 0.0, "model_use": "capacity scenario evidence; do not assume completed widening without latest field confirmation" }, "geometry": { "type": "LineString", "coordinates": [ [ 701603.358446946018375, 3144172.620831290725619, 0.0 ], [ 701512.077014377340674, 3144376.35040539689362, 0.0 ], [ 701427.145594514440745, 3144565.527867094613612, 0.0 ], [ 701381.921945004956797, 3144666.259261377155781, 0.0 ], [ 701361.140712175052613, 3144712.547488406300545, 0.0 ], [ 701336.393329674960114, 3144767.669938042294234, 0.0 ], [ 701255.430667758453637, 3144948.645300003234297, 0.0 ], [ 701179.7596830886323, 3145111.364375432487577, 0.0 ], [ 701131.076252382597886, 3145228.045858783647418, 0.0 ], [ 701084.774076439789496, 3145324.618968617171049, 0.0 ], [ 701031.592720082611777, 3145440.242116522975266, 0.0 ], [ 700981.096079651964828, 3145553.169495143461972, 0.0 ], [ 700983.389068108401261, 3145554.95487547153607, 0.0 ] ] } },
{ "type": "Feature", "properties": { "line_id": "SWD-WORK-011", "source_id": "228", "work_status": "Work in progress", "size_text": "1400", "height_m": 0.0, "width_m": 0.0, "model_use": "capacity scenario evidence; do not assume completed widening without latest field confirmation" }, "geometry": { "type": "LineString", "coordinates": [ [ 704196.094477177364752, 3141790.903914764989167, 0.0 ], [ 703125.61629336909391, 3141180.394199080299586, 0.0 ], [ 702875.427609014208429, 3141675.629032049328089, 0.0 ] ] } },
{ "type": "Feature", "properties": { "line_id": "SWD-WORK-012", "source_id": "168", "work_status": "Work Completed", "size_text": "[ 900 ɸ ]", "height_m": 0.0, "width_m": 0.0, "model_use": "capacity scenario evidence; do not assume completed widening without latest field confirmation" }, "geometry": { "type": "LineString", "coordinates": [ [ 704142.546637470368296, 3142382.129350659437478, 0.0 ], [ 703907.64329884853214, 3142939.303503743372858, 0.0 ] ] } },
{ "type": "Feature", "properties": { "line_id": "SWD-WORK-013", "source_id": "167", "work_status": "Work Completed", "size_text": "[ 1000 ɸ ]", "height_m": 0.0, "width_m": 0.0, "model_use": "capacity scenario evidence; do not assume completed widening without latest field confirmation" }, "geometry": { "type": "LineString", "coordinates": [ [ 705110.069309386075474, 3142538.918476270511746, 0.0 ], [ 704986.425820253556594, 3143539.402784608304501, 0.0 ] ] } },
{ "type": "Feature", "properties": { "line_id": "SWD-WORK-014", "source_id": "227", "work_status": "Work in progress", "size_text": [ 800 ], "height_m": 0.0, "width_m": 0.0, "model_use": "capacity scenario evidence; do not assume completed widening without latest field confirmation" }, "geometry": { "type": "LineString", "coordinates": [ [ 707284.553934051422402, 3144233.872369611170143, 0.0 ], [ 707092.373806101735681, 3143838.005574639420956, 0.0 ], [ 706879.027095969300717, 3143398.511351784691215, 0.0 ], [ 706734.246806419920176, 3143238.491031740792096, 0.0 ], [ 706077.293580654310063, 3142863.813339394982904, 0.0 ], [ 706064.10525491356384, 3142856.291690586134791, 0.0 ], [ 705149.87285692547448, 3142334.880923870485276, 0.0 ], [ 704353.883677294710651, 3141880.907372544985265, 0.0 ], [ 704142.546637470368296, 3142382.129350659437478, 0.0 ] ] } },
{ "type": "Feature", "properties": { "line_id": "SWD-WORK-015", "source_id": "15", "work_status": "Work Completed", "size_text": "[ 1400 ɸ ]", "height_m": 0.0, "width_m": 0.0, "model_use": "capacity scenario evidence; do not assume completed widening without latest field confirmation" }, "geometry": { "type": "LineString", "coordinates": [ [ 704745.177539646276273, 3143470.479144167155027, 0.0 ], [ 703957.815146514214575, 3143245.573379568289965, 0.0 ], [ 703798.090930134756491, 3143199.153996352571994, 0.0 ] ] } },
{ "type": "Feature", "properties": { "line_id": "SWD-WORK-016", "source_id": "112", "work_status": "Work Completed", "size_text": "[ 700 ɸ ]", "height_m": 0.0, "width_m": 0.0, "model_use": "capacity scenario evidence; do not assume completed widening without latest field confirmation" }, "geometry": { "type": "LineString", "coordinates": [ [ 705908.881590981385671, 3143674.388251497875899, 0.0 ], [ 704997.125600792933255, 3143543.154655694961548, 0.0 ] ] } },
{ "type": "Feature", "properties": { "line_id": "SWD-WORK-017", "source_id": "170", "work_status": "Work Completed", "size_text": "[ 1800*1500 ,C]", "height_m": 1.8, "width_m": 1.5, "model_use": "capacity scenario evidence; do not assume completed widening without latest field confirmation" }, "geometry": { "type": "LineString", "coordinates": [ [ 703907.643298846902326, 3142939.30350375873968, 0.0 ], [ 703798.090930134756491, 3143199.153996352571994, 0.0 ], [ 703785.277621263405308, 3143234.949002536013722, 0.0 ], [ 703659.497850887826644, 3143586.335624004714191, 0.0 ], [ 703630.315653665922582, 3143652.491050020325929, 0.0 ], [ 703569.204098436166532, 3143794.632750192191452, 0.0 ], [ 703510.934012083802372, 3143932.940483883488923, 0.0 ], [ 703419.387995669734664, 3144142.226319123990834, 0.0 ], [ 703392.400441694771871, 3144201.228520448785275, 0.0 ], [ 703333.530532288597897, 3144314.845240762922913, 0.0 ], [ 703285.243977375677787, 3144419.686596251092851, 0.0 ], [ 703249.525155942188576, 3144502.69978311797604, 0.0 ], [ 703194.602551601361483, 3144623.583684506360441, 0.0 ], [ 703212.72439286543522, 3144631.282599661033601, 0.0 ] ] } },
{ "type": "Feature", "properties": { "line_id": "SWD-WORK-018", "source_id": "192", "work_status": "Work Completed", "size_text": "[ 200 ɸ ]", "height_m": 0.0, "width_m": 0.0, "model_use": "capacity scenario evidence; do not assume completed widening without latest field confirmation" }, "geometry": { "type": "LineString", "coordinates": [ [ 705999.429795960779302, 3143444.010038475506008, 0.0 ], [ 705973.17546955414582, 3143682.590351228602231, 0.0 ], [ 705968.412960029672831, 3143758.261335913557559, 0.0 ], [ 705955.97751850169152, 3143929.447094944771379, 0.0 ], [ 705931.371219280990772, 3144150.374620144721121, 0.0 ], [ 705915.844288347754627, 3144275.492796207312495, 0.0 ], [ 705908.61700711492449, 3144333.731236859690398, 0.0 ], [ 705899.468440776341595, 3144407.360662204679102, 0.0 ], [ 705887.437458524596877, 3144504.188326614908874, 0.0 ] ] } },
{ "type": "Feature", "properties": { "line_id": "SWD-WORK-019", "source_id": "166", "work_status": "Work Completed", "size_text": "[ 1100 ɸ ]", "height_m": 0.0, "width_m": 0.0, "model_use": "capacity scenario evidence; do not assume completed widening without latest field confirmation" }, "geometry": { "type": "LineString", "coordinates": [ [ 704986.425820253556594, 3143539.402784608770162, 0.0 ], [ 704972.871198125882074, 3143615.100299580488354, 0.0 ], [ 704972.145413572667167, 3143620.802469440270215, 0.0 ], [ 704954.879495470435359, 3143756.454228112474084, 0.0 ], [ 704934.374246131395921, 3143893.376376968808472, 0.0 ], [ 704927.612990496912971, 3143940.222219560761005, 0.0 ], [ 704925.113810941576958, 3143957.537963634356856, 0.0 ], [ 704922.00495055585634, 3144041.0803182143718, 0.0 ], [ 704918.565360330510885, 3144149.295117982663214, 0.0 ], [ 704916.713273305911571, 3144228.40569287026301, 0.0 ], [ 704917.771608751500025, 3144273.120365634094924, 0.0 ], [ 704919.359111928846687, 3144311.220441824290901, 0.0 ], [ 704921.475782823050395, 3144380.541413808241487, 0.0 ], [ 704919.359111928497441, 3144428.431092920713127, 0.0 ], [ 704914.332018534303643, 3144497.752064885571599, 0.0 ], [ 704903.219496309757233, 3144552.256340565625578, 0.0 ], [ 704874.909023035084829, 3144650.152369692921638, 0.0 ], [ 704843.423543382668868, 3144775.565120510756969, 0.0 ], [ 704839.454785458859988, 3144802.55267448304221, 0.0 ], [ 704825.961008458398283, 3144910.238306544255465, 0.0 ], [ 704818.023492586915381, 3144990.407216868828982, 0.0 ], [ 704812.467231471673585, 3145052.055256831925362, 0.0 ], [ 704823.050585965858772, 3145138.309596006758511, 0.0 ], [ 704829.806514414376579, 3145217.985277903731912, 0.0 ], [ 704822.133582410635427, 3145217.456110191065818, 0.0 ] ] } },
{ "type": "Feature", "properties": { "line_id": "SWD-WORK-020", "source_id": "14", "work_status": "Work Completed", "size_text": "[ 1200 ɸ ]", "height_m": 0.0, "width_m": 0.0, "model_use": "capacity scenario evidence; do not assume completed widening without latest field confirmation" }, "geometry": { "type": "LineString", "coordinates": [ [ 707501.133379559381865, 3144853.231451102998108, 0.0 ], [ 706870.237628060393035, 3144619.369796513579786, 0.0 ], [ 705915.844288347754627, 3144275.492796207312495, 0.0 ] ] } },
{ "type": "Feature", "properties": { "line_id": "SWD-WORK-021", "source_id": "191", "work_status": "Work Completed", "size_text": "[ 1800*1200 ,C]", "height_m": 1.8, "width_m": 1.2, "model_use": "capacity scenario evidence; do not assume completed widening without latest field confirmation" }, "geometry": { "type": "LineString", "coordinates": [ [ 705887.437458524596877, 3144504.188326614908874, 0.0 ], [ 705886.65654652682133, 3144510.473257007077336, 0.0 ], [ 705871.575266361935064, 3144627.948491949122399, 0.0 ], [ 705860.198160266503692, 3144727.167440390679985, 0.0 ], [ 705852.260644390480593, 3144794.900909183546901, 0.0 ], [ 705846.704383283038624, 3144856.813533022999763, 0.0 ], [ 705837.443948100320995, 3144990.163799718022346, 0.0 ], [ 705826.860593593679368, 3145122.984898698050529, 0.0 ], [ 705818.923077714745887, 3145281.735216193366796, 0.0 ], [ 705814.711224709055386, 3145341.434311178978533, 0.0 ] ] } },
{ "type": "Feature", "properties": { "line_id": "SWD-WORK-022", "source_id": "162", "work_status": "Work Completed", "size_text": "[ 2(N)*3200*2120 ,C]", "height_m": 3.0, "width_m": 2.12, "model_use": "capacity scenario evidence; do not assume completed widening without latest field confirmation" }, "geometry": { "type": "LineString", "coordinates": [ [ 704829.806514414027333, 3145217.985277904197574, 0.0 ], [ 704822.21997320803348, 3145217.466697200667113, 0.0 ], [ 704717.824143590521999, 3145184.830845543649048, 0.0 ], [ 704588.830701700528152, 3145139.391825498081744, 0.0 ], [ 704442.569201967795379, 3145089.254600181709975, 0.0 ], [ 704348.113623313605785, 3145056.089523776434362, 0.0 ], [ 704125.189061544719152, 3144979.57786092069, 0.0 ], [ 703838.947334415512159, 3144884.26988185569644, 0.0 ], [ 703790.544358314247802, 3144870.9579824693501, 0.0 ], [ 703730.103455075877719, 3144850.067167413886636, 0.0 ], [ 703533.334471833892167, 3144767.261364063248038, 0.0 ], [ 703230.646069650072604, 3144638.88363164383918, 0.0 ], [ 703212.72439286543522, 3144631.282599660567939, 0.0 ] ] } },
{ "type": "Feature", "properties": { "line_id": "SWD-WORK-023", "source_id": "161", "work_status": "Work Completed", "size_text": "[ 2(N)*3000*2120 ,C]", "height_m": 2.3, "width_m": 2.12, "model_use": "capacity scenario evidence; do not assume completed widening without latest field confirmation" }, "geometry": { "type": "LineString", "coordinates": [ [ 705449.549894542433321, 3145220.57908172160387, 0.0 ], [ 705251.641165385488421, 3145217.139491498470306, 0.0 ], [ 704978.061451561748981, 3145216.081156050320715, 0.0 ], [ 704897.607669384917244, 3145217.114238237962127, 0.0 ], [ 704829.806514414376579, 3145217.985277903731912, 0.0 ] ] } },
{ "type": "Feature", "properties": { "line_id": "SWD-WORK-024", "source_id": "217", "work_status": "Work Completed", "size_text": "[4500*2420,C ]", "height_m": 4.5, "width_m": 2.42, "model_use": "capacity scenario evidence; do not assume completed widening without latest field confirmation" }, "geometry": { "type": "LineString", "coordinates": [ [ 705682.626242014113814, 3145297.635976511053741, 0.0 ], [ 705602.21478319785092, 3145270.056263995822519, 0.0 ], [ 705474.156193747883663, 3145226.399926692247391, 0.0 ], [ 705449.549894542433321, 3145220.57908172160387, 0.0 ] ] } },
{ "type": "Feature", "properties": { "line_id": "SWD-WORK-025", "source_id": "160", "work_status": "Work Completed", "size_text": "[ 1800 ɸ ]", "height_m": 0.0, "width_m": 0.0, "model_use": "capacity scenario evidence; do not assume completed widening without latest field confirmation" }, "geometry": { "type": "LineString", "coordinates": [ [ 705947.23302012111526, 3145385.830511620733887, 0.0 ], [ 705913.629989368608221, 3145373.773138109594584, 0.0 ], [ 705814.711224709055386, 3145341.434311178978533, 0.0 ], [ 705721.012937460793182, 3145310.8021788187325, 0.0 ], [ 705682.626242014113814, 3145297.635976511053741, 0.0 ] ] } },
{ "type": "Feature", "properties": { "line_id": "SWD-WORK-026", "source_id": "159", "work_status": "Work Completed", "size_text": "[4500*2420,C ]", "height_m": 4.5, "width_m": 2.42, "model_use": "capacity scenario evidence; do not assume completed widening without latest field confirmation" }, "geometry": { "type": "LineString", "coordinates": [ [ 706490.658958235988393, 3145381.790772834792733, 0.0 ], [ 706436.57349104527384, 3145404.535862092860043, 0.0 ], [ 706371.487286366056651, 3145425.817467317450792, 0.0 ], [ 706287.484414705191739, 3145441.571863733697683, 0.0 ], [ 706258.557861936278641, 3145442.120768494904041, 0.0 ], [ 706236.214316675788723, 3145439.619563872925937, 0.0 ], [ 706212.076086052577011, 3145440.17323041614145, 0.0 ], [ 706144.537644941941835, 3145435.035150427836925, 0.0 ], [ 706048.567759245401248, 3145422.191984938457608, 0.0 ], [ 705947.23302012111526, 3145385.830511620733887, 0.0 ] ] } },
{ "type": "Feature", "properties": { "line_id": "SWD-WORK-027", "source_id": "226", "work_status": "Work Completed", "size_text": "[ 1200 ɸ ]", "height_m": 1.0, "width_m": 1.0, "model_use": "capacity scenario evidence; do not assume completed widening without latest field confirmation" }, "geometry": { "type": "LineString", "coordinates": [ [ 707308.86655656946823, 3146057.462622745428234, 0.0 ], [ 707411.099063755013049, 3145325.541353697422892, 0.0 ], [ 707434.204901773366146, 3145220.903953269124031, 0.0 ], [ 707501.133379559381865, 3144853.231451102998108, 0.0 ] ] } },
{ "type": "Feature", "properties": { "line_id": "SWD-WORK-028", "source_id": "219", "work_status": "Creeks", "size_text": "[2400*1200]", "height_m": 0.0, "width_m": 0.0, "model_use": "capacity scenario evidence; do not assume completed widening without latest field confirmation" }, "geometry": { "type": "LineString", "coordinates": [ [ 706914.019929562229663, 3146937.709599797148257, 0.0 ], [ 706784.742443029070273, 3146863.691066901665181, 0.0 ], [ 706711.108782796538435, 3146797.232813522219658, 0.0 ], [ 706627.971973798237741, 3146761.758603960741311, 0.0 ], [ 706562.887777094379999, 3146750.066039250697941, 0.0 ], [ 706437.980896179447882, 3146745.766434080898762, 0.0 ], [ 706354.432908945833333, 3146723.200293137691915, 0.0 ], [ 706240.253326759673655, 3146638.901426676660776, 0.0 ], [ 706159.344330470892601, 3146572.067854701541364, 0.0 ], [ 706086.115292249131016, 3146492.707794547080994, 0.0 ], [ 705979.169862639042549, 3146421.199771473184228, 0.0 ], [ 705890.577180628431961, 3146366.895405231975019, 0.0 ], [ 705852.520180994644761, 3146302.923337754327804, 0.0 ], [ 705825.283701054868288, 3146260.242802401538938, 0.0 ], [ 705721.327862743637525, 3146230.994354349561036, 0.0 ], [ 705652.620811502099968, 3146212.913159650284797, 0.0 ], [ 705595.471123520284891, 3146173.931685558054596, 0.0 ], [ 705508.960600439226255, 3146107.005414846818894, 0.0 ], [ 705474.005204398185015, 3146078.962844476103783, 0.0 ], [ 705436.165629185037687, 3146002.33479595836252, 0.0 ], [ 705403.626231158035807, 3145942.681136093568057, 0.0 ], [ 705387.576996157527901, 3145900.196813116315752, 0.0 ], [ 705401.146450507687405, 3145870.8900864017196, 0.0 ], [ 705388.643196394434199, 3145839.018726007081568, 0.0 ], [ 705363.085064008831978, 3145806.91989335976541, 0.0 ], [ 705296.249193549156189, 3145681.251979196909815, 0.0 ], [ 705226.66520652465988, 3145606.182169323787093, 0.0 ], [ 705182.529473810689524, 3145569.539896462112665, 0.0 ], [ 705102.994931161636487, 3145530.171543435193598, 0.0 ], [ 705047.448235289659351, 3145505.992617032025009, 0.0 ], [ 704960.452775867655873, 3145466.49550523981452, 0.0 ], [ 704876.930149780935608, 3145441.830995234195143, 0.0 ], [ 704828.719631423125975, 3145433.152005117852241, 0.0 ], [ 704829.173222440294921, 3145390.210629391483963, 0.0 ], [ 704794.140266993781552, 3145374.975427566096187, 0.0 ], [ 704766.71445256494917, 3145342.845659520477057, 0.0 ], [ 704731.022214836324565, 3145356.997214796487242, 0.0 ], [ 704678.398232102859765, 3145379.295725054573268, 0.0 ], [ 704627.932474122848362, 3145384.750177982263267, 0.0 ], [ 704595.094234101241454, 3145341.975795276928693, 0.0 ], [ 704556.953484111698344, 3145282.227771628648043, 0.0 ], [ 704531.904327556258067, 3145220.596834539435804, 0.0 ], [ 704530.734722891473211, 3145180.482434065081179, 0.0 ], [ 704525.828788917511702, 3145117.635361971333623, 0.0 ] ] } },
{ "type": "Feature", "properties": { "line_id": "SWD-WORK-029", "source_id": "197", "work_status": "Work Completed", "size_text": "[ 4000*1800,C ]", "height_m": 4.0, "width_m": 1.8, "model_use": "capacity scenario evidence; do not assume completed widening without latest field confirmation" }, "geometry": { "type": "LineString", "coordinates": [ [ 705225.47378898318857, 3146764.109478117898107, 0.0 ], [ 705113.624155394500121, 3146724.44412412494421, 0.0 ], [ 704991.259297966724262, 3146682.525995711795986, 0.0 ], [ 704884.983046790468507, 3146640.063585633877665, 0.0 ], [ 704831.716695961542428, 3146618.662229500245303, 0.0 ], [ 704830.13348766695708, 3146469.44190644659102, 0.0 ], [ 704828.880794287659228, 3146258.283811920322478, 0.0 ], [ 704828.263855694443919, 3146071.59796309331432, 0.0 ], [ 704828.580606813542545, 3145828.727518832776695, 0.0 ], [ 704828.033158627105877, 3145601.422871049493551, 0.0 ], [ 704828.719631423125975, 3145433.152005118317902, 0.0 ] ] } },
{ "type": "Feature", "properties": { "line_id": "SWD-WORK-030", "source_id": "37", "work_status": "Work Completed", "size_text": "[ 1000 ɸ ]", "height_m": 0.0, "width_m": 0.0, "model_use": "capacity scenario evidence; do not assume completed widening without latest field confirmation" }, "geometry": { "type": "LineString", "coordinates": [ [ 704831.716695961542428, 3146618.662229500245303, 0.0 ], [ 704764.31066073931288, 3146614.615627711173147, 0.0 ], [ 704714.674656213377602, 3146611.331586476881057, 0.0 ], [ 704672.362151230801828, 3146607.884819726459682, 0.0 ], [ 704567.126657110289671, 3146597.575673268176615, 0.0 ], [ 704426.278337642783299, 3146580.753403206821531, 0.0 ], [ 704424.639793339069001, 3146580.557703067548573, 0.0 ], [ 704354.889126607449725, 3146572.227006901055574, 0.0 ], [ 704309.725592921371572, 3146566.911470703780651, 0.0 ], [ 704263.491673050215468, 3146563.411827828735113, 0.0 ], [ 704234.762831128435209, 3146560.932648069690913, 0.0 ], [ 704198.629412892274559, 3146564.629029995761812, 0.0 ], [ 704136.049500128487125, 3146571.106511042453349, 0.0 ], [ 704013.546252123895101, 3146580.959591981954873, 0.0 ], [ 703892.84127203177195, 3146593.190197406802326, 0.0 ], [ 703803.027056682854891, 3146602.699630021583289, 0.0 ], [ 703713.760372199234553, 3146610.386119155213237, 0.0 ], [ 703607.734116888022982, 3146619.938424639869481, 0.0 ], [ 703500.14987085852772, 3146628.68529669707641, 0.0 ], [ 703361.238512144540437, 3146638.578606726136059, 0.0 ], [ 703320.786249905824661, 3146642.608966349158436, 0.0 ], [ 703308.084179314784706, 3146646.975158462300897, 0.0 ] ] } },
{ "type": "Feature", "properties": { "line_id": "SWD-WORK-031", "source_id": "41", "work_status": "Work Completed", "size_text": "[ 1000 ɸ ]", "height_m": 0.0, "width_m": 0.0, "model_use": "capacity scenario evidence; do not assume completed widening without latest field confirmation" }, "geometry": { "type": "LineString", "coordinates": [ [ 702952.407620726386085, 3144869.250297464430332, 0.0 ], [ 702888.57676391559653, 3144914.891013734973967, 0.0 ], [ 702845.581886258674785, 3144959.539540524594486, 0.0 ], [ 702718.25090243271552, 3145076.617899688892066, 0.0 ], [ 702714.612874319893308, 3145089.18563315551728, 0.0 ], [ 702709.215495217591524, 3145096.382138642948121, 0.0 ], [ 702659.050263191340491, 3145163.269114664755762, 0.0 ], [ 702603.033449769136496, 3145225.058266022708267, 0.0 ], [ 702506.460339956567623, 3145309.72510201158002, 0.0 ], [ 702424.968510307720862, 3145383.543999658897519, 0.0 ], [ 702335.53916478366591, 3145459.214984317775816, 0.0 ], [ 702249.54941146762576, 3145532.448015998117626, 0.0 ] ] } },
{ "type": "Feature", "properties": { "line_id": "SWD-WORK-032", "source_id": "106", "work_status": "Work Completed", "size_text": "[ 1600 ɸ ]", "height_m": 0.0, "width_m": 0.0, "model_use": "capacity scenario evidence; do not assume completed widening without latest field confirmation" }, "geometry": { "type": "LineString", "coordinates": [ [ 702249.54941146762576, 3145532.448015998117626, 0.0 ], [ 702239.230638831621036, 3145541.235981702338904, 0.0 ], [ 702103.234533498063684, 3145656.329961902461946, 0.0 ], [ 701960.359247752116062, 3145776.18645160831511, 0.0 ], [ 701786.52765009785071, 3145923.030495285056531, 0.0 ], [ 701677.254514875239693, 3146014.311927851755172, 0.0 ], [ 701562.954286279622465, 3146110.620453810319304, 0.0 ], [ 701486.655564796528779, 3146178.173725228291005, 0.0 ] ] } },
{ "type": "Feature", "properties": { "line_id": "SWD-WORK-033", "source_id": "266", "work_status": "Work Completed", "size_text": "[ 2400*1200,C ]", "height_m": 0.0, "width_m": 0.0, "model_use": "capacity scenario evidence; do not assume completed widening without latest field confirmation" }, "geometry": { "type": "LineString", "coordinates": [ [ 701486.655564796528779, 3146178.173725228291005, 0.0 ], [ 701484.510903691174462, 3146175.668616896029562, 0.0 ], [ 701371.798178275930695, 3146044.964188809506595, 0.0 ], [ 701260.937539879931137, 3145892.563884013332427, 0.0 ], [ 701159.866504404461011, 3145744.661504874937236, 0.0 ], [ 701139.493547001271509, 3145720.848957259207964, 0.0 ], [ 701048.212114439113066, 3145623.217511996161193, 0.0 ], [ 700983.389068108401261, 3145554.954875469673425, 0.0 ] ] } },
{ "type": "Feature", "properties": { "line_id": "SWD-WORK-034", "source_id": "107", "work_status": "Work Completed", "size_text": "[ 1600 ɸ ]", "height_m": 0.0, "width_m": 0.0, "model_use": "capacity scenario evidence; do not assume completed widening without latest field confirmation" }, "geometry": { "type": "LineString", "coordinates": [ [ 703128.735126178711653, 3146516.496508613694459, 0.0 ], [ 702931.884732477599755, 3146297.68565432773903, 0.0 ], [ 702749.851035079685971, 3146093.691496345214546, 0.0 ], [ 702534.215187141206115, 3145851.068094424437732, 0.0 ], [ 702337.1002095710719, 3145631.728072409052402, 0.0 ], [ 702249.54941146762576, 3145532.448015998117626, 0.0 ] ] } },
{ "type": "Feature", "properties": { "line_id": "SWD-WORK-035", "source_id": "108", "work_status": "Work Completed", "size_text": "[ 1000 ɸ ]", "height_m": 0.0, "width_m": 0.0, "model_use": "capacity scenario evidence; do not assume completed widening without latest field confirmation" }, "geometry": { "type": "LineString", "coordinates": [ [ 701429.3306162529625, 3146461.42337762657553, 0.0 ], [ 701338.842935277149081, 3146535.506859133485705, 0.0 ], [ 701278.508547345059924, 3146585.758842709008604, 0.0 ], [ 701239.094819113612175, 3146618.586191970854998, 0.0 ], [ 701138.552951364894398, 3146701.665524775162339, 0.0 ], [ 701031.396487056277692, 3146790.830286443699151, 0.0 ], [ 700919.477513208752498, 3146883.170054462738335, 0.0 ], [ 700831.106503145419993, 3146955.666032793931663, 0.0 ], [ 700757.552189362933859, 3147016.784905016887933, 0.0 ], [ 700696.084716747631319, 3147060.538383816368878, 0.0 ] ] } },
{ "type": "Feature", "properties": { "line_id": "SWD-WORK-036", "source_id": "39", "work_status": "Work Completed", "size_text": "[ 1000 ɸ ]", "height_m": 0.0, "width_m": 0.0, "model_use": "capacity scenario evidence; do not assume completed widening without latest field confirmation" }, "geometry": { "type": "LineString", "coordinates": [ [ 702458.179517693119124, 3147349.362630944699049, 0.0 ], [ 702324.035499417688698, 3147187.966474803630263, 0.0 ], [ 702182.218549107434228, 3147013.341125565115362, 0.0 ], [ 702012.88487711828202, 3146812.257390057202429, 0.0 ], [ 701887.2075424217619, 3146656.417495063040406, 0.0 ], [ 701786.401090803788975, 3146534.973502173554152, 0.0 ], [ 701690.621732585947029, 3146415.910764039028436, 0.0 ], [ 701604.689512225333601, 3146315.841819827444851, 0.0 ], [ 701547.481862977379933, 3146249.222930661868304, 0.0 ], [ 701486.655564796528779, 3146178.173725228291005, 0.0 ] ] } },
{ "type": "Feature", "properties": { "line_id": "SWD-WORK-037", "source_id": "268", "work_status": "Work Completed", "size_text": "[ 1000 ɸ ]", "height_m": 0.0, "width_m": 0.0, "model_use": "capacity scenario evidence; do not assume completed widening without latest field confirmation" }, "geometry": { "type": "LineString", "coordinates": [ [ 703308.084179313853383, 3146646.975158461369574, 0.0 ], [ 703267.205972551135346, 3146651.605376041028649, 0.0 ], [ 703254.412460858351551, 3146656.196788019035012, 0.0 ], [ 703094.868391766794957, 3146793.515812650788575, 0.0 ], [ 703001.928889062837698, 3146876.510426934808493, 0.0 ], [ 702958.872286439640447, 3146914.959805537946522, 0.0 ], [ 702759.376054120599292, 3147081.91222278168425, 0.0 ], [ 702626.025787416612729, 3147197.799954553600401, 0.0 ], [ 702534.215187128167599, 3147278.233448762912303, 0.0 ], [ 702458.179517693119124, 3147349.362630944699049, 0.0 ] ] } },
{ "type": "Feature", "properties": { "line_id": "SWD-WORK-038", "source_id": "38", "work_status": "Work Completed", "size_text": "[ 1000 ɸ ]", "height_m": 0.0, "width_m": 0.0, "model_use": "capacity scenario evidence; do not assume completed widening without latest field confirmation" }, "geometry": { "type": "LineString", "coordinates": [ [ 702286.229552270611748, 3147488.64817514596507, 0.0 ], [ 702188.410191673436202, 3147574.166897569317371, 0.0 ], [ 702153.673037165077403, 3147604.535906909499317, 0.0 ], [ 702075.009780283202417, 3147666.645029034931213, 0.0 ], [ 701986.45603605650831, 3147736.563254306092858, 0.0 ], [ 701819.50361881731078, 3147880.232291635125875, 0.0 ], [ 701649.905362961813807, 3148019.667987188324332, 0.0 ], [ 701555.956869389628991, 3148097.42316269222647, 0.0 ] ] } },
{ "type": "Feature", "properties": { "line_id": "SWD-WORK-039", "source_id": "265", "work_status": "Work Completed", "size_text": "[ 1000 ɸ ]", "height_m": 0.0, "width_m": 0.0, "model_use": "capacity scenario evidence; do not assume completed widening without latest field confirmation" }, "geometry": { "type": "LineString", "coordinates": [ [ 703190.547649093670771, 3148249.74151502083987, 0.0 ], [ 703073.866165740182623, 3148108.982900190167129, 0.0 ], [ 702922.788780249888077, 3147929.59504140727222, 0.0 ], [ 702825.686502717901021, 3147812.648974186275154, 0.0 ], [ 702715.47388369764667, 3147679.272015818860382, 0.0 ], [ 702706.094596863025799, 3147667.92160138906911, 0.0 ], [ 702557.133882272639312, 3147492.502500558272004, 0.0 ], [ 702516.652551309671253, 3147436.675305570010096, 0.0 ], [ 702458.179517693119124, 3147349.362630944699049, 0.0 ] ] } },
{ "type": "Feature", "properties": { "line_id": "SWD-WORK-040", "source_id": "273", "work_status": "Work Completed", "size_text": "[ 800 ɸ ]", "height_m": 0.0, "width_m": 0.0, "model_use": "capacity scenario evidence; do not assume completed widening without latest field confirmation" }, "geometry": { "type": "LineString", "coordinates": [ [ 701072.621041815495118, 3148117.948077854700387, 0.0 ], [ 701389.114292896469124, 3147896.972938842140138, 0.0 ] ] } },
{ "type": "Feature", "properties": { "line_id": "SWD-WORK-041", "source_id": "34", "work_status": "Work in progress", "size_text": "1000", "height_m": 0.0, "width_m": 0.0, "model_use": "capacity scenario evidence; do not assume completed widening without latest field confirmation" }, "geometry": { "type": "LineString", "coordinates": [ [ 697569.045330918510444, 3143377.969381192699075, 0.0 ], [ 698016.522443246329203, 3145009.693914006929845, 0.0 ], [ 698020.900968759204261, 3145025.659991881344467, 0.0 ], [ 698457.340794240357354, 3145871.378004947677255, 0.0 ] ] } },
{ "type": "Feature", "properties": { "line_id": "SWD-WORK-042", "source_id": "50", "work_status": "Work Completed", "size_text": "[3040*1820]", "height_m": 3.04, "width_m": 1.82, "model_use": "capacity scenario evidence; do not assume completed widening without latest field confirmation" }, "geometry": { "type": "MultiLineString", "coordinates": [ [ [ 699747.867266511661001, 3145510.266063251998276, 0.0 ], [ 699747.867266496643424, 3145510.266063248272985, 0.0 ] ], [ [ 699747.867266496643424, 3145510.266063248272985, 0.0 ], [ 699098.335464959498495, 3145339.526936731301248, 0.0 ] ], [ [ 699860.417180273565464, 3145107.108635391108692, 0.0 ], [ 699848.103881836170331, 3145150.995727540459484, 0.0 ], [ 699784.603698734543286, 3145377.479492187034339, 0.0 ], [ 699747.867266496643424, 3145510.266063248272985, 0.0 ] ], [ [ 699747.867266496643424, 3145510.266063248272985, 0.0 ], [ 699747.867266495479271, 3145510.266063252463937, 0.0 ] ] ] } },
{ "type": "Feature", "properties": { "line_id": "SWD-WORK-043", "source_id": "267", "work_status": "Work Completed", "size_text": "[ 2700*1500,C ]", "height_m": 0.0, "width_m": 0.0, "model_use": "capacity scenario evidence; do not assume completed widening without latest field confirmation" }, "geometry": { "type": "LineString", "coordinates": [ [ 700983.389068108401261, 3145554.954875470139086, 0.0 ], [ 700981.096079651964828, 3145553.169495143461972, 0.0 ], [ 700948.72858213330619, 3145527.967321500647813, 0.0 ], [ 700871.734678149223328, 3145492.777667785529047, 0.0 ], [ 700776.74907150445506, 3145455.206759297288954, 0.0 ], [ 700723.567715139244683, 3145437.215056643821299, 0.0 ], [ 700623.555015104007907, 3145405.200409295037389, 0.0 ], [ 700526.188153714872897, 3145376.625352132599801, 0.0 ], [ 700397.864980406593531, 3145332.175263231620193, 0.0 ], [ 700248.639681947184727, 3145271.056390988640487, 0.0 ], [ 700059.462220259476453, 3145191.945816121529788, 0.0 ], [ 699943.045320762787014, 3145142.997801554389298, 0.0 ], [ 699860.417180273565464, 3145107.108635391108692, 0.0 ] ] } },
{ "type": "Feature", "properties": { "line_id": "SWD-WORK-044", "source_id": "144", "work_status": "Work Completed", "size_text": "[ 2(N)*3700*2730 ,C]", "height_m": 3.7, "width_m": 2.73, "model_use": "capacity scenario evidence; do not assume completed widening without latest field confirmation" }, "geometry": { "type": "MultiLineString", "coordinates": [ [ [ 698457.340794241987169, 3145871.378004951402545, 0.0 ], [ 698309.592244180850685, 3145887.389520708471537, 0.0 ], [ 698179.672955062240362, 3145959.05863824300468, 0.0 ], [ 698074.069520038552582, 3146026.91750324703753, 0.0 ], [ 697908.933613090775907, 3146085.336712289601564, 0.0 ], [ 697824.483766836114228, 3146115.570610241964459, 0.0 ], [ 697619.279244691133499, 3146116.347679367288947, 0.0 ], [ 697586.171762201935053, 3146088.360865319147706, 0.0 ], [ 697518.930902752093971, 3146093.563962426036596, 0.0 ], [ 697417.275508714839816, 3146142.095954164862633, 0.0 ] ], [ [ 699098.335464961826801, 3145339.526936734095216, 0.0 ], [ 699033.789730652235448, 3145544.905822057276964, 0.0 ], [ 698953.356236450374126, 3145633.805999854579568, 0.0 ], [ 698457.340794241987169, 3145871.378004951402545, 0.0 ] ], [ [ 698457.340794241987169, 3145871.378004951402545, 0.0 ], [ 698457.332085368223488, 3145871.382176415994763, 0.0 ] ] ] } },
{ "type": "Feature", "properties": { "line_id": "SWD-WORK-045", "source_id": "232", "work_status": "Work Completed", "size_text": "[3700*1500,C ]", "height_m": 3.7, "width_m": 1.5, "model_use": "capacity scenario evidence; do not assume completed widening without latest field confirmation" }, "geometry": { "type": "LineString", "coordinates": [ [ 699690.981875562109053, 3145687.203620841726661, 0.0 ], [ 699630.779298390611075, 3145896.948864441830665, 0.0 ], [ 699558.576911124167964, 3146152.018514569383115, 0.0 ], [ 699543.825732235098258, 3146199.231206171214581, 0.0 ], [ 699514.203611501259729, 3146301.036215719766915, 0.0 ], [ 699498.109170357347466, 3146373.535215884912759, 0.0 ] ] } },
{ "type": "Feature", "properties": { "line_id": "SWD-WORK-046", "source_id": "42", "work_status": "Work Completed", "size_text": "[ 800 ɸ ]", "height_m": 0.0, "width_m": 0.0, "model_use": "capacity scenario evidence; do not assume completed widening without latest field confirmation" }, "geometry": { "type": "LineString", "coordinates": [ [ 700574.365898501360789, 3147161.263348499778658, 0.0 ], [ 700300.338885634904727, 3147386.543119387701154, 0.0 ], [ 700233.317299734801054, 3147441.986826613079756, 0.0 ], [ 700222.718412088695914, 3147450.658643770962954, 0.0 ], [ 700076.15448541380465, 3147570.574583795387298, 0.0 ], [ 699920.050006545963697, 3147699.691508691292256, 0.0 ] ] } },
{ "type": "Feature", "properties": { "line_id": "SWD-WORK-047", "source_id": "47", "work_status": "Work Completed", "size_text": "[1200*200 ]", "height_m": 2.4, "width_m": 1.8, "model_use": "capacity scenario evidence; do not assume completed widening without latest field confirmation" }, "geometry": { "type": "LineString", "coordinates": [ [ 703137.101708878530189, 3148551.631702146492898, 0.0 ], [ 703115.93499987188261, 3148569.358820935245603, 0.0 ], [ 703054.022376041859388, 3148614.867245289031416, 0.0 ], [ 702983.907652485650033, 3148660.640253503806889, 0.0 ], [ 702929.138792947749607, 3148690.53822997584939, 0.0 ], [ 702882.186302558053285, 3148711.425827025901526, 0.0 ], [ 702877.530218148254789, 3148713.497177689801902, 0.0 ], [ 702859.553237115498632, 3148721.494541870430112, 0.0 ], [ 702840.766638629836962, 3148728.260344836395234, 0.0 ], [ 702692.148297310224734, 3148787.941078906413168, 0.0 ], [ 702672.492446326767094, 3148797.430110420100391, 0.0 ], [ 702631.217363775358535, 3148826.798919161781669, 0.0 ], [ 702574.861001062206924, 3148875.217765985522419, 0.0 ], [ 702427.487789650913328, 3148995.603423435240984, 0.0 ], [ 702346.321125411312096, 3149063.922644104342908, 0.0 ], [ 702311.825064383912832, 3149020.74484352208674, 0.0 ], [ 702113.387167514883913, 3148780.238112489692867, 0.0 ], [ 702106.466468105325475, 3148771.800332034006715, 0.0 ], [ 702045.140683089382946, 3148697.030203197151423, 0.0 ], [ 701938.735359875136055, 3148567.301019952632487, 0.0 ], [ 701817.859276577364653, 3148419.334752833470702, 0.0 ], [ 701736.857872790424153, 3148320.179692389443517, 0.0 ], [ 701555.956869389628991, 3148097.42316269222647, 0.0 ], [ 701534.451217978959903, 3148070.941693909466267, 0.0 ], [ 701389.114311660756357, 3147896.972973384894431, 0.0 ], [ 701353.475856038625352, 3147854.313656482379884, 0.0 ], [ 701263.585598187986761, 3147745.931064434349537, 0.0 ], [ 701097.821698890416883, 3147546.073456661310047, 0.0 ], [ 700763.189258797327057, 3147141.392438965849578, 0.0 ], [ 700696.084716747631319, 3147060.538383816368878, 0.0 ], [ 700557.872181496233679, 3146894.006527536548674, 0.0 ], [ 700357.053029856644571, 3146647.149783828295767, 0.0 ], [ 700327.155053397524171, 3146613.547633284237236, 0.0 ], [ 700299.109163967892528, 3146595.820514490827918, 0.0 ], [ 700123.954646983533166, 3146547.137083793990314, 0.0 ], [ 699986.214743867050856, 3146509.196001400705427, 0.0 ], [ 699832.91239823680371, 3146466.968173458240926, 0.0 ], [ 699508.907287596492097, 3146376.54809570685029, 0.0 ], [ 699395.775810194434598, 3146344.98283893475309, 0.0 ], [ 699299.991992119466886, 3146318.258813544176519, 0.0 ], [ 698948.095454995287582, 3146217.981529648415744, 0.0 ], [ 698831.551721728290431, 3146182.798515850212425, 0.0 ], [ 698653.613616020302288, 3146129.081351859495044, 0.0 ], [ 698579.530134528176859, 3146108.179226720239967, 0.0 ], [ 698457.340794240357354, 3145871.378004947677255, 0.0 ] ] } },
{ "type": "Feature", "properties": { "line_id": "SWD-WORK-048", "source_id": "46", "work_status": "Work Completed", "size_text": "[ 1000 ɸ ]", "height_m": 0.0, "width_m": 0.0, "model_use": "capacity scenario evidence; do not assume completed widening without latest field confirmation" }, "geometry": { "type": "LineString", "coordinates": [ [ 700320.975146065698937, 3148189.805994126480073, 0.0 ], [ 700213.289514010073617, 3148058.572398316580802, 0.0 ], [ 700124.918503950117156, 3147951.680517884436995, 0.0 ], [ 700047.660016099340282, 3147856.165743506047875, 0.0 ], [ 699988.39323089888785, 3147785.521852225996554, 0.0 ], [ 699920.050006546080112, 3147699.691508691292256, 0.0 ] ] } },
{ "type": "Feature", "properties": { "line_id": "SWD-WORK-049", "source_id": "109", "work_status": "Work Completed", "size_text": "[ 1200 ɸ ]", "height_m": 0.0, "width_m": 0.0, "model_use": "capacity scenario evidence; do not assume completed widening without latest field confirmation" }, "geometry": { "type": "LineString", "coordinates": [ [ 699920.050006546080112, 3147699.691508691292256, 0.0 ], [ 699803.897690897108987, 3147795.470866911578923, 0.0 ], [ 699701.503736111917533, 3147879.873119053896517, 0.0 ], [ 699599.63894904172048, 3147961.629532565362751, 0.0 ], [ 699522.909628930268809, 3148025.394243430811912, 0.0 ], [ 699483.486633410211653, 3148066.669325975235552, 0.0 ], [ 699456.234495576703921, 3148116.675675987731665, 0.0 ], [ 699402.550429876078852, 3148230.235069783870131, 0.0 ], [ 699365.647377017885447, 3148303.31511864066124, 0.0 ] ] } },
{ "type": "Feature", "properties": { "line_id": "SWD-WORK-050", "source_id": "48", "work_status": "Work Completed", "size_text": "[ 2400*1800,C ]", "height_m": 2.4, "width_m": 1.8, "model_use": "capacity scenario evidence; do not assume completed widening without latest field confirmation" }, "geometry": { "type": "LineString", "coordinates": [ [ 700667.34997648652643, 3149844.828455818817019, 0.0 ], [ 700648.78148867469281, 3149822.1386274904944, 0.0 ], [ 700566.830329620279372, 3149721.999601624440402, 0.0 ], [ 700495.392686736537144, 3149635.480678569991142, 0.0 ], [ 700452.79468487505801, 3149583.886825381778181, 0.0 ], [ 700375.536197037668899, 3149487.313715575262904, 0.0 ], [ 700285.577683776151389, 3149378.834331958554685, 0.0 ], [ 700181.331641956814565, 3149252.363245686981827, 0.0 ], [ 700062.533487693406641, 3149105.519201988354325, 0.0 ], [ 699956.170774971600622, 3148972.698103012982756, 0.0 ], [ 699945.033197234966792, 3148959.131187859456986, 0.0 ], [ 699877.324783946736716, 3148876.654160929843783, 0.0 ], [ 699758.262045805575326, 3148731.133036549668759, 0.0 ], [ 699689.310767475981265, 3148645.228107887785882, 0.0 ], [ 699630.203456362942234, 3148571.588967451360077, 0.0 ], [ 699556.649142592563294, 3148484.011708969715983, 0.0 ], [ 699478.86148699966725, 3148390.613605516497046, 0.0 ], [ 699417.213447046931833, 3148336.109329844359308, 0.0 ], [ 699365.647377017885447, 3148303.31511864066124, 0.0 ], [ 699356.888326391577721, 3148297.744669775012881, 0.0 ], [ 699272.221490402822383, 3148265.730022415984422, 0.0 ], [ 699213.483872913522646, 3148252.765413156244904, 0.0 ], [ 699164.800442231004126, 3148248.267487477976829, 0.0 ], [ 699133.159630459500477, 3148249.825506306253374, 0.0 ], [ 699156.130542252678424, 3148098.318011046387255, 0.0 ], [ 699175.890948832267895, 3147922.454537296667695, 0.0 ], [ 699188.108661140548065, 3147806.602839500643313, 0.0 ], [ 699202.333856368320994, 3147682.344505514483899, 0.0 ], [ 699222.077241940423846, 3147507.535898240283132, 0.0 ], [ 699232.381810087710619, 3147449.681046297773719, 0.0 ], [ 699250.733945966232568, 3147357.144843024667352, 0.0 ], [ 699277.044703836087137, 3147235.201186664402485, 0.0 ], [ 699300.130519535043277, 3147138.524819049052894, 0.0 ], [ 699348.360371768125333, 3146977.914350246079266, 0.0 ], [ 699366.392511881305836, 3146904.364213897380978, 0.0 ], [ 699383.557016256498173, 3146794.838915582746267, 0.0 ], [ 699398.988773358054459, 3146709.638970323372632, 0.0 ], [ 699444.017348072724417, 3146528.928143025375903, 0.0 ], [ 699475.303524798946455, 3146420.872913790401071, 0.0 ], [ 699498.109170357347466, 3146373.535215884912759, 0.0 ] ] } },
{ "type": "Feature", "properties": { "line_id": "SWD-WORK-051", "source_id": "220", "work_status": "Creeks", "size_text": "[2400*1200]", "height_m": 0.0, "width_m": 0.0, "model_use": "capacity scenario evidence; do not assume completed widening without latest field confirmation" }, "geometry": { "type": "LineString", "coordinates": [ [ 706217.383423978462815, 3148073.820034736767411, 0.0 ], [ 706088.446962846326642, 3148017.080400827340782, 0.0 ], [ 706021.645359884249046, 3147989.990221039392054, 0.0 ], [ 705959.19599348003976, 3147983.919746780302376, 0.0 ], [ 705898.992502015433274, 3147983.119809159543365, 0.0 ], [ 705851.910529294633307, 3147951.261860696598887, 0.0 ], [ 705770.018945381627418, 3147929.003559352830052, 0.0 ], [ 705675.047571942792274, 3147930.363539725076407, 0.0 ], [ 705617.541534740943462, 3147900.778905996121466, 0.0 ], [ 705566.393711149459705, 3147880.711490272544324, 0.0 ], [ 705538.98226346867159, 3147852.05027187988162, 0.0 ], [ 705533.674935768824071, 3147833.114672299474478, 0.0 ], [ 705538.405353723792359, 3147790.730523398611695, 0.0 ], [ 705522.399886960163713, 3147740.211062237620354, 0.0 ], [ 705424.194065619725734, 3147705.895971871912479, 0.0 ], [ 705337.826119469944388, 3147722.045708533376455, 0.0 ], [ 705283.662731200107373, 3147719.756874701008201, 0.0 ], [ 705205.236239219317213, 3147765.882573834620416, 0.0 ], [ 705192.586761298589408, 3147776.720015602186322, 0.0 ], [ 705142.570861673797481, 3147776.058761717285961, 0.0 ], [ 705057.884019506862387, 3147770.223314295057207, 0.0 ], [ 705024.747705421294086, 3147754.064581579528749, 0.0 ], [ 704999.202350597130135, 3147723.414661112707108, 0.0 ] ] } },
{ "type": "Feature", "properties": { "line_id": "SWD-WORK-052", "source_id": "105", "work_status": "Work Completed", "size_text": "[ 1000 ɸ ]", "height_m": 0.0, "width_m": 0.0, "model_use": "capacity scenario evidence; do not assume completed widening without latest field confirmation" }, "geometry": { "type": "LineString", "coordinates": [ [ 704232.325440996442921, 3148767.07550629042089, 0.0 ], [ 704146.07110182417091, 3148727.387926930561662, 0.0 ], [ 704019.600015537231229, 3148669.44406103156507, 0.0 ], [ 703896.568519474938512, 3148619.702294898219407, 0.0 ], [ 703804.493335330393165, 3148583.718889584764838, 0.0 ], [ 703708.449393235961907, 3148546.41256497381255, 0.0 ], [ 703635.210375233320519, 3148518.607226378750056, 0.0 ], [ 703522.976105634472333, 3148447.193616542499512, 0.0 ], [ 703426.402995821204968, 3148383.16432180814445, 0.0 ], [ 703378.513316705124453, 3148360.145525770727545, 0.0 ], [ 703290.295765257673338, 3148369.862588616553694, 0.0 ], [ 703190.547649093554355, 3148249.741515023168176, 0.0 ] ] } },
{ "type": "Feature", "properties": { "line_id": "SWD-WORK-053", "source_id": "221", "work_status": "Creeks", "size_text": "[2400*1800]", "height_m": 0.0, "width_m": 0.0, "model_use": "capacity scenario evidence; do not assume completed widening without latest field confirmation" }, "geometry": { "type": "LineString", "coordinates": [ [ 707177.233882045373321, 3149297.541443915572017, 0.0 ], [ 706964.805371382739395, 3149048.486226929817349, 0.0 ], [ 706831.266615954227746, 3149085.706408622674644, 0.0 ], [ 706740.095992889022455, 3149099.931704659480602, 0.0 ], [ 706656.056260667275637, 3149106.369416566565633, 0.0 ], [ 706555.231469042599201, 3149072.945864154025912, 0.0 ], [ 706475.312071720720269, 3149043.846627227030694, 0.0 ], [ 706406.920357544790022, 3148955.599215521942824, 0.0 ], [ 706313.490546410786919, 3148920.252261637710035, 0.0 ], [ 706241.015773877734318, 3148905.265635113231838, 0.0 ], [ 706117.631889002397656, 3148895.191149298567325, 0.0 ], [ 705899.398742076591589, 3148869.741983655374497, 0.0 ], [ 705828.12215161207132, 3148858.416891491506249, 0.0 ], [ 705681.002924519358203, 3148826.884582189377397, 0.0 ], [ 705626.04953137319535, 3148815.318397018592805, 0.0 ], [ 705533.031955226906575, 3148815.324328949209303, 0.0 ], [ 705508.57424283248838, 3148814.105996900703758, 0.0 ], [ 705449.589472572086379, 3148827.584326710551977, 0.0 ], [ 705431.249539330834523, 3148840.03785347705707, 0.0 ], [ 705373.21909968170803, 3148868.690523244440556, 0.0 ], [ 705346.149917145143263, 3148876.952794080600142, 0.0 ], [ 705274.607145579764619, 3148885.80169802904129, 0.0 ], [ 705183.430447050603107, 3148898.807766926474869, 0.0 ], [ 705134.491533543216065, 3148902.278279653284699, 0.0 ], [ 705042.484589901519939, 3148884.320996358990669, 0.0 ], [ 704898.272271470283158, 3148865.89071917720139, 0.0 ], [ 704693.878544438281097, 3148847.440464684739709, 0.0 ], [ 704560.702280964935198, 3148839.164673521183431, 0.0 ], [ 704458.712216832325794, 3148831.435123450122774, 0.0 ] ] } },
{ "type": "Feature", "properties": { "line_id": "SWD-WORK-054", "source_id": "272", "work_status": "Work Completed", "size_text": "[800 ɸ]", "height_m": 0.0, "width_m": 0.0, "model_use": "capacity scenario evidence; do not assume completed widening without latest field confirmation" }, "geometry": { "type": "LineString", "coordinates": [ [ 703414.812017758376896, 3148820.497413487173617, 0.0 ], [ 703118.742675636196509, 3149270.289979746099561, 0.0 ], [ 703114.14408499293495, 3149297.999276820104569, 0.0 ], [ 703095.472074702731334, 3149642.925470352638513, 0.0 ], [ 703087.06239611026831, 3149792.779608062468469, 0.0 ] ] } },
{ "type": "Feature", "properties": { "line_id": "SWD-WORK-055", "source_id": "239", "work_status": "Work Completed", "size_text": "[ 900*900 ,C]", "height_m": 1.5, "width_m": 1.2, "model_use": "capacity scenario evidence; do not assume completed widening without latest field confirmation" }, "geometry": { "type": "LineString", "coordinates": [ [ 704423.782651266083121, 3150147.411679536104202, 0.0 ], [ 704274.510589982382953, 3150108.178341200575233, 0.0 ], [ 703927.32308619376272, 3150012.655853377655149, 0.0 ], [ 703714.597660752013326, 3149953.124484296888113, 0.0 ], [ 703531.770211765542626, 3149903.647302029654384, 0.0 ], [ 703332.009395567700267, 3149849.143026351928711, 0.0 ], [ 703162.994765214622021, 3149802.747791286557913, 0.0 ], [ 703156.008210239000618, 3149800.830013053491712, 0.0 ], [ 703087.062396110966802, 3149792.779608065262437, 0.0 ], [ 702834.715537264943123, 3149693.560659620910883, 0.0 ] ] } },
{ "type": "Feature", "properties": { "line_id": "SWD-WORK-056", "source_id": "222", "work_status": "Creeks", "size_text": "[1500*1500]", "height_m": 0.0, "width_m": 0.0, "model_use": "capacity scenario evidence; do not assume completed widening without latest field confirmation" }, "geometry": { "type": "LineString", "coordinates": [ [ 705344.737133489921689, 3150272.537340689450502, 0.0 ], [ 705327.839714829926379, 3150267.894319027196616, 0.0 ], [ 705308.973455017665401, 3150261.25665347231552, 0.0 ], [ 705284.940105024608783, 3150251.103466525673866, 0.0 ], [ 705249.580050017917529, 3150235.00770712736994, 0.0 ], [ 705239.633284964016639, 3150227.333176718093455, 0.0 ], [ 705218.081572470488027, 3150207.681188382208347, 0.0 ], [ 705205.04648111120332, 3150193.152316806372255, 0.0 ], [ 705185.254120016936213, 3150188.995073465164751, 0.0 ], [ 705152.752131770714186, 3150186.080921288114041, 0.0 ], [ 705135.090414666105062, 3150194.377177611924708, 0.0 ], [ 705126.129191733780317, 3150218.004791199229658, 0.0 ], [ 705122.161497356719337, 3150247.721587684936821, 0.0 ], [ 705111.668500239844434, 3150265.939887925516814, 0.0 ], [ 705086.59650463226717, 3150279.901727178134024, 0.0 ], [ 705014.679057086235844, 3150268.719027486164123, 0.0 ], [ 704801.677440617000684, 3150235.094761468470097, 0.0 ], [ 704728.982317673275247, 3150220.820045632310212, 0.0 ], [ 704634.230507198139094, 3150205.620550867635757, 0.0 ], [ 704615.95632849726826, 3150203.063396962359548, 0.0 ] ] } },
{ "type": "Feature", "properties": { "line_id": "SWD-WORK-057", "source_id": "236", "work_status": "Work Completed", "size_text": "[ 900*900 ,C]", "height_m": 0.9, "width_m": 0.9, "model_use": "capacity scenario evidence; do not assume completed widening without latest field confirmation" }, "geometry": { "type": "LineString", "coordinates": [ [ 703079.224099198589101, 3149994.855533056426793, 0.0 ], [ 702968.460827769944444, 3150799.296783946920186, 0.0 ] ] } },
{ "type": "Feature", "properties": { "line_id": "SWD-WORK-058", "source_id": "6", "work_status": "Work Completed", "size_text": "[ 900*900 ,C]", "height_m": 0.9, "width_m": 0.9, "model_use": "capacity scenario evidence; do not assume completed widening without latest field confirmation" }, "geometry": { "type": "LineString", "coordinates": [ [ 704307.358337578363717, 3150823.722690785303712, 0.0 ], [ 703868.202746967435814, 3150813.867767952848226, 0.0 ], [ 702968.460827769944444, 3150799.296783946454525, 0.0 ] ] } },
{ "type": "Feature", "properties": { "line_id": "SWD-WORK-059", "source_id": "45", "work_status": "Work Completed", "size_text": "[ 800 ɸ ]", "height_m": 0.0, "width_m": 0.0, "model_use": "capacity scenario evidence; do not assume completed widening without latest field confirmation" }, "geometry": { "type": "LineString", "coordinates": [ [ 701233.936282508540899, 3149184.198687079828233, 0.0 ], [ 701171.788653235882521, 3149106.472219821065664, 0.0 ], [ 701119.601395142963156, 3149041.787042307667434, 0.0 ], [ 701090.032239733147435, 3149005.136600479949266, 0.0 ], [ 700971.234085459145717, 3148854.323798855766654, 0.0 ], [ 700834.708812421420589, 3148678.904698020312935, 0.0 ], [ 700753.216982757090591, 3148571.74823369923979, 0.0 ], [ 700624.364641731372103, 3148454.008414895739406, 0.0 ], [ 700520.383183772442862, 3148358.758224380202591, 0.0 ] ] } },
{ "type": "Feature", "properties": { "line_id": "SWD-WORK-060", "source_id": "44", "work_status": "Work Completed", "size_text": "[ 1000 ɸ ]", "height_m": 0.0, "width_m": 0.0, "model_use": "capacity scenario evidence; do not assume completed widening without latest field confirmation" }, "geometry": { "type": "LineString", "coordinates": [ [ 702026.649191096192226, 3148835.615514907054603, 0.0 ], [ 701893.007469645701349, 3148943.265614953357726, 0.0 ], [ 701827.53502205433324, 3148996.670527640264481, 0.0 ], [ 701709.413139948621392, 3149096.495203332509845, 0.0 ], [ 701580.56079891952686, 3149200.212077449075878, 0.0 ], [ 701475.521005492890254, 3149286.201832763850689, 0.0 ], [ 701372.872388736926951, 3149361.266479394864291, 0.0 ] ] } },
{ "type": "Feature", "properties": { "line_id": "SWD-WORK-061", "source_id": "111", "work_status": "Work Completed", "size_text": "[ 1200 ɸ ]", "height_m": 0.0, "width_m": 0.0, "model_use": "capacity scenario evidence; do not assume completed widening without latest field confirmation" }, "geometry": { "type": "LineString", "coordinates": [ [ 701372.872388736926951, 3149361.266479394864291, 0.0 ], [ 701320.484783964813687, 3149404.393648994620889, 0.0 ], [ 701306.880198653554544, 3149415.905386640690267, 0.0 ], [ 701250.755911865620874, 3149463.395850326865911, 0.0 ], [ 701224.297525617526844, 3149479.800049818586558, 0.0 ], [ 701196.78080391662661, 3149492.50007520057261, 0.0 ], [ 701161.326566352276132, 3149505.729268333874643, 0.0 ], [ 701131.693168079014868, 3149514.195926111191511, 0.0 ], [ 701100.207694115582854, 3149523.191803255584091, 0.0 ], [ 701080.893072144361213, 3149529.012648231815547, 0.0 ], [ 701055.757605211343616, 3149539.860586606431752, 0.0 ], [ 701035.649231645045802, 3149554.148115181364119, 0.0 ], [ 700989.876223440514877, 3149580.606501423288137, 0.0 ], [ 700938.811537974281237, 3149625.585758042056113, 0.0 ], [ 700839.592589535983279, 3149705.490084515884519, 0.0 ], [ 700732.436125231673941, 3149792.538175284862518, 0.0 ], [ 700667.34997648652643, 3149844.828455818817019, 0.0 ] ] } },
{ "type": "Feature", "properties": { "line_id": "SWD-WORK-062", "source_id": "269", "work_status": "Work Completed", "size_text": "[ 1000 ɸ ]", "height_m": 0.0, "width_m": 0.0, "model_use": "capacity scenario evidence; do not assume completed widening without latest field confirmation" }, "geometry": { "type": "LineString", "coordinates": [ [ 702022.992200469016097, 3150261.346987855620682, 0.0 ], [ 702037.481867869617417, 3150250.728239243384451, 0.0 ], [ 701372.872388736926951, 3149361.266479394864291, 0.0 ] ] } },
{ "type": "Feature", "properties": { "line_id": "SWD-WORK-063", "source_id": "1", "work_status": "Work Completed", "size_text": "[ 1050*900 ,C]", "height_m": 1.05, "width_m": 0.9, "model_use": "capacity scenario evidence; do not assume completed widening without latest field confirmation" }, "geometry": { "type": "LineString", "coordinates": [ [ 702834.715537264710292, 3149693.560659616719931, 0.0 ], [ 702095.941692306660116, 3150328.975102995056659, 0.0 ], [ 701613.347810665378347, 3150733.530461774207652, 0.0 ], [ 701484.760053501697257, 3150800.205595138482749, 0.0 ], [ 701440.731173717067577, 3150854.209503511432558, 0.0 ] ] } },
{ "type": "Feature", "properties": { "line_id": "SWD-WORK-064", "source_id": "233", "work_status": "Work Completed", "size_text": "[ 900*900 ,C]", "height_m": 0.9, "width_m": 0.9, "model_use": "capacity scenario evidence; do not assume completed widening without latest field confirmation" }, "geometry": { "type": "LineString", "coordinates": [ [ 701808.859340569120832, 3151203.014453654177487, 0.0 ], [ 701630.722040737979114, 3151034.864727350883186, 0.0 ], [ 701457.155026930733584, 3150871.351900322828442, 0.0 ], [ 701440.731173717067577, 3150854.209503511432558, 0.0 ] ] } },
{ "type": "Feature", "properties": { "line_id": "SWD-WORK-065", "source_id": "139", "work_status": "Work Completed", "size_text": "[ 1500*1200 ,C]", "height_m": 1.5, "width_m": 1.2, "model_use": "capacity scenario evidence; do not assume completed widening without latest field confirmation" }, "geometry": { "type": "LineString", "coordinates": [ [ 701440.7311737164855, 3150854.209503509104252, 0.0 ], [ 701411.221553183160722, 3150895.365109566599131, 0.0 ], [ 701372.274808617308736, 3151126.505571853369474, 0.0 ], [ 701307.928013261407614, 3151261.972509449347854, 0.0 ], [ 701231.572459077462554, 3151369.802872236818075, 0.0 ], [ 700714.413492886349559, 3152052.760757686570287, 0.0 ], [ 700543.855217799544334, 3152313.176997179165483, 0.0 ] ] } },
{ "type": "Feature", "properties": { "line_id": "SWD-WORK-066", "source_id": "238", "work_status": "Work Completed", "size_text": "[ 900*900 ,C]", "height_m": 0.9, "width_m": 0.9, "model_use": "capacity scenario evidence; do not assume completed widening without latest field confirmation" }, "geometry": { "type": "LineString", "coordinates": [ [ 702802.733962865080684, 3151915.998958669602871, 0.0 ], [ 702703.080435456125997, 3152040.812572570517659, 0.0 ] ] } },
{ "type": "Feature", "properties": { "line_id": "SWD-WORK-067", "source_id": "7", "work_status": "Work Completed", "size_text": "[ 900*900 ,C]", "height_m": 0.9, "width_m": 0.9, "model_use": "capacity scenario evidence; do not assume completed widening without latest field confirmation" }, "geometry": { "type": "LineString", "coordinates": [ [ 703017.597136672586203, 3152424.571902537718415, 0.0 ], [ 702703.080435456125997, 3152040.812572570517659, 0.0 ] ] } },
{ "type": "Feature", "properties": { "line_id": "SWD-WORK-068", "source_id": "3", "work_status": "Work Completed", "size_text": "[ 900*900 ,C]", "height_m": 0.9, "width_m": 0.9, "model_use": "capacity scenario evidence; do not assume completed widening without latest field confirmation" }, "geometry": { "type": "LineString", "coordinates": [ [ 702703.080435456125997, 3152040.812572570517659, 0.0 ], [ 701893.997790679568425, 3152638.918648023158312, 0.0 ], [ 701246.104187742806971, 3153116.224079373758286, 0.0 ] ] } },
{ "type": "Feature", "properties": { "line_id": "SWD-WORK-069", "source_id": "110", "work_status": "Work Completed", "size_text": "[ 1000 ɸ ]", "height_m": 0.0, "width_m": 0.0, "model_use": "capacity scenario evidence; do not assume completed widening without latest field confirmation" }, "geometry": { "type": "LineString", "coordinates": [ [ 700520.383183772442862, 3148358.758224380202591, 0.0 ], [ 700416.066586247063242, 3148459.536012754309922, 0.0 ], [ 700330.076830923906527, 3148552.669532356318086, 0.0 ], [ 700276.544523807824589, 3148608.412956493441015, 0.0 ], [ 700157.536524343071505, 3148734.391448711510748, 0.0 ], [ 700098.301367364474572, 3148798.467940620146692, 0.0 ], [ 699993.261573967873119, 3148904.301485626026988, 0.0 ], [ 699945.033197234966792, 3148959.131187859456986, 0.0 ] ] } },
{ "type": "Feature", "properties": { "line_id": "SWD-WORK-070", "source_id": "147", "work_status": "Work Completed", "size_text": "[ 900*900 ,C]", "height_m": 0.9, "width_m": 0.9, "model_use": "capacity scenario evidence; do not assume completed widening without latest field confirmation" }, "geometry": { "type": "LineString", "coordinates": [ [ 699112.625451428815722, 3150563.358862604945898, 0.0 ], [ 699226.868434840580449, 3151901.763857174199075, 0.0 ] ] } },
{ "type": "Feature", "properties": { "line_id": "SWD-WORK-071", "source_id": "9", "work_status": "Work Completed", "size_text": "[ 900*900 ,C]", "height_m": 0.9, "width_m": 0.9, "model_use": "capacity scenario evidence; do not assume completed widening without latest field confirmation" }, "geometry": { "type": "LineString", "coordinates": [ [ 698531.548378173261881, 3150930.882997082546353, 0.0 ], [ 698547.854396848590113, 3150951.865292544011027, 0.0 ], [ 698584.229538688319735, 3151085.127852397039533, 0.0 ], [ 698607.926457322551869, 3151171.944939165376127, 0.0 ], [ 698664.238281741272658, 3151330.929767614230514, 0.0 ], [ 698692.221625010599382, 3151401.52744817873463, 0.0 ], [ 698812.424532258184627, 3151598.05681156180799, 0.0 ], [ 698850.583990650484338, 3151672.470723253674805, 0.0 ], [ 698866.483484311029315, 3151720.807821113150567, 0.0 ], [ 698951.246427705162205, 3151930.169498401228338, 0.0 ] ] } },
{ "type": "Feature", "properties": { "line_id": "SWD-WORK-072", "source_id": "190", "work_status": "Work Completed", "size_text": "[ 900 ɸ ]", "height_m": 0.0, "width_m": 0.0, "model_use": "capacity scenario evidence; do not assume completed widening without latest field confirmation" }, "geometry": { "type": "LineString", "coordinates": [ [ 700169.285187360830605, 3151675.701413307338953, 0.0 ], [ 700541.537006793543696, 3152192.221225041896105, 0.0 ], [ 700545.43742929585278, 3152202.946068385615945, 0.0 ], [ 700546.966367147862911, 3152223.470601862296462, 0.0 ], [ 700542.530717886053026, 3152246.720298567786813, 0.0 ], [ 700543.855217799544334, 3152313.176997179165483, 0.0 ] ] } },
{ "type": "Feature", "properties": { "line_id": "SWD-WORK-073", "source_id": "138", "work_status": "Work Completed", "size_text": "[ 2440*1650,C ]", "height_m": 0.0, "width_m": 0.0, "model_use": "capacity scenario evidence; do not assume completed widening without latest field confirmation" }, "geometry": { "type": "MultiLineString", "coordinates": [ [ [ 700543.855217799544334, 3152313.176997179165483, 0.0 ], [ 700479.297582193277776, 3152280.241953920572996, 0.0 ], [ 700405.992494112811983, 3152269.26091293618083, 0.0 ], [ 699927.2015365306288, 3152142.260658923536539, 0.0 ], [ 699646.530975185334682, 3152000.867042819038033, 0.0 ], [ 699562.74976553581655, 3151977.512734247371554, 0.0 ], [ 699261.296871401369572, 3151904.346849761903286, 0.0 ], [ 699202.285976227372885, 3151899.919558834284544, 0.0 ], [ 699072.913161290809512, 3151903.92351558431983, 0.0 ], [ 698982.742980951443315, 3151918.740211889147758, 0.0 ], [ 698951.061196835711598, 3151930.236713904887438, 0.0 ] ], [ [ 698951.061196847818792, 3151930.236713919788599, 0.0 ], [ 698750.992911254055798, 3152002.838788222521544, 0.0 ], [ 698685.139052400365472, 3152023.727088520303369, 0.0 ], [ 698641.466607755050063, 3152036.355707727372646, 0.0 ], [ 698527.23540326487273, 3152049.127139333635569, 0.0 ], [ 698306.528784812428057, 3152115.897977622225881, 0.0 ], [ 698282.553238195250742, 3152122.964454519562423, 0.0 ] ] ] } },
{ "type": "Feature", "properties": { "line_id": "SWD-WORK-074", "source_id": "8", "work_status": "Work Completed", "size_text": "[ 900*900 ,C]", "height_m": 0.9, "width_m": 0.9, "model_use": "capacity scenario evidence; do not assume completed widening without latest field confirmation" }, "geometry": { "type": "LineString", "coordinates": [ [ 697268.592090578051284, 3152138.40017077093944, 0.0 ], [ 697351.495424431515858, 3152179.561494891531765, 0.0 ], [ 697397.938542230520397, 3152258.718370490241796, 0.0 ], [ 697446.346557277604006, 3152341.225622628349811, 0.0 ], [ 697500.830521676689386, 3152437.37561072036624, 0.0 ], [ 697573.142617717850953, 3152558.625503008253872, 0.0 ], [ 697659.24309300177265, 3152617.421626759227365, 0.0 ], [ 697707.051156396744773, 3152650.991729401051998, 0.0 ] ] } },
{ "type": "Feature", "properties": { "line_id": "SWD-WORK-075", "source_id": "262", "work_status": "Work Completed", "size_text": "[ 1830*910 ,C]", "height_m": 0.0, "width_m": 0.0, "model_use": "capacity scenario evidence; do not assume completed widening without latest field confirmation" }, "geometry": { "type": "LineString", "coordinates": [ [ 698282.553238193504512, 3152122.964454531669617, 0.0 ], [ 698256.257850931026042, 3152130.714673919603229, 0.0 ], [ 698204.399413896724582, 3152166.698079220950603, 0.0 ], [ 698101.830822435207665, 3152219.341530300676823, 0.0 ], [ 698009.921035313047469, 3152264.604236951097846, 0.0 ], [ 697934.574771497398615, 3152340.356413327157497, 0.0 ], [ 697828.310672086663544, 3152463.147967366501689, 0.0 ], [ 697751.687185521237552, 3152586.338213751092553, 0.0 ], [ 697707.051156397908926, 3152650.991729401051998, 0.0 ], [ 697708.95157824922353, 3152926.814267557114363, 0.0 ], [ 697701.58051763754338, 3153018.51850663498044, 0.0 ], [ 697696.319005685858428, 3153083.977600559592247, 0.0 ], [ 697693.959640691289678, 3153144.319026155397296, 0.0 ] ] } },
{ "type": "Feature", "properties": { "line_id": "SWD-WORK-076", "source_id": "260", "work_status": "Work Completed", "size_text": "[900*900,C]", "height_m": 3.6, "width_m": 1.8, "model_use": "capacity scenario evidence; do not assume completed widening without latest field confirmation" }, "geometry": { "type": "LineString", "coordinates": [ [ 698194.812071895226836, 3154183.540966223925352, 0.0 ], [ 698131.723518535494804, 3154135.874059241265059, 0.0 ], [ 698006.013415498659015, 3154018.988776674494147, 0.0 ], [ 697909.533950234763324, 3153881.962470032274723, 0.0 ], [ 697823.194317786023021, 3153749.307673305273056, 0.0 ], [ 697747.797071212902665, 3153625.189511138945818, 0.0 ], [ 697728.250291234813631, 3153565.762080524116755, 0.0 ], [ 697701.968770142644644, 3153468.162991864606738, 0.0 ], [ 697698.546024241484702, 3153420.555707950145006, 0.0 ], [ 697691.773549313656986, 3153306.246023816987872, 0.0 ], [ 697693.959640691289678, 3153144.319026155397296, 0.0 ] ] } },
{ "type": "Feature", "properties": { "line_id": "SWD-WORK-077", "source_id": "140", "work_status": "Work Completed", "size_text": "[ 3050*1980,C ]", "height_m": 0.0, "width_m": 0.0, "model_use": "capacity scenario evidence; do not assume completed widening without latest field confirmation" }, "geometry": { "type": "MultiLineString", "coordinates": [ [ [ 701359.032478168606758, 3154648.910193856805563, 0.0 ], [ 700709.54882805980742, 3155083.806831154972315, 0.0 ], [ 700436.183664849027991, 3155187.657332096248865, 0.0 ], [ 700104.286269863136113, 3155311.47871776856482, 0.0 ], [ 699828.296272876672447, 3155413.754472160711884, 0.0 ] ], [ [ 699828.296272878185846, 3155413.754472160246223, 0.0 ], [ 699775.045871053822339, 3155433.87232768535614, 0.0 ] ] ] } },
{ "type": "Feature", "properties": { "line_id": "SWD-WORK-078", "source_id": "11", "work_status": "Work Completed", "size_text": "[ 600 ɸ ]", "height_m": 0.0, "width_m": 0.0, "model_use": "capacity scenario evidence; do not assume completed widening without latest field confirmation" }, "geometry": { "type": "LineString", "coordinates": [ [ 699300.533631308819167, 3154701.539728618226945, 0.0 ], [ 699828.296272878069431, 3155413.754472159780562, 0.0 ] ] } },
{ "type": "Feature", "properties": { "line_id": "SWD-WORK-079", "source_id": "237", "work_status": "Work Completed", "size_text": "[ 900*900 ,C]", "height_m": 0.9, "width_m": 0.9, "model_use": "capacity scenario evidence; do not assume completed widening without latest field confirmation" }, "geometry": { "type": "LineString", "coordinates": [ [ 702968.460827767499723, 3150799.296783941332251, 0.0 ], [ 702839.458643362973817, 3151679.739553451538086, 0.0 ], [ 702802.733962865080684, 3151915.998958669602871, 0.0 ] ] } },
{ "type": "Feature", "properties": { "line_id": "SWD-WORK-080", "source_id": "5", "work_status": "Work Completed", "size_text": "[ 1200*900 ,C]", "height_m": 1.2, "width_m": 0.9, "model_use": "capacity scenario evidence; do not assume completed widening without latest field confirmation" }, "geometry": { "type": "LineString", "coordinates": [ [ 704709.574466668418609, 3152262.266092154663056, 0.0 ], [ 704529.269343040534295, 3152224.794784596655518, 0.0 ], [ 704475.466276100138202, 3152226.03516069194302, 0.0 ], [ 704378.831142898299731, 3152228.263605276122689, 0.0 ], [ 704222.77264343330171, 3152208.765837549697608, 0.0 ], [ 703405.31709513720125, 3152053.609025562182069, 0.0 ], [ 702802.733962865080684, 3151915.998958669602871, 0.0 ] ] } },
{ "type": "Feature", "properties": { "line_id": "SWD-WORK-081", "source_id": "235", "work_status": "Work Completed", "size_text": "[ 1200*900 ,C]", "height_m": 1.2, "width_m": 0.9, "model_use": "capacity scenario evidence; do not assume completed widening without latest field confirmation" }, "geometry": { "type": "LineString", "coordinates": [ [ 704886.215931843267754, 3152308.29494379973039, 0.0 ], [ 704709.574466668418609, 3152262.266092154663056, 0.0 ] ] } },
{ "type": "Feature", "properties": { "line_id": "SWD-WORK-082", "source_id": "10", "work_status": "Work Completed", "size_text": "[ 1600 ɸ ]", "height_m": 0.0, "width_m": 0.0, "model_use": "capacity scenario evidence; do not assume completed widening without latest field confirmation" }, "geometry": { "type": "LineString", "coordinates": [ [ 705575.570003462955356, 3152426.060820172075182, 0.0 ], [ 705489.63316491455771, 3152473.58008188335225, 0.0 ], [ 705418.195522031513974, 3152529.671860723290592, 0.0 ], [ 705409.621302352403291, 3152536.518899466842413, 0.0 ], [ 705344.641208265325986, 3152588.409478202462196, 0.0 ], [ 705244.099340511369519, 3152654.026276092045009, 0.0 ], [ 705192.240903465892188, 3152680.484662348404527, 0.0 ], [ 705140.911634138552472, 3152714.880564475432038, 0.0 ], [ 705120.274092870065942, 3152725.993086697533727, 0.0 ], [ 705091.1498860710999, 3152767.571160086896271, 0.0 ], [ 705086.651960408315063, 3152814.402503736782819, 0.0 ], [ 705071.041512521449476, 3152847.475486577022821, 0.0 ], [ 705046.69979716069065, 3152873.933872818481177, 0.0 ], [ 704981.569070768426172, 3152925.388856162317097, 0.0 ], [ 704946.297415715525858, 3152953.254389400128275, 0.0 ], [ 704945.893345552263781, 3152953.57361543411389, 0.0 ], [ 704937.691245804307982, 3152976.327827596105635, 0.0 ], [ 704924.90253251302056, 3153004.730710463598371, 0.0 ], [ 704888.743231244850904, 3153031.625854865647852, 0.0 ], [ 704850.378571189008653, 3153055.967570207081735, 0.0 ], [ 704823.108794426079839, 3153066.092312686610967, 0.0 ], [ 704794.798321140930057, 3153062.917306342162192, 0.0 ], [ 704772.837860546540469, 3153068.208983582444489, 0.0 ], [ 704682.776867143227719, 3153122.65579535253346, 0.0 ], [ 704645.043854964198545, 3153145.467471424024552, 0.0 ], [ 704580.08851671568118, 3153233.93108586082235, 0.0 ], [ 704561.567646344774403, 3153251.922788510099053, 0.0 ], [ 704520.868760036537424, 3153267.640721959993243, 0.0 ], [ 704504.502855046768673, 3153273.961243939120322, 0.0 ], [ 704472.422061727149412, 3153295.789412598125637, 0.0 ], [ 704460.515787901706062, 3153312.325903998222202, 0.0 ], [ 704454.231921167811379, 3153327.208746277261525, 0.0 ], [ 704457.208489618264139, 3153351.682753565721214, 0.0 ], [ 704427.442805095459335, 3153480.005926853511482, 0.0 ], [ 704419.505289217573591, 3153500.180446401704103, 0.0 ], [ 704403.86176835175138, 3153512.351304083131254, 0.0 ], [ 704380.8429723092122, 3153518.965900635812432, 0.0 ], [ 704366.555443738820031, 3153527.168000355828553, 0.0 ], [ 704360.734598759561777, 3153555.743057508021593, 0.0 ], [ 704328.719951407285407, 3153611.570252500474453, 0.0 ], [ 704293.505005104583688, 3153667.863761454354972, 0.0 ], [ 704287.709452732815407, 3153677.187050393782556, 0.0 ], [ 704281.624023877317086, 3153689.357908056117594, 0.0 ], [ 704275.803178905392997, 3153714.493375020101666, 0.0 ], [ 704266.542743704398163, 3153734.86633242527023, 0.0 ], [ 704226.325996606261469, 3153780.903924502432346, 0.0 ], [ 704126.504160879412666, 3153813.310171058401465, 0.0 ] ] } },
{ "type": "Feature", "properties": { "line_id": "SWD-WORK-083", "source_id": "224", "work_status": "Work Completed", "size_text": "600", "height_m": 0.0, "width_m": 0.0, "model_use": "capacity scenario evidence; do not assume completed widening without latest field confirmation" }, "geometry": { "type": "LineString", "coordinates": [ [ 704126.504160879412666, 3153813.310171058401465, 0.0 ], [ 704067.023228785488755, 3153819.212968033272773, 0.0 ], [ 704040.161627085879445, 3153814.522847098298371, 0.0 ], [ 703976.132332361885346, 3153834.366636784281582, 0.0 ], [ 703888.8828917973442, 3153864.076163306366652, 0.0 ], [ 703814.722831108607352, 3153907.631965620443225, 0.0 ], [ 703771.328117436496541, 3153924.024928682949394, 0.0 ], [ 703731.427911277394742, 3153940.478636407293379, 0.0 ], [ 703696.711726199951954, 3153993.951394109521061, 0.0 ], [ 703671.519800815498456, 3154035.7192866303958, 0.0 ], [ 703647.515676810406148, 3154076.188916330225766, 0.0 ], [ 703603.847648106981069, 3154108.404426584485918, 0.0 ], [ 703581.063496646471322, 3154145.729964063037187, 0.0 ], [ 703584.119130459381267, 3154171.105678125284612, 0.0 ], [ 703591.902249507140368, 3154206.059357151854783, 0.0 ], [ 703587.242981160059571, 3154232.884054840076715, 0.0 ], [ 703557.76760606712196, 3154239.49532731436193, 0.0 ], [ 703541.748722879565321, 3154236.052434418350458, 0.0 ], [ 703527.004198901820928, 3154239.753667108714581, 0.0 ], [ 703512.218572596670128, 3154245.828213915694505, 0.0 ], [ 703495.144549626507796, 3154262.941843677777797, 0.0 ], [ 703478.591300750849769, 3154290.351882860995829, 0.0 ], [ 703464.98424866120331, 3154309.108271536417305, 0.0 ], [ 703454.325654200976714, 3154325.805507243145257, 0.0 ], [ 703438.087675323011354, 3154335.020327339880168, 0.0 ], [ 703411.106582159874961, 3154338.905462017282844, 0.0 ], [ 703391.600404688506387, 3154335.006715738214552, 0.0 ], [ 703365.372964875190519, 3154335.739660554565489, 0.0 ], [ 703337.261476681102067, 3154344.353406092151999, 0.0 ], [ 703310.527195787290111, 3154354.178053358569741, 0.0 ], [ 703289.020637551322579, 3154364.884557356126606, 0.0 ], [ 703261.580758521333337, 3154375.092766652815044, 0.0 ], [ 703237.340489118476398, 3154382.191051808651537, 0.0 ], [ 703216.937067102175206, 3154389.751424967311323, 0.0 ], [ 703170.27887665736489, 3154392.901052450295538, 0.0 ], [ 703142.268020920455456, 3154395.713864600751549, 0.0 ], [ 703079.257908679079264, 3154401.218873061705381, 0.0 ], [ 703037.681660652393475, 3154413.689102880656719, 0.0 ], [ 702981.077807104331441, 3154419.305352879688144, 0.0 ], [ 702898.758669428876601, 3154429.753240129444748, 0.0 ], [ 702833.944929558667354, 3154438.525607432704419, 0.0 ], [ 702786.659259721869603, 3154444.303674279712141, 0.0 ], [ 702754.265384608530439, 3154454.419438869226724, 0.0 ], [ 702738.631994161987677, 3154459.301340044476092, 0.0 ], [ 702675.176696892012842, 3154456.887467727996409, 0.0 ], [ 702611.229996879119426, 3154449.189918822608888, 0.0 ], [ 702559.399286379106343, 3154448.296066828537732, 0.0 ], [ 702510.514516968978569, 3154445.474900978151709, 0.0 ], [ 702479.043948645005003, 3154446.251300188247114, 0.0 ], [ 702443.269597008824348, 3154460.14246146613732, 0.0 ], [ 702418.657754397019744, 3154473.422647136729211, 0.0 ], [ 702384.139783167862333, 3154488.786399468313903, 0.0 ], [ 702364.461655654245988, 3154501.636228835210204, 0.0 ], [ 702355.302083224756643, 3154525.513381135184318, 0.0 ], [ 702355.119589308858849, 3154529.710407903417945, 0.0 ], [ 702356.35234836791642, 3154535.023877607192844, 0.0 ], [ 702363.198974346625619, 3154547.654528821818531, 0.0 ], [ 702361.904113503638655, 3154552.190933457575738, 0.0 ], [ 702346.938234262051992, 3154568.861232593189925, 0.0 ], [ 702335.890712099149823, 3154584.42219533585012, 0.0 ] ] } },
{ "type": "Feature", "properties": { "line_id": "SWD-WORK-084", "source_id": "250", "work_status": "Work Completed", "size_text": "[ 900*900 ,C]", "height_m": 0.9, "width_m": 0.9, "model_use": "capacity scenario evidence; do not assume completed widening without latest field confirmation" }, "geometry": { "type": "LineString", "coordinates": [ [ 703037.048717860947363, 3155657.440113387536258, 0.0 ], [ 702984.490116400760598, 3155520.044081163126975, 0.0 ], [ 702920.616520621581003, 3155414.979337840806693, 0.0 ] ] } },
{ "type": "Feature", "properties": { "line_id": "SWD-WORK-085", "source_id": "243", "work_status": "Work Completed", "size_text": "[ 900*900 ,C]", "height_m": 0.9, "width_m": 0.9, "model_use": "capacity scenario evidence; do not assume completed widening without latest field confirmation" }, "geometry": { "type": "LineString", "coordinates": [ [ 703409.094298931420781, 3156124.988624397199601, 0.0 ], [ 703092.016998123144731, 3155768.117910648230463, 0.0 ], [ 703037.048717860947363, 3155657.440113387536258, 0.0 ] ] } },
{ "type": "Feature", "properties": { "line_id": "SWD-WORK-086", "source_id": "4", "work_status": "Work Completed", "size_text": "[ 1200*900 ,C]", "height_m": 1.2, "width_m": 0.9, "model_use": "capacity scenario evidence; do not assume completed widening without latest field confirmation" }, "geometry": { "type": "LineString", "coordinates": [ [ 701246.104187742806971, 3153116.224079374223948, 0.0 ], [ 700645.276459970511496, 3152329.800050156190991, 0.0 ], [ 700543.855217799544334, 3152313.176997179165483, 0.0 ] ] } },
{ "type": "Feature", "properties": { "line_id": "SWD-WORK-087", "source_id": "240", "work_status": "Work Completed", "size_text": "[ 1200*900 ,C]", "height_m": 1.2, "width_m": 0.9, "model_use": "capacity scenario evidence; do not assume completed widening without latest field confirmation" }, "geometry": { "type": "LineString", "coordinates": [ [ 701781.691877462435514, 3153838.454884646460414, 0.0 ], [ 701246.104187742806971, 3153116.224079373758286, 0.0 ] ] } },
{ "type": "Feature", "properties": { "line_id": "SWD-WORK-088", "source_id": "242", "work_status": "Work Completed", "size_text": "[ 900*900 ,C]", "height_m": 0.9, "width_m": 0.9, "model_use": "capacity scenario evidence; do not assume completed widening without latest field confirmation" }, "geometry": { "type": "LineString", "coordinates": [ [ 701781.691877462435514, 3153838.454884646460414, 0.0 ], [ 702080.614755568094552, 3154247.105102255940437, 0.0 ], [ 702153.650214163702913, 3154346.955020928755403, 0.0 ], [ 702335.890712098218501, 3154584.42219533957541, 0.0 ] ] } },
{ "type": "Feature", "properties": { "line_id": "SWD-WORK-089", "source_id": "259", "work_status": "Work Completed", "size_text": "[ 900*900,C ]", "height_m": 0.9, "width_m": 0.9, "model_use": "capacity scenario evidence; do not assume completed widening without latest field confirmation" }, "geometry": { "type": "LineString", "coordinates": [ [ 703269.601843914948404, 3154426.835355009883642, 0.0 ], [ 703041.726949361502193, 3154430.132245468441397, 0.0 ], [ 702819.093091476941481, 3154492.598150086123496, 0.0 ], [ 702470.546589035191573, 3154765.312034609727561, 0.0 ] ] } },
{ "type": "Feature", "properties": { "line_id": "SWD-WORK-090", "source_id": "245", "work_status": "Work Completed", "size_text": "[ 2444*1520,C ]", "height_m": 0.0, "width_m": 0.0, "model_use": "capacity scenario evidence; do not assume completed widening without latest field confirmation" }, "geometry": { "type": "LineString", "coordinates": [ [ 702335.890712098218501, 3154584.422195337712765, 0.0 ], [ 702308.420972900465131, 3154627.227991500869393, 0.0 ], [ 702291.600636976771057, 3154633.307610986754298, 0.0 ], [ 702233.744783473201096, 3154631.940524144098163, 0.0 ], [ 702157.557952735573053, 3154630.140997011214495, 0.0 ], [ 702088.267357391305268, 3154627.833910951390862, 0.0 ], [ 701893.229678044095635, 3154621.342175552621484, 0.0 ], [ 701805.876554604619741, 3154618.435721950605512, 0.0 ], [ 701721.475168315693736, 3154615.628098774701357, 0.0 ], [ 701627.287699003703892, 3154612.495658352971077, 0.0 ], [ 701540.906827639788389, 3154609.623511800542474, 0.0 ], [ 701433.391455206088722, 3154618.303750481456518, 0.0 ], [ 701359.032478167675436, 3154648.910193856805563, 0.0 ] ] } },
{ "type": "Feature", "properties": { "line_id": "SWD-WORK-091", "source_id": "13", "work_status": "Work Completed", "size_text": "[ 900*900 ,C]", "height_m": 0.9, "width_m": 0.9, "model_use": "capacity scenario evidence; do not assume completed widening without latest field confirmation" }, "geometry": { "type": "LineString", "coordinates": [ [ 702920.616520621813834, 3155414.979337841272354, 0.0 ], [ 702771.129689673893154, 3155169.100045941770077, 0.0 ], [ 702335.890712098218501, 3154584.422195337712765, 0.0 ] ] } },
{ "type": "Feature", "properties": { "line_id": "SWD-WORK-092", "source_id": "12", "work_status": "Work Completed", "size_text": "[ 1200 ɸ ]", "height_m": 0.0, "width_m": 0.0, "model_use": "capacity scenario evidence; do not assume completed widening without latest field confirmation" }, "geometry": { "type": "LineString", "coordinates": [ [ 702339.583789896569215, 3155655.279832519590855, 0.0 ], [ 701844.282799296779558, 3155350.479222931433469, 0.0 ], [ 701359.032478166045621, 3154648.91019385587424, 0.0 ] ] } },
{ "type": "Feature", "properties": { "line_id": "SWD-WORK-093", "source_id": "69", "work_status": "Work in progress", "size_text": "600", "height_m": 0.0, "width_m": 0.0, "model_use": "capacity scenario evidence; do not assume completed widening without latest field confirmation" }, "geometry": { "type": "LineString", "coordinates": [ [ 698278.03673392708879, 3141135.226295613218099, 0.0 ], [ 698868.695012837066315, 3141191.024799051228911, 0.0 ] ] } },
{ "type": "Feature", "properties": { "line_id": "SWD-WORK-094", "source_id": "67", "work_status": "Work in progress", "size_text": "900", "height_m": 0.0, "width_m": 0.0, "model_use": "capacity scenario evidence; do not assume completed widening without latest field confirmation" }, "geometry": { "type": "LineString", "coordinates": [ [ 698892.725339163094759, 3140194.498645259067416, 0.0 ], [ 698868.845629949471913, 3141187.387150275986642, 0.0 ], [ 698867.752115849405527, 3141842.227057711686939, 0.0 ], [ 698865.41569448611699, 3143241.369472729507834, 0.0 ] ] } },
{ "type": "Feature", "properties": { "line_id": "SWD-WORK-095", "source_id": "68", "work_status": "Work in progress", "size_text": "600", "height_m": 0.0, "width_m": 0.0, "model_use": "capacity scenario evidence; do not assume completed widening without latest field confirmation" }, "geometry": { "type": "LineString", "coordinates": [ [ 698079.534427433041856, 3141850.796401841100305, 0.0 ], [ 698867.555879379855469, 3141848.264776839409024, 0.0 ] ] } },
{ "type": "Feature", "properties": { "line_id": "SWD-WORK-096", "source_id": "66", "work_status": "Work in progress", "size_text": "600", "height_m": 0.0, "width_m": 0.0, "model_use": "capacity scenario evidence; do not assume completed widening without latest field confirmation" }, "geometry": { "type": "LineString", "coordinates": [ [ 697782.69547259749379, 3141851.763669008389115, 0.0 ], [ 697273.556275089737028, 3141853.440100228879601, 0.0 ] ] } },
{ "type": "Feature", "properties": { "line_id": "SWD-WORK-097", "source_id": "61", "work_status": "Work in progress", "size_text": "800", "height_m": 0.0, "width_m": 0.0, "model_use": "capacity scenario evidence; do not assume completed widening without latest field confirmation" }, "geometry": { "type": "LineString", "coordinates": [ [ 700666.863498835009523, 3141937.208261620253325, 0.0 ], [ 700154.043416856322438, 3141898.310380292590708, 0.0 ], [ 699760.342629462713376, 3141930.060443786438555, 0.0 ], [ 699563.492235751240514, 3141841.160265979357064, 0.0 ], [ 699099.941308655194007, 3141847.510278696194291, 0.0 ], [ 698867.555879379855469, 3141848.264776839409024, 0.0 ] ] } },
{ "type": "Feature", "properties": { "line_id": "SWD-WORK-098", "source_id": "65", "work_status": "Work in progress", "size_text": "800", "height_m": 0.0, "width_m": 0.0, "model_use": "capacity scenario evidence; do not assume completed widening without latest field confirmation" }, "geometry": { "type": "LineString", "coordinates": [ [ 698018.406636573374271, 3141110.70902106538415, 0.0 ], [ 697725.435267435736023, 3141083.116293064318597, 0.0 ], [ 697382.340999065083452, 3141534.430881988722831, 0.0 ], [ 697273.082882870920002, 3141854.244205019902438, 0.0 ], [ 697295.598761807079427, 3142354.591243355069309, 0.0 ], [ 697534.459432684932835, 3143253.590934751555324, 0.0 ] ] } },
{ "type": "Feature", "properties": { "line_id": "SWD-WORK-099", "source_id": "33", "work_status": "Work in progress", "size_text": "[ 1000 ɸ ]", "height_m": 0.0, "width_m": 0.0, "model_use": "capacity scenario evidence; do not assume completed widening without latest field confirmation" }, "geometry": { "type": "LineString", "coordinates": [ [ 698861.461666218820028, 3143379.245428609661758, 0.0 ], [ 698832.070993872592226, 3144396.611858802847564, 0.0 ], [ 698496.049488493357785, 3144544.778821789193898, 0.0 ], [ 698310.840784751460887, 3144751.154234545771033, 0.0 ], [ 698104.465372005593963, 3144944.30045417835936, 0.0 ], [ 698016.522443246329203, 3145009.693914006929845, 0.0 ] ] } },
{ "type": "Feature", "properties": { "line_id": "SWD-WORK-100", "source_id": "32", "work_status": "Work Completed", "size_text": "[ 2(N)*3500*2420 ,C]", "height_m": 3.5, "width_m": 2.42, "model_use": "capacity scenario evidence; do not assume completed widening without latest field confirmation" }, "geometry": { "type": "LineString", "coordinates": [ [ 700332.259785758797079, 3143360.086471222341061, 0.0 ], [ 700212.664055102970451, 3143304.75880650896579, 0.0 ], [ 700061.198331377119757, 3143295.856277401559055, 0.0 ], [ 700023.164401144487783, 3143312.72349864570424, 0.0 ], [ 699930.890779090463184, 3143345.465751615352929, 0.0 ], [ 699890.698836736148223, 3143345.829554433934391, 0.0 ], [ 699887.338490713736974, 3143345.496222530025989, 0.0 ], [ 699863.10138926608488, 3143496.391725013498217, 0.0 ], [ 699767.851198768010363, 3143507.821747887413949, 0.0 ], [ 699635.770934609114192, 3143611.961956166662276, 0.0 ], [ 699609.100881265243515, 3143664.032060301862657, 0.0 ], [ 699604.020871106069535, 3143793.572319382335991, 0.0 ], [ 699540.520744109759107, 3143860.882454000879079, 0.0 ], [ 699534.170731413410977, 3144105.992944225668907, 0.0 ], [ 699352.560368177830242, 3144227.913188059348613, 0.0 ], [ 699287.790238642133772, 3144300.303332854062319, 0.0 ], [ 699177.723351840628311, 3144596.637258841656148, 0.0 ], [ 699220.056769839720801, 3144952.237970049958676, 0.0 ], [ 699098.335464955773205, 3145339.526936730369925, 0.0 ] ] } },
{ "type": "Feature", "properties": { "line_id": "SWD-WORK-101", "source_id": "49", "work_status": "Work Completed", "size_text": "[ 1200 ɸ ]", "height_m": 0.0, "width_m": 0.0, "model_use": "capacity scenario evidence; do not assume completed widening without latest field confirmation" }, "geometry": { "type": "LineString", "coordinates": [ [ 700265.881713879527524, 3143617.732299814466387, 0.0 ], [ 700219.844116200576536, 3143805.322082530707121, 0.0 ], [ 700178.039916997775435, 3143963.807922366075218, 0.0 ], [ 700155.021118176635355, 3144045.299682620447129, 0.0 ], [ 700055.537475600838661, 3144405.398315442260355, 0.0 ], [ 699988.0687255859375, 3144649.873901375103742, 0.0 ], [ 699916.101928724907339, 3144908.636901855934411, 0.0 ], [ 699860.417180273565464, 3145107.108635391108692, 0.0 ] ] } },
{ "type": "Feature", "properties": { "line_id": "SWD-WORK-102", "source_id": "35", "work_status": "Work in progress", "size_text": "1000", "height_m": 0.0, "width_m": 0.0, "model_use": "capacity scenario evidence; do not assume completed widening without latest field confirmation" }, "geometry": { "type": "LineString", "coordinates": [ [ 697005.419161067344248, 3143437.903802170883864, 0.0 ], [ 697256.419059236301109, 3144737.599074107129127, 0.0 ], [ 697528.88223624881357, 3145365.0680842990987, 0.0 ], [ 697572.651808364549652, 3145327.947054790798575, 0.0 ], [ 697898.089959252392873, 3145097.759094429668039, 0.0 ], [ 698016.522443246329203, 3145009.693914006929845, 0.0 ], [ 698020.900968759204261, 3145025.659991881344467, 0.0 ] ] } },
{ "type": "Feature", "properties": { "line_id": "SWD-WORK-103", "source_id": "63", "work_status": "Work in progress", "size_text": "600", "height_m": 0.0, "width_m": 0.0, "model_use": "capacity scenario evidence; do not assume completed widening without latest field confirmation" }, "geometry": { "type": "LineString", "coordinates": [ [ 695014.026395476423204, 3141079.436723520979285, 0.0 ], [ 694581.744611603091471, 3141557.296733685303479, 0.0 ], [ 694567.67376301868353, 3141870.454482945147902, 0.0 ], [ 694359.189126103185117, 3141912.725169003009796, 0.0 ], [ 694199.118581401999108, 3142035.963965953327715, 0.0 ], [ 694001.297051126253791, 3142188.267360984347761, 0.0 ], [ 693883.761131985578686, 3142278.758620948996395, 0.0 ], [ 694307.834478296688758, 3142792.812826573848724, 0.0 ] ] } },
{ "type": "Feature", "properties": { "line_id": "SWD-WORK-104", "source_id": "60", "work_status": "Additional Drain to be constructed of enhanced capi", "size_text": "[4500*2420]", "height_m": 1.2, "width_m": 0.9, "model_use": "capacity scenario evidence; do not assume completed widening without latest field confirmation" }, "geometry": { "type": "LineString", "coordinates": [ [ 699887.33849071431905, 3143345.496222529560328, 0.0 ], [ 699783.749673568410799, 3143335.836799345910549, 0.0 ], [ 699551.969421441317536, 3143305.881688496563584, 0.0 ], [ 699213.804177074925974, 3143270.878399918787181, 0.0 ], [ 698978.037579959607683, 3143247.124797091353685, 0.0 ], [ 698876.00240846676752, 3143242.69752032449469, 0.0 ], [ 698776.610726670362055, 3143251.082582743372768, 0.0 ], [ 698656.289265964529477, 3143261.233361339662224, 0.0 ], [ 698425.783956494415179, 3143276.959310320671648, 0.0 ], [ 698170.005197001155466, 3143270.56461947504431, 0.0 ], [ 697965.939087548642419, 3143262.428414792288095, 0.0 ], [ 697753.579269261565059, 3143258.950653951149434, 0.0 ], [ 697463.342626221827231, 3143256.638257671147585, 0.0 ], [ 697331.42962042381987, 3143258.632699303328991, 0.0 ], [ 697151.883499385556206, 3143261.34732364024967, 0.0 ], [ 697070.214659187360667, 3143261.255021361634135, 0.0 ], [ 696824.590216255863197, 3143260.977416163310409, 0.0 ], [ 696718.40984671365004, 3143264.383913727942854, 0.0 ], [ 696707.083293652278371, 3143264.747294207569212, 0.0 ], [ 696592.966386268381029, 3143273.472464823629707, 0.0 ], [ 696450.29632712341845, 3143292.217394385952502, 0.0 ], [ 696326.599218728835694, 3143319.675180374179035, 0.0 ], [ 696210.536841058288701, 3143343.567397135775536, 0.0 ], [ 696167.832337088766508, 3143352.35840493068099, 0.0 ], [ 696030.630474817240611, 3143375.747004599776119, 0.0 ], [ 696002.563467801082879, 3143380.531546010170132, 0.0 ], [ 695820.549938945565373, 3143426.66620060428977, 0.0 ], [ 695701.379793514963239, 3143459.020743790548295, 0.0 ], [ 695455.768658848828636, 3143537.498713210690767, 0.0 ], [ 695207.791877325624228, 3143630.917975158896297, 0.0 ], [ 694971.172184828203171, 3143734.582154728006572, 0.0 ], [ 694721.893866531550884, 3143977.665645705070347, 0.0 ], [ 694534.746922883437946, 3144156.244249292649329, 0.0 ], [ 694437.743557109381072, 3144248.806410697288811, 0.0 ], [ 694295.371790633769706, 3144305.179609019309282, 0.0 ], [ 694173.083517954335548, 3144353.600593178998679, 0.0 ], [ 693775.188155227922834, 3144530.456493683159351, 0.0 ], [ 693446.944089710596018, 3144805.826893724035472, 0.0 ], [ 693173.892939522629604, 3144965.540026612114161, 0.0 ], [ 693002.783561606891453, 3145075.95259030489251, 0.0 ], [ 692451.218143277452327, 3145019.285622591618448, 0.0 ] ] } },
{ "type": "Feature", "properties": { "line_id": "SWD-WORK-105", "source_id": "36", "work_status": "Work in progress", "size_text": "1000", "height_m": 0.0, "width_m": 0.0, "model_use": "capacity scenario evidence; do not assume completed widening without latest field confirmation" }, "geometry": { "type": "LineString", "coordinates": [ [ 696486.531163783511147, 3143562.750181865878403, 0.0 ], [ 696488.118666949565522, 3143750.604724247474223, 0.0 ], [ 696483.620741296326742, 3143976.030175084713846, 0.0 ], [ 696531.245836532791145, 3143978.676013718824834, 0.0 ], [ 696527.012494729016908, 3144210.980644988361746, 0.0 ], [ 696497.775977924000472, 3144213.09731588838622, 0.0 ], [ 696500.950984279159456, 3144326.868376766331494, 0.0 ], [ 696511.005171064520255, 3144597.273084244225174, 0.0 ], [ 696517.884351485758089, 3144827.461044615134597, 0.0 ], [ 696517.487475688336417, 3144872.3080093273893, 0.0 ], [ 696559.953185618738644, 3144915.170595053117722, 0.0 ], [ 696620.278306265594438, 3144974.70196411293, 0.0 ], [ 696644.487729689339176, 3145019.945804600138217, 0.0 ], [ 696650.97003432631027, 3145094.955329609569162, 0.0 ], [ 696649.977844848413952, 3145185.575302507262677, 0.0 ], [ 696688.011775080231018, 3145188.221141142770648, 0.0 ], [ 696710.170673549757339, 3145214.348797569982708, 0.0 ], [ 696724.722785984864458, 3145240.145724170841277, 0.0 ], [ 696743.243656372651458, 3145286.778629922773689, 0.0 ], [ 696761.086530595552176, 3145363.689851452130824, 0.0 ], [ 696853.955466333194636, 3145511.327646742109209, 0.0 ], [ 696937.034799156128429, 3145635.417478251736611, 0.0 ], [ 696988.89323620731011, 3145715.850972444284707, 0.0 ], [ 697041.582186240702868, 3145795.796984591521323, 0.0 ], [ 697528.88223624881357, 3145365.0680842990987, 0.0 ] ] } },
{ "type": "Feature", "properties": { "line_id": "SWD-WORK-106", "source_id": "128", "work_status": "Work Completed", "size_text": "[ 2(N)*4000*2700 ,C]", "height_m": 2.4, "width_m": 2.7, "model_use": "capacity scenario evidence; do not assume completed widening without latest field confirmation" }, "geometry": { "type": "LineString", "coordinates": [ [ 697417.275508714839816, 3146142.095954164862633, 0.0 ], [ 697399.579135523177683, 3146154.414022101089358, 0.0 ], [ 697365.314624683000147, 3146178.264962043613195, 0.0 ], [ 697345.116454629227519, 3146195.775275422260165, 0.0 ], [ 697327.627702350728214, 3146223.012172883376479, 0.0 ], [ 697313.069135374389589, 3146249.432419750839472, 0.0 ], [ 697298.460884286090732, 3146286.370674874633551, 0.0 ], [ 697268.4013347979635, 3146328.21966714411974, 0.0 ], [ 697224.342380641959608, 3146364.894116541370749, 0.0 ], [ 697155.248369904235005, 3146401.89447158202529, 0.0 ], [ 697076.190713047981262, 3146438.19730524905026, 0.0 ], [ 697044.188263160176575, 3146449.856167454272509, 0.0 ], [ 696977.201215849258006, 3146466.176568444818258, 0.0 ], [ 696913.133188627660275, 3146469.493325538933277, 0.0 ], [ 696815.972523824311793, 3146469.371020827442408, 0.0 ], [ 696784.556049814447761, 3146463.603817101567984, 0.0 ], [ 696717.318006505258381, 3146468.811345832422376, 0.0 ], [ 696665.464532871730626, 3146474.276041453704238, 0.0 ], [ 696604.98198435921222, 3146493.840232223272324, 0.0 ], [ 696554.797522002831101, 3146512.981348853558302, 0.0 ], [ 696440.160306150093675, 3146544.544145738705993, 0.0 ] ] } },
{ "type": "Feature", "properties": { "line_id": "SWD-WORK-107", "source_id": "130", "work_status": "Work Completed", "size_text": "[4000*3050,C ]", "height_m": 4.0, "width_m": 3.05, "model_use": "capacity scenario evidence; do not assume completed widening without latest field confirmation" }, "geometry": { "type": "LineString", "coordinates": [ [ 695797.871468281606212, 3146328.103040494956076, 0.0 ], [ 695717.425227296655066, 3146258.188215313479304, 0.0 ], [ 695671.502999354270287, 3146180.27498268103227, 0.0 ], [ 695620.68822319956962, 3146116.128286991734058, 0.0 ], [ 695603.777231406071223, 3146116.506964349187911, 0.0 ], [ 695578.004483580123633, 3146123.992044702637941, 0.0 ], [ 695506.120289321057498, 3146170.276370586361736, 0.0 ], [ 695416.513507487252355, 3146230.77408164460212, 0.0 ], [ 695394.114046880509704, 3146210.620462267193943, 0.0 ], [ 695388.516052105231211, 3146196.680125848390162, 0.0 ], [ 695274.798776240437292, 3146269.967170048505068, 0.0 ], [ 695260.485003724927083, 3146289.512103285640478, 0.0 ], [ 695250.469002874568105, 3146295.940173441544175, 0.0 ], [ 695202.9822728211293, 3146312.297893825452775, 0.0 ], [ 695153.153773900354281, 3146329.276413964573294, 0.0 ], [ 695114.34305175987538, 3146349.734599982388318, 0.0 ], [ 695080.281757293385454, 3146364.996306112967432, 0.0 ], [ 695051.960707905935124, 3146385.628361798357219, 0.0 ], [ 694980.717604180565104, 3146428.629231146071106, 0.0 ], [ 694942.920315539464355, 3146458.336359769571573, 0.0 ], [ 694914.457964037312195, 3146487.538622111547738, 0.0 ], [ 694907.257880357909016, 3146499.948176390025765, 0.0 ], [ 694888.854921441990882, 3146520.085258201230317, 0.0 ], [ 694871.231026808847673, 3146528.365989319048822, 0.0 ], [ 694861.667353474884294, 3146542.714683179743588, 0.0 ], [ 694854.630897551076487, 3146545.235920175909996, 0.0 ], [ 694831.697029362083413, 3146557.385306105948985, 0.0 ], [ 694800.238270000321791, 3146575.412955180276185, 0.0 ] ] } },
{ "type": "Feature", "properties": { "line_id": "SWD-WORK-108", "source_id": "129", "work_status": "Work Completed", "size_text": "[ 2400 ɸ ]", "height_m": 0.0, "width_m": 0.0, "model_use": "capacity scenario evidence; do not assume completed widening without latest field confirmation" }, "geometry": { "type": "LineString", "coordinates": [ [ 696440.16030614823103, 3146544.544145735446364, 0.0 ], [ 696418.9044044688344, 3146536.631555591709912, 0.0 ], [ 696396.188465288025327, 3146535.593461018521339, 0.0 ], [ 696363.775092713884078, 3146556.813705874141306, 0.0 ], [ 696335.561859258450568, 3146570.85052090510726, 0.0 ], [ 696310.383219580398872, 3146577.68445956427604, 0.0 ], [ 696284.830548815662041, 3146571.983442929573357, 0.0 ], [ 696263.291146193165332, 3146570.305792230181396, 0.0 ], [ 696244.10466027003713, 3146567.348554991185665, 0.0 ], [ 696219.112726866733283, 3146562.975842692423612, 0.0 ], [ 696192.31767025613226, 3146561.870202511083335, 0.0 ], [ 696171.932751631364226, 3146560.871354538947344, 0.0 ], [ 696157.375230869627558, 3146559.969563148450106, 0.0 ], [ 696152.174473637714982, 3146557.245340255554765, 0.0 ], [ 696141.84977581910789, 3146547.182320419698954, 0.0 ], [ 696121.288115251576528, 3146521.782504564616829, 0.0 ], [ 696109.291942491428927, 3146507.075835554394871, 0.0 ], [ 696096.248218300519511, 3146507.676396809518337, 0.0 ], [ 696070.217451878590509, 3146513.177847597748041, 0.0 ], [ 696034.456306450418197, 3146525.441234833095223, 0.0 ], [ 695989.080023630987853, 3146537.544773807749152, 0.0 ], [ 695937.495576036628336, 3146449.776843369472772, 0.0 ], [ 695884.604537062812597, 3146370.427898122463375, 0.0 ], [ 695797.871468281606212, 3146328.103040494956076, 0.0 ] ] } },
{ "type": "Feature", "properties": { "line_id": "SWD-WORK-109", "source_id": "143", "work_status": "Work Completed", "size_text": "[ 3(N)*4200*3300,C ]", "height_m": 4.2, "width_m": 3.3, "model_use": "capacity scenario evidence; do not assume completed widening without latest field confirmation" }, "geometry": { "type": "LineString", "coordinates": [ [ 694800.238270000321791, 3146575.412955180276185, 0.0 ], [ 694645.38392654620111, 3146664.425962629728019, 0.0 ], [ 694652.267778977751732, 3146699.356157695874572, 0.0 ], [ 694634.622664785478264, 3146807.734183301217854, 0.0 ], [ 694590.139814554946497, 3146847.091006618458778, 0.0 ], [ 694583.430659142555669, 3146914.503006467595696, 0.0 ], [ 694568.338868734426796, 3146924.804169352166355, 0.0 ], [ 694510.507763394969516, 3146981.876527961343527, 0.0 ], [ 694498.675272472202778, 3147020.717769565526396, 0.0 ], [ 694495.748238659463823, 3147085.027110033668578, 0.0 ], [ 694476.154207218671218, 3147142.097974890377373, 0.0 ], [ 694459.660310160252266, 3147180.862282762303948, 0.0 ], [ 694431.220410339999944, 3147208.878972778562456, 0.0 ], [ 694423.343967457301915, 3147234.070004355162382, 0.0 ], [ 694429.879759867209941, 3147290.09520272212103, 0.0 ], [ 694408.602740115835331, 3147336.165912406053394, 0.0 ], [ 694392.780469240969978, 3147390.767028417438269, 0.0 ], [ 694302.3317222452024, 3147503.219188239425421, 0.0 ], [ 694176.422799427993596, 3147617.197302559856325, 0.0 ], [ 694116.436694913194515, 3147692.171449825167656, 0.0 ], [ 694049.835748282028362, 3147740.691725945100188, 0.0 ] ] } },
{ "type": "Feature", "properties": { "line_id": "SWD-WORK-110", "source_id": "82", "work_status": "Work in progress", "size_text": "800", "height_m": 0.0, "width_m": 0.0, "model_use": "capacity scenario evidence; do not assume completed widening without latest field confirmation" }, "geometry": { "type": "LineString", "coordinates": [ [ 694855.732693833298981, 3146650.474412400275469, 0.0 ], [ 695061.900529653998092, 3146964.379554068204015, 0.0 ], [ 695023.187421200564131, 3146989.597821590490639, 0.0 ], [ 694084.061558018438518, 3147758.803840450942516, 0.0 ] ] } },
{ "type": "Feature", "properties": { "line_id": "SWD-WORK-111", "source_id": "131", "work_status": "Work Completed", "size_text": "[ 600 ɸ ]", "height_m": 0.0, "width_m": 0.0, "model_use": "capacity scenario evidence; do not assume completed widening without latest field confirmation" }, "geometry": { "type": "LineString", "coordinates": [ [ 696863.979173906613141, 3147139.925687474664301, 0.0 ], [ 696859.851264082477428, 3147134.0755371209234, 0.0 ], [ 696859.514043764327653, 3147133.597622219938785, 0.0 ], [ 696796.09599473956041, 3147181.920292588882148, 0.0 ], [ 696726.51043890521396, 3147228.487052386626601, 0.0 ], [ 696572.258047065348364, 3147332.203926492016762, 0.0 ], [ 696483.357869276660495, 3147397.556140529923141, 0.0 ], [ 696465.207480620592833, 3147409.319532726425678, 0.0 ], [ 696364.559715003240854, 3147474.550044514238834, 0.0 ], [ 696239.94071577116847, 3147571.123154338914901, 0.0 ], [ 696157.655134529341012, 3147635.946200649254024, 0.0 ], [ 696075.10496942489408, 3147701.033830811269581, 0.0 ], [ 696022.188196929288097, 3147764.533957817126065, 0.0 ] ] } },
{ "type": "Feature", "properties": { "line_id": "SWD-WORK-112", "source_id": "132", "work_status": "Work Completed", "size_text": "[ 2440*1375,C ]", "height_m": 2.44, "width_m": 1.375, "model_use": "capacity scenario evidence; do not assume completed widening without latest field confirmation" }, "geometry": { "type": "LineString", "coordinates": [ [ 696022.188196929288097, 3147764.533957817126065, 0.0 ], [ 695891.748352713766508, 3147923.284275328740478, 0.0 ], [ 695813.465259495307691, 3148013.297082850709558, 0.0 ], [ 695810.521106935688294, 3148016.682378770317882, 0.0 ], [ 695765.012682568049058, 3148113.255488589871675, 0.0 ], [ 695722.155616057571024, 3148198.968433921225369, 0.0 ], [ 695643.039521961472929, 3148357.201809828169644, 0.0 ], [ 695574.734579336130992, 3148491.385563255287707, 0.0 ] ] } },
{ "type": "Feature", "properties": { "line_id": "SWD-WORK-113", "source_id": "214", "work_status": "Work Completed", "size_text": "[ 1400 ɸ ]", "height_m": 0.0, "width_m": 0.0, "model_use": "capacity scenario evidence; do not assume completed widening without latest field confirmation" }, "geometry": { "type": "LineString", "coordinates": [ [ 694307.834478296572343, 3142792.812826572917402, 0.0 ], [ 693878.51023580331821, 3143152.731817169114947, 0.0 ], [ 693548.30957540217787, 3143408.002327716443688, 0.0 ], [ 693447.717994926730171, 3143514.985386346001178, 0.0 ] ] } },
{ "type": "Feature", "properties": { "line_id": "SWD-WORK-114", "source_id": "215", "work_status": "Work Completed", "size_text": "[3650*2430,C ]", "height_m": 3.65, "width_m": 2.43, "model_use": "capacity scenario evidence; do not assume completed widening without latest field confirmation" }, "geometry": { "type": "LineString", "coordinates": [ [ 693447.717994926730171, 3143514.985386345069855, 0.0 ], [ 693282.082912893383764, 3143691.156697086524218, 0.0 ] ] } },
{ "type": "Feature", "properties": { "line_id": "SWD-WORK-115", "source_id": "202", "work_status": "Work Completed", "size_text": "[3040*2430,C ]", "height_m": 3.04, "width_m": 2.43, "model_use": "capacity scenario evidence; do not assume completed widening without latest field confirmation" }, "geometry": { "type": "LineString", "coordinates": [ [ 693022.097177798510529, 3143535.46267150901258, 0.0 ], [ 693069.580548875033855, 3143563.898043846245855, 0.0 ], [ 693282.082912893383764, 3143691.156697084195912, 0.0 ] ] } },
{ "type": "Feature", "properties": { "line_id": "SWD-WORK-116", "source_id": "216", "work_status": "Work Completed", "size_text": "[5500*2430,C ]", "height_m": 5.5, "width_m": 2.43, "model_use": "capacity scenario evidence; do not assume completed widening without latest field confirmation" }, "geometry": { "type": "LineString", "coordinates": [ [ 693282.082912893267348, 3143691.15669708698988, 0.0 ], [ 693108.888696555048227, 3143875.363262441940606, 0.0 ], [ 692985.698450169409625, 3144022.683557077310979, 0.0 ], [ 692800.278079325216822, 3144291.924095563124865, 0.0 ], [ 692444.440035996027291, 3144964.969591511879116, 0.0 ], [ 692415.902256187051535, 3145008.021456231828779, 0.0 ], [ 692411.965352699393407, 3145013.496089578140527, 0.0 ], [ 692408.912872120854445, 3145015.652438218705356, 0.0 ] ] } },
{ "type": "Feature", "properties": { "line_id": "SWD-WORK-117", "source_id": "114", "work_status": "Work Completed", "size_text": "[3040*1820,C ]", "height_m": 0.0, "width_m": 0.0, "model_use": "capacity scenario evidence; do not assume completed widening without latest field confirmation" }, "geometry": { "type": "LineString", "coordinates": [ [ 691873.904764738166705, 3144661.31430644961074, 0.0 ], [ 692115.292977521661669, 3144820.007474180776626, 0.0 ], [ 692233.11499861581251, 3144900.542055054102093, 0.0 ], [ 692402.742010058835149, 3145029.12929255142808, 0.0 ] ] } },
{ "type": "Feature", "properties": { "line_id": "SWD-WORK-118", "source_id": "81", "work_status": "Work in progress", "size_text": "[ 1000 ɸ ]", "height_m": 0.0, "width_m": 0.0, "model_use": "capacity scenario evidence; do not assume completed widening without latest field confirmation" }, "geometry": { "type": "LineString", "coordinates": [ [ 694365.319684752146713, 3144650.248305388726294, 0.0 ], [ 693992.256438615964726, 3144954.519747257698327, 0.0 ], [ 693732.766328847268596, 3145157.756756321992725, 0.0 ], [ 693613.901515236822888, 3145250.853673268575221, 0.0 ], [ 693426.046972870710306, 3145488.979149520862848, 0.0 ] ] } },
{ "type": "Feature", "properties": { "line_id": "SWD-WORK-119", "source_id": "79", "work_status": "Work in progress", "size_text": "[ 2400 ɸ ]", "height_m": 0.0, "width_m": 0.0, "model_use": "capacity scenario evidence; do not assume completed widening without latest field confirmation" }, "geometry": { "type": "LineString", "coordinates": [ [ 693426.046972871758044, 3145488.979149520397186, 0.0 ], [ 692281.999327195226215, 3145472.098320109304041, 0.0 ] ] } },
{ "type": "Feature", "properties": { "line_id": "SWD-WORK-120", "source_id": "80", "work_status": "Work in progress", "size_text": "[ 1200 ɸ ]", "height_m": 0.0, "width_m": 0.0, "model_use": "capacity scenario evidence; do not assume completed widening without latest field confirmation" }, "geometry": { "type": "LineString", "coordinates": [ [ 694374.099982186919078, 3146008.466808422934264, 0.0 ], [ 693732.766328847268596, 3145157.756756321992725, 0.0 ] ] } },
{ "type": "Feature", "properties": { "line_id": "SWD-WORK-121", "source_id": "72", "work_status": "Work Completed", "size_text": "[8500*2430,C ]", "height_m": 8.5, "width_m": 2.43, "model_use": "capacity scenario evidence; do not assume completed widening without latest field confirmation" }, "geometry": { "type": "LineString", "coordinates": [ [ 692408.912872122600675, 3145015.652438221499324, 0.0 ], [ 692232.171975309727713, 3145464.398694642353803, 0.0 ], [ 692166.409847298986278, 3145837.469284166116267, 0.0 ], [ 692115.472415572730824, 3146130.683684285730124, 0.0 ], [ 692071.984873792040162, 3146385.124644524883479, 0.0 ], [ 692019.687610966851935, 3146715.368589095305651, 0.0 ], [ 691949.795894652605057, 3147219.090616230387241, 0.0 ], [ 691945.35687866632361, 3147422.126932490151376, 0.0 ] ] } },
{ "type": "Feature", "properties": { "line_id": "SWD-WORK-122", "source_id": "231", "work_status": "Additional Drain to be constructed of enhanced capi", "size_text": "5500*2700", "height_m": 0.0, "width_m": 0.0, "model_use": "capacity scenario evidence; do not assume completed widening without latest field confirmation" }, "geometry": { "type": "LineString", "coordinates": [ [ 692451.218143277801573, 3145019.285622594878078, 0.0 ], [ 692447.907987532787956, 3145025.65442203823477, 0.0 ], [ 692443.501437971252017, 3145037.512013760861009, 0.0 ], [ 692403.275078348233365, 3145145.754276272375137, 0.0 ], [ 692382.957575070904568, 3145200.425942588597536, 0.0 ], [ 692317.142387624597177, 3145377.529142784420401, 0.0 ], [ 692281.999327195226215, 3145472.098320109304041, 0.0 ], [ 692280.565901141846552, 3145479.603353789076209, 0.0 ], [ 692255.915530152968131, 3145608.666001411154866, 0.0 ], [ 692244.983539680019021, 3145665.902817741967738, 0.0 ], [ 692201.030776534928009, 3145896.02655653655529, 0.0 ], [ 692175.907291210372932, 3146027.567712704651058, 0.0 ], [ 692140.265550417592749, 3146219.94930324004963, 0.0 ], [ 692108.284620313206688, 3146396.938491716980934, 0.0 ], [ 692107.595575558720157, 3146396.29406879004091, 0.0 ], [ 692106.354236786370166, 3146402.994446805212647, 0.0 ], [ 692091.340923594194464, 3146499.243692764081061, 0.0 ], [ 692087.543079701717943, 3146523.591541383415461, 0.0 ], [ 692041.763466549455188, 3146817.087888562120497, 0.0 ], [ 692019.290432854671963, 3146961.167343774344772, 0.0 ], [ 691978.681291027343832, 3147221.526707066223025, 0.0 ], [ 691973.42641407600604, 3147350.031684454530478, 0.0 ], [ 691970.358085260726511, 3147425.065180184319615, 0.0 ] ] } },
{ "type": "Feature", "properties": { "line_id": "SWD-WORK-123", "source_id": "121", "work_status": "Work in progress", "size_text": "[4500*2430,C ]", "height_m": 4.5, "width_m": 2.43, "model_use": "capacity scenario evidence; do not assume completed widening without latest field confirmation" }, "geometry": { "type": "LineString", "coordinates": [ [ 691216.509705037460662, 3146192.747150975745171, 0.0 ], [ 691228.418496328522451, 3146193.252181718125939, 0.0 ], [ 691316.39388637826778, 3146196.982360374648124, 0.0 ], [ 691437.726958923740312, 3146202.109234185889363, 0.0 ], [ 691455.245162916369736, 3146201.750518109183758, 0.0 ], [ 691469.482422257657163, 3146200.127433524932712, 0.0 ], [ 691494.391445626853965, 3146195.811009068973362, 0.0 ], [ 691552.662494749762118, 3146178.344769460614771, 0.0 ], [ 691602.547340979101136, 3146164.399801376741379, 0.0 ], [ 691661.141292737564072, 3146148.978985234163702, 0.0 ], [ 691703.215944358380511, 3146151.289094211533666, 0.0 ], [ 691724.862738716881722, 3146154.282406809274107, 0.0 ], [ 691750.053791451151483, 3146161.857793777715415, 0.0 ], [ 691764.241669995826669, 3146168.930548846255988, 0.0 ], [ 691802.159826249466278, 3146207.016163822263479, 0.0 ], [ 691870.828808515914716, 3146273.766107788775116, 0.0 ], [ 691907.117571634356864, 3146297.669524456840008, 0.0 ], [ 692000.19993767736014, 3146351.993521890137345, 0.0 ], [ 692071.812674465589225, 3146386.572531269863248, 0.0 ] ] } },
{ "type": "Feature", "properties": { "line_id": "SWD-WORK-124", "source_id": "78", "work_status": "Work in progress", "size_text": "[ 1200 ɸ ]", "height_m": 0.0, "width_m": 0.0, "model_use": "capacity scenario evidence; do not assume completed widening without latest field confirmation" }, "geometry": { "type": "LineString", "coordinates": [ [ 693424.619487508200109, 3147173.488696908578277, 0.0 ], [ 693390.856691908207722, 3146792.652873374987394, 0.0 ], [ 693134.955551080754958, 3146540.128759255632758, 0.0 ], [ 693311.153810472111218, 3146193.721151207108051, 0.0 ], [ 693426.046972871758044, 3145488.979149520397186, 0.0 ] ] } },
{ "type": "Feature", "properties": { "line_id": "SWD-WORK-125", "source_id": "70", "work_status": "Work in progress", "size_text": "[ 2500*2250,C ]", "height_m": 2.5, "width_m": 2.25, "model_use": "capacity scenario evidence; do not assume completed widening without latest field confirmation" }, "geometry": { "type": "LineString", "coordinates": [ [ 691018.096337753464468, 3147313.151236379984766, 0.0 ], [ 691454.115681810886599, 3147364.394128155428916, 0.0 ], [ 691583.400246433680877, 3147379.588213101029396, 0.0 ], [ 691970.358053871430457, 3147425.065179456025362, 0.0 ] ] } },
{ "type": "Feature", "properties": { "line_id": "SWD-WORK-126", "source_id": "189", "work_status": "Work in progress", "size_text": "[ 1000 ɸ ]", "height_m": 0.0, "width_m": 0.0, "model_use": "capacity scenario evidence; do not assume completed widening without latest field confirmation" }, "geometry": { "type": "LineString", "coordinates": [ [ 692824.971262439037673, 3147494.525878590997308, 0.0 ], [ 691970.358053870731965, 3147425.065179452300072, 0.0 ] ] } },
{ "type": "Feature", "properties": { "line_id": "SWD-WORK-127", "source_id": "19", "work_status": "Additional Drain to be constructed of enhanced capi", "size_text": "[ 12000*2430 ,C]", "height_m": 1.2, "width_m": 2.43, "model_use": "capacity scenario evidence; do not assume completed widening without latest field confirmation" }, "geometry": { "type": "LineString", "coordinates": [ [ 692035.761950286338106, 3148859.949029969982803, 0.0 ], [ 692067.486613740911707, 3148609.932731609791517, 0.0 ], [ 692014.585228139883839, 3148290.631232869345695, 0.0 ], [ 691983.826254541054368, 3148016.196131263393909, 0.0 ], [ 691966.554490599664859, 3147600.031353354919702, 0.0 ], [ 691970.358148030936718, 3147425.065181636251509, 0.0 ] ] } },
{ "type": "Feature", "properties": { "line_id": "SWD-WORK-128", "source_id": "127", "work_status": "Work in progress", "size_text": "[ 2500*2250,C ]", "height_m": 2.5, "width_m": 2.25, "model_use": "capacity scenario evidence; do not assume completed widening without latest field confirmation" }, "geometry": { "type": "LineString", "coordinates": [ [ 691892.635413957759738, 3147415.929436395410448, 0.0 ], [ 691885.949087238870561, 3147770.267082700040191, 0.0 ], [ 691899.251816727686673, 3148205.683049335610121, 0.0 ], [ 691930.675740875420161, 3148601.831191536039114, 0.0 ], [ 692022.366887841024436, 3148869.48611822957173, 0.0 ] ] } },
{ "type": "Feature", "properties": { "line_id": "SWD-WORK-129", "source_id": "135", "work_status": "Work in progress", "size_text": "[ 1020*1000 ,C]", "height_m": 1.2, "width_m": 1.0, "model_use": "capacity scenario evidence; do not assume completed widening without latest field confirmation" }, "geometry": { "type": "LineString", "coordinates": [ [ 694084.061558018438518, 3147758.803840450942516, 0.0 ], [ 694259.567919967230409, 3147809.256597022991627, 0.0 ], [ 694017.578493049019016, 3148324.210324645042419, 0.0 ], [ 694235.301101042772643, 3148416.010832437779754, 0.0 ], [ 694122.280640173703432, 3148999.061061266809702, 0.0 ] ] } },
{ "type": "Feature", "properties": { "line_id": "SWD-WORK-130", "source_id": "58", "work_status": "Work Completed", "size_text": "[ 3(N)*5500*2700,C ]", "height_m": 5.5, "width_m": 2.7, "model_use": "capacity scenario evidence; do not assume completed widening without latest field confirmation" }, "geometry": { "type": "LineString", "coordinates": [ [ 694049.835748284123838, 3147740.691725948825479, 0.0 ], [ 694023.870505801285617, 3147767.156475399620831, 0.0 ], [ 693949.604049210203812, 3147785.3693503360264, 0.0 ], [ 693874.655661796685308, 3147795.517561757937074, 0.0 ], [ 693848.887513101799414, 3147794.856440826319158, 0.0 ], [ 693813.113150093704462, 3147802.992281496990472, 0.0 ], [ 693788.594582896097563, 3147788.279995490331203, 0.0 ], [ 693709.409897507866845, 3147790.273005400784314, 0.0 ], [ 693656.83042046322953, 3147794.96055574528873, 0.0 ], [ 693581.019732644082978, 3147804.082634548656642, 0.0 ], [ 693493.529211717657745, 3147817.935684795491397, 0.0 ], [ 693458.618066144059412, 3147827.100695834029466, 0.0 ], [ 693419.998260430293158, 3147842.206511931028217, 0.0 ], [ 693350.755922031123191, 3147872.623337376397103, 0.0 ], [ 693209.272262903861701, 3147946.458756572101265, 0.0 ], [ 693109.892115287599154, 3147990.691755827050656, 0.0 ], [ 692916.5626868911786, 3148092.879394878167659, 0.0 ], [ 692742.165662299375981, 3148184.991532973945141, 0.0 ], [ 692644.625688600586727, 3148244.36456679366529, 0.0 ], [ 692567.039751696866006, 3148305.756994567811489, 0.0 ], [ 692387.534457779955119, 3148441.502265857998282, 0.0 ], [ 692304.427913606748916, 3148510.299939723219723, 0.0 ], [ 692297.257357449270785, 3149234.777760826051235, 0.0 ] ] } },
{ "type": "Feature", "properties": { "line_id": "SWD-WORK-131", "source_id": "84", "work_status": "Work in progress", "size_text": "[ 1500*1500 ,C]", "height_m": 1.5, "width_m": 1.5, "model_use": "capacity scenario evidence; do not assume completed widening without latest field confirmation" }, "geometry": { "type": "LineString", "coordinates": [ [ 694381.745262779062614, 3149041.757771315518767, 0.0 ], [ 693676.541147905169055, 3148925.711524562910199, 0.0 ] ] } },
{ "type": "Feature", "properties": { "line_id": "SWD-WORK-132", "source_id": "136", "work_status": "Work in progress", "size_text": "[ 1750*1500 ,C]", "height_m": 1.75, "width_m": 1.5, "model_use": "capacity scenario evidence; do not assume completed widening without latest field confirmation" }, "geometry": { "type": "LineString", "coordinates": [ [ 693676.541147905169055, 3148925.71152456337586, 0.0 ], [ 693232.965158601291478, 3149653.729234138503671, 0.0 ] ] } },
{ "type": "Feature", "properties": { "line_id": "SWD-WORK-133", "source_id": "83", "work_status": "Work in progress", "size_text": "[ 2900*1500,C ]", "height_m": 2.9, "width_m": 1.5, "model_use": "capacity scenario evidence; do not assume completed widening without latest field confirmation" }, "geometry": { "type": "LineString", "coordinates": [ [ 693232.965158601291478, 3149653.729234138503671, 0.0 ], [ 693118.248363889986649, 3149579.363599665462971, 0.0 ], [ 692697.643983183079399, 3149308.885732668917626, 0.0 ], [ 692390.948427646188065, 3149105.782790180295706, 0.0 ], [ 692297.257357448339462, 3149234.777760826516896, 0.0 ] ] } },
{ "type": "Feature", "properties": { "line_id": "SWD-WORK-134", "source_id": "75", "work_status": "Work Completed", "size_text": "[ 1200*900 ,C]", "height_m": 1.2, "width_m": 0.9, "model_use": "capacity scenario evidence; do not assume completed widening without latest field confirmation" }, "geometry": { "type": "LineString", "coordinates": [ [ 692022.366887841024436, 3148869.48611822957173, 0.0 ], [ 691953.60225024621468, 3148998.044674583245069, 0.0 ], [ 691894.37480686372146, 3149108.773021038156003, 0.0 ], [ 691745.860070824855939, 3149386.427942652720958, 0.0 ], [ 691639.986922855954617, 3149584.362513885833323, 0.0 ], [ 691580.529539822135121, 3149695.520742772147059, 0.0 ], [ 691294.143967053387314, 3150235.906823549419641, 0.0 ] ] } },
{ "type": "Feature", "properties": { "line_id": "SWD-WORK-135", "source_id": "18", "work_status": "Work Completed", "size_text": "[1200*900]", "height_m": 1.2, "width_m": 2.43, "model_use": "capacity scenario evidence; do not assume completed widening without latest field confirmation" }, "geometry": { "type": "LineString", "coordinates": [ [ 692035.761950286338106, 3148859.949029969982803, 0.0 ], [ 692297.257357449270785, 3149234.777760826051235, 0.0 ], [ 692473.94745846837759, 3149488.712931610643864, 0.0 ], [ 692600.960837853141129, 3149755.860156878829002, 0.0 ], [ 692715.090745490044355, 3149953.707088243216276, 0.0 ], [ 692870.476327871903777, 3150272.030368352308869, 0.0 ], [ 692989.791540546342731, 3150426.143581405282021, 0.0 ] ] } },
{ "type": "Feature", "properties": { "line_id": "SWD-WORK-136", "source_id": "196", "work_status": "Work in progress", "size_text": "[ 1200*900 ,C]", "height_m": 0.0, "width_m": 0.0, "model_use": "capacity scenario evidence; do not assume completed widening without latest field confirmation" }, "geometry": { "type": "LineString", "coordinates": [ [ 693715.204329495085403, 3150089.51040985295549, 0.0 ], [ 693599.840038710040972, 3150174.125428430736065, 0.0 ], [ 693511.402357301209122, 3150239.555308991111815, 0.0 ], [ 693403.656831395463087, 3150320.690559727139771, 0.0 ], [ 693300.365966191748157, 3150396.253754145465791, 0.0 ], [ 693176.602772073587403, 3150488.004535749554634, 0.0 ], [ 693087.094051389372908, 3150551.828261208254844, 0.0 ] ] } },
{ "type": "Feature", "properties": { "line_id": "SWD-WORK-137", "source_id": "274", "work_status": "Work Completed", "size_text": "[1750*1500,C]", "height_m": 1.75, "width_m": 0.5, "model_use": "capacity scenario evidence; do not assume completed widening without latest field confirmation" }, "geometry": { "type": "LineString", "coordinates": [ [ 691294.143967053387314, 3150235.906823549419641, 0.0 ], [ 691430.712347279302776, 3150370.639607283752412, 0.0 ], [ 691745.860070827649906, 3150681.551474330946803, 0.0 ], [ 691766.58491192990914, 3150701.997755748219788, 0.0 ], [ 691837.660674551152624, 3150772.579609945416451, 0.0 ], [ 691948.464351671398617, 3150701.398130215704441, 0.0 ], [ 692029.756028782110661, 3150648.270498727448285, 0.0 ] ] } },
{ "type": "Feature", "properties": { "line_id": "SWD-WORK-138", "source_id": "155", "work_status": "Work Completed", "size_text": "[ 3(N)*6700*2730,C ]", "height_m": 6.7, "width_m": 2.73, "model_use": "capacity scenario evidence; do not assume completed widening without latest field confirmation" }, "geometry": { "type": "LineString", "coordinates": [ [ 692297.257357448339462, 3149234.777760826516896, 0.0 ], [ 692176.089160080882721, 3149485.338766697328538, 0.0 ], [ 691901.951317084138282, 3150052.017240211367607, 0.0 ], [ 692029.756028782110661, 3150648.270498727913946, 0.0 ], [ 692084.388228009454906, 3150905.120411549229175, 0.0 ], [ 692135.017193817184307, 3151126.926454732194543, 0.0 ], [ 692146.032901027007028, 3151172.186643108259887, 0.0 ], [ 692165.524459828971885, 3151203.860426146537066, 0.0 ], [ 692177.359246332664043, 3151231.851297080051154, 0.0 ], [ 691753.260874968022108, 3151972.692534448578954, 0.0 ] ] } },
{ "type": "Feature", "properties": { "line_id": "SWD-WORK-139", "source_id": "31", "work_status": "Work Completed", "size_text": "[ 1200*900 ,C]", "height_m": 1.2, "width_m": 0.9, "model_use": "capacity scenario evidence; do not assume completed widening without latest field confirmation" }, "geometry": { "type": "LineString", "coordinates": [ [ 693087.094051389372908, 3150551.828261207789183, 0.0 ], [ 692723.014845100929961, 3150802.89464912796393, 0.0 ], [ 692135.01719381660223, 3151126.92645473126322, 0.0 ] ] } },
{ "type": "Feature", "properties": { "line_id": "SWD-WORK-140", "source_id": "153", "work_status": "Work Completed", "size_text": "[ 1200*900 ,C]", "height_m": 1.2, "width_m": 0.9, "model_use": "capacity scenario evidence; do not assume completed widening without latest field confirmation" }, "geometry": { "type": "LineString", "coordinates": [ [ 692989.791540546226315, 3150426.143581404816359, 0.0 ], [ 693254.439336513984017, 3150767.975203441921622, 0.0 ], [ 693498.295355437323451, 3151077.76777272624895, 0.0 ], [ 693741.247113410499878, 3151322.302004603203386, 0.0 ] ] } },
{ "type": "Feature", "properties": { "line_id": "SWD-WORK-141", "source_id": "177", "work_status": "Work Completed", "size_text": "[ 1200*900 ,C]", "height_m": 1.2, "width_m": 0.9, "model_use": "capacity scenario evidence; do not assume completed widening without latest field confirmation" }, "geometry": { "type": "LineString", "coordinates": [ [ 693108.539705891162157, 3150828.738527660258114, 0.0 ], [ 693350.122855356545188, 3151104.907986198086292, 0.0 ], [ 693541.991877613123506, 3151342.283476276323199, 0.0 ], [ 693819.311170339118689, 3151608.008759349584579, 0.0 ] ] } },
{ "type": "Feature", "properties": { "line_id": "SWD-WORK-142", "source_id": "102", "work_status": "Work in progress", "size_text": "[ 1200*900 ,C]", "height_m": 1.2, "width_m": 0.9, "model_use": "capacity scenario evidence; do not assume completed widening without latest field confirmation" }, "geometry": { "type": "LineString", "coordinates": [ [ 693741.247113410499878, 3151322.302004603203386, 0.0 ], [ 693925.815203989157453, 3151508.082918058149517, 0.0 ] ] } },
{ "type": "Feature", "properties": { "line_id": "SWD-WORK-143", "source_id": "133", "work_status": "Work Completed", "size_text": "[3650*1375,C ]", "height_m": 3.65, "width_m": 1.375, "model_use": "capacity scenario evidence; do not assume completed widening without latest field confirmation" }, "geometry": { "type": "LineString", "coordinates": [ [ 695574.734579336130992, 3148491.385563255287707, 0.0 ], [ 695546.201828286983073, 3148547.437606965657324, 0.0 ], [ 695434.547438308014534, 3148770.746386920101941, 0.0 ], [ 695308.605519758304581, 3149009.930198605172336, 0.0 ], [ 695228.436609436525032, 3149163.918006588704884, 0.0 ] ] } },
{ "type": "Feature", "properties": { "line_id": "SWD-WORK-144", "source_id": "88", "work_status": "Work Completed", "size_text": "[ 2440*1375,C ]", "height_m": 2.44, "width_m": 1.375, "model_use": "capacity scenario evidence; do not assume completed widening without latest field confirmation" }, "geometry": { "type": "LineString", "coordinates": [ [ 695228.436609436525032, 3149163.918006588704884, 0.0 ], [ 695210.97407448827289, 3149178.47011902090162, 0.0 ], [ 695186.896943020634353, 3149191.434728280641139, 0.0 ], [ 695019.679941912414506, 3149268.69321614690125, 0.0 ], [ 694959.354821261717007, 3149299.64952805172652, 0.0 ], [ 694941.098534741904587, 3149313.937056615017354, 0.0 ], [ 694930.515180255752057, 3149328.753752921242267, 0.0 ], [ 694920.460993475164287, 3149360.239232562482357, 0.0 ], [ 694909.877638982143253, 3149404.689321454614401, 0.0 ], [ 694896.648445844417438, 3149440.672726771328598, 0.0 ], [ 694885.271339760627598, 3149467.395696885883808, 0.0 ], [ 694872.855503634084016, 3149487.430000963620842, 0.0 ], [ 694868.938377889688127, 3149487.536710404325277, 0.0 ], [ 694949.334700067411177, 3149751.69605468492955, 0.0 ], [ 694934.518003763398156, 3149899.863017679192126, 0.0 ], [ 694828.684458756819367, 3150147.513512988109142, 0.0 ] ] } },
{ "type": "Feature", "properties": { "line_id": "SWD-WORK-145", "source_id": "134", "work_status": "Work Completed", "size_text": "[3050*370,C ]", "height_m": 3.05, "width_m": 0.37, "model_use": "capacity scenario evidence; do not assume completed widening without latest field confirmation" }, "geometry": { "type": "LineString", "coordinates": [ [ 694828.684458756819367, 3150147.513512988109142, 0.0 ], [ 694822.743891272461042, 3150163.688760502263904, 0.0 ], [ 694670.882441218476743, 3150580.349774930626154, 0.0 ] ] } },
{ "type": "Feature", "properties": { "line_id": "SWD-WORK-146", "source_id": "85", "work_status": "Work Completed", "size_text": "[ 1800*1200 ,C]", "height_m": 1.8, "width_m": 1.2, "model_use": "capacity scenario evidence; do not assume completed widening without latest field confirmation" }, "geometry": { "type": "LineString", "coordinates": [ [ 696842.995656697195955, 3149585.689676837995648, 0.0 ], [ 696641.824751704814844, 3150064.159012951422483, 0.0 ], [ 696344.168491695192643, 3150785.975546799600124, 0.0 ], [ 696007.226790516404435, 3151603.05928843235597, 0.0 ], [ 696007.222893451456912, 3151603.068739454261959, 0.0 ], [ 695850.62758935499005, 3151536.707375840749592, 0.0 ], [ 695738.080600274144672, 3151487.577802398242056, 0.0 ], [ 695698.518804940162227, 3151495.079472243320197, 0.0 ] ] } },
{ "type": "Feature", "properties": { "line_id": "SWD-WORK-147", "source_id": "87", "work_status": "Work Completed", "size_text": "[ 900*600 ,C]", "height_m": 0.9, "width_m": 0.6, "model_use": "capacity scenario evidence; do not assume completed widening without latest field confirmation" }, "geometry": { "type": "LineString", "coordinates": [ [ 697556.991088869399391, 3151306.088928224518895, 0.0 ], [ 697552.129451664164662, 3151317.611450390424579, 0.0 ], [ 696479.687760775210336, 3150856.598264483734965, 0.0 ], [ 696344.168491695192643, 3150785.975546800531447, 0.0 ], [ 696329.404126868001185, 3150778.281441199593246, 0.0 ], [ 696141.020416764193214, 3150716.8979850881733, 0.0 ], [ 694822.743978229118511, 3150163.68879699613899, 0.0 ] ] } },
{ "type": "Feature", "properties": { "line_id": "SWD-WORK-148", "source_id": "176", "work_status": "Work Completed", "size_text": "[ 2(N)*4000*1500 ,C]", "height_m": 2.4, "width_m": 1.5, "model_use": "capacity scenario evidence; do not assume completed widening without latest field confirmation" }, "geometry": { "type": "LineString", "coordinates": [ [ 694670.374026785604656, 3150578.575295700225979, 0.0 ], [ 694659.32377578667365, 3150598.015961534809321, 0.0 ], [ 694602.444728645030409, 3150668.579674169886857, 0.0 ], [ 694015.519076456548646, 3151396.777450670022517, 0.0 ], [ 693925.815203989157453, 3151508.082918058149517, 0.0 ] ] } },
{ "type": "Feature", "properties": { "line_id": "SWD-WORK-149", "source_id": "86", "work_status": "Work Completed", "size_text": "[ 900*600 ,C]", "height_m": 0.9, "width_m": 0.6, "model_use": "capacity scenario evidence; do not assume completed widening without latest field confirmation" }, "geometry": { "type": "LineString", "coordinates": [ [ 697021.746579483733512, 3152032.9866564264521, 0.0 ], [ 697211.425184862688184, 3152113.381015936844051, 0.0 ], [ 696007.222893451456912, 3151603.068739454261959, 0.0 ], [ 696007.226790516404435, 3151603.05928843235597, 0.0 ] ] } },
{ "type": "Feature", "properties": { "line_id": "SWD-WORK-150", "source_id": "101", "work_status": "Work in progress", "size_text": "[ 1200*900 ,C]", "height_m": 1.2, "width_m": 0.9, "model_use": "capacity scenario evidence; do not assume completed widening without latest field confirmation" }, "geometry": { "type": "LineString", "coordinates": [ [ 694626.141753956209868, 3152212.982597451657057, 0.0 ], [ 694775.480137883801945, 3152363.301217545289546, 0.0 ], [ 695689.885116945719346, 3153449.910079250112176, 0.0 ] ] } },
{ "type": "Feature", "properties": { "line_id": "SWD-WORK-151", "source_id": "175", "work_status": "Work in progress", "size_text": "[ 1200*1000 ,C]", "height_m": 1.2, "width_m": 1.0, "model_use": "capacity scenario evidence; do not assume completed widening without latest field confirmation" }, "geometry": { "type": "LineString", "coordinates": [ [ 694522.488877511816099, 3152314.07304819393903, 0.0 ], [ 694670.534141572890803, 3152451.042849044781178, 0.0 ], [ 694945.581187429255806, 3152728.596301461104304, 0.0 ], [ 695110.104117762995884, 3152925.19268917478621, 0.0 ], [ 695356.713590861763805, 3153229.980704978574067, 0.0 ], [ 695601.005713681690395, 3153496.201435121241957, 0.0 ] ] } },
{ "type": "Feature", "properties": { "line_id": "SWD-WORK-152", "source_id": "142", "work_status": "Work in progress", "size_text": "[ 1200*1000 ,C]", "height_m": 1.2, "width_m": 1.0, "model_use": "capacity scenario evidence; do not assume completed widening without latest field confirmation" }, "geometry": { "type": "LineString", "coordinates": [ [ 696833.989706157357432, 3153033.140624974388629, 0.0 ], [ 696837.893475784687325, 3153038.495954491663724, 0.0 ], [ 695689.885116945719346, 3153449.910079250112176, 0.0 ] ] } },
{ "type": "Feature", "properties": { "line_id": "SWD-WORK-153", "source_id": "156", "work_status": "Work Completed", "size_text": "[ 1200*900 ,C]", "height_m": 1.2, "width_m": 0.9, "model_use": "capacity scenario evidence; do not assume completed widening without latest field confirmation" }, "geometry": { "type": "LineString", "coordinates": [ [ 692241.111775735509582, 3151382.637423813343048, 0.0 ], [ 692507.366810169769451, 3152012.428709955886006, 0.0 ], [ 692751.050703040207736, 3152610.430429227184504, 0.0 ] ] } },
{ "type": "Feature", "properties": { "line_id": "SWD-WORK-154", "source_id": "76", "work_status": "Work Completed", "size_text": "[2(N)*4000*1800,C ]", "height_m": 2.1, "width_m": 1.8, "model_use": "capacity scenario evidence; do not assume completed widening without latest field confirmation" }, "geometry": { "type": "LineString", "coordinates": [ [ 693925.815203989157453, 3151508.082918058149517, 0.0 ], [ 692751.050703040207736, 3152610.430429226718843, 0.0 ] ] } },
{ "type": "Feature", "properties": { "line_id": "SWD-WORK-155", "source_id": "151", "work_status": "Work Completed", "size_text": "[ 1200*1500 ,C]", "height_m": 1.2, "width_m": 1.5, "model_use": "capacity scenario evidence; do not assume completed widening without latest field confirmation" }, "geometry": { "type": "LineString", "coordinates": [ [ 694419.111057186615653, 3152004.602927158586681, 0.0 ], [ 692967.162007042090409, 3153080.182610913179815, 0.0 ], [ 692967.159489744575694, 3153080.184476003516465, 0.0 ] ] } },
{ "type": "Feature", "properties": { "line_id": "SWD-WORK-156", "source_id": "152", "work_status": "Work Completed", "size_text": "[ 2(N)*4250*800 ,C]", "height_m": 4.25, "width_m": 0.8, "model_use": "capacity scenario evidence; do not assume completed widening without latest field confirmation" }, "geometry": { "type": "LineString", "coordinates": [ [ 692751.050703040207736, 3152610.430429227184504, 0.0 ], [ 692834.374371123616584, 3152814.906373654026538, 0.0 ], [ 692967.159489744575694, 3153080.184476003516465, 0.0 ] ] } },
{ "type": "Feature", "properties": { "line_id": "SWD-WORK-157", "source_id": "154", "work_status": "Khachha Drain Running", "size_text": "[3050*1375]", "height_m": 0.0, "width_m": 0.0, "model_use": "capacity scenario evidence; do not assume completed widening without latest field confirmation" }, "geometry": { "type": "LineString", "coordinates": [ [ 691753.260874968604185, 3151972.69253444718197, 0.0 ], [ 691260.474613156518899, 3153613.152743769809604, 0.0 ], [ 690758.219606114318594, 3154409.448704607784748, 0.0 ], [ 690557.110869315685704, 3154666.939556080847979, 0.0 ] ] } },
{ "type": "Feature", "properties": { "line_id": "SWD-WORK-158", "source_id": "77", "work_status": "Work Completed", "size_text": "[ 2(N)*5000*1800 ,C]", "height_m": 2.5, "width_m": 1.8, "model_use": "capacity scenario evidence; do not assume completed widening without latest field confirmation" }, "geometry": { "type": "LineString", "coordinates": [ [ 692967.159489745274186, 3153080.184476004913449, 0.0 ], [ 693048.033245119266212, 3153231.139641156420112, 0.0 ], [ 693256.803622619248927, 3153620.842947790399194, 0.0 ], [ 693508.111172771081328, 3154089.941198317334056, 0.0 ], [ 694142.350441254675388, 3154963.533612160012126, 0.0 ], [ 694250.09862941596657, 3155054.562097907066345, 0.0 ], [ 694289.573010943830013, 3155087.911300361156464, 0.0 ] ] } },
{ "type": "Feature", "properties": { "line_id": "SWD-WORK-159", "source_id": "149", "work_status": "Work Completed", "size_text": "[3(N)*7000*2100,C ]", "height_m": 0.7, "width_m": 2.1, "model_use": "capacity scenario evidence; do not assume completed widening without latest field confirmation" }, "geometry": { "type": "LineString", "coordinates": [ [ 694289.573010943830013, 3155087.911300361156464, 0.0 ], [ 694231.832350699231029, 3155122.356293305754662, 0.0 ], [ 694197.149816057644784, 3155090.062068991363049, 0.0 ], [ 694114.17631677724421, 3155134.088823715224862, 0.0 ], [ 693846.629115018062294, 3155211.135644473135471, 0.0 ], [ 693683.222121535800397, 3155217.062322996556759, 0.0 ], [ 693606.175300776027143, 3155239.075700355693698, 0.0 ], [ 693518.968459697440267, 3155007.935238072648644, 0.0 ], [ 693406.361567814834416, 3155062.122013110667467, 0.0 ], [ 693248.881252855062485, 3155140.862170593813062, 0.0 ], [ 692319.239393570460379, 3155600.603090075775981, 0.0 ] ] } },
{ "type": "Feature", "properties": { "line_id": "SWD-WORK-160", "source_id": "100", "work_status": "Work in progress", "size_text": "[ 1200*900 ,C]", "height_m": 1.2, "width_m": 0.9, "model_use": "capacity scenario evidence; do not assume completed widening without latest field confirmation" }, "geometry": { "type": "LineString", "coordinates": [ [ 696030.329880639910698, 3153837.408860314637423, 0.0 ], [ 696362.659066076390445, 3154198.298744075000286, 0.0 ] ] } },
{ "type": "Feature", "properties": { "line_id": "SWD-WORK-161", "source_id": "174", "work_status": "Work in progress", "size_text": "[ 1200*900 ,C]", "height_m": 1.2, "width_m": 0.9, "model_use": "capacity scenario evidence; do not assume completed widening without latest field confirmation" }, "geometry": { "type": "LineString", "coordinates": [ [ 695905.273938352242112, 3153872.149937927722931, 0.0 ], [ 696090.993412343785167, 3154053.290196675807238, 0.0 ], [ 696229.31564237177372, 3154197.931406818330288, 0.0 ] ] } },
{ "type": "Feature", "properties": { "line_id": "SWD-WORK-162", "source_id": "270", "work_status": "Work Completed", "size_text": "[2(N)*4500*2100,C ]", "height_m": 4.5, "width_m": 2.1, "model_use": "capacity scenario evidence; do not assume completed widening without latest field confirmation" }, "geometry": { "type": "LineString", "coordinates": [ [ 697546.46930636127945, 3153950.956397738307714, 0.0 ], [ 697498.027528923936188, 3153991.086537708994001, 0.0 ], [ 697345.627224124036729, 3153995.319879509974271, 0.0 ], [ 697348.167229203972965, 3154211.220311306416988, 0.0 ], [ 696774.972749481676146, 3154209.52697459096089, 0.0 ], [ 696576.85235324059613, 3154198.520285909995437, 0.0 ], [ 696443.078752359841019, 3154198.520285909529775, 0.0 ], [ 696185.860587380127981, 3154197.811695922166109, 0.0 ] ] } },
{ "type": "Feature", "properties": { "line_id": "SWD-WORK-163", "source_id": "96", "work_status": "Work in progress", "size_text": "[ 2500*1500,C ]", "height_m": 2.5, "width_m": 1.5, "model_use": "capacity scenario evidence; do not assume completed widening without latest field confirmation" }, "geometry": { "type": "LineString", "coordinates": [ [ 695689.885116945952177, 3153449.910079250112176, 0.0 ], [ 695601.005713682621717, 3153496.201435124501586, 0.0 ], [ 695560.788966586813331, 3153526.893163178116083, 0.0 ], [ 695273.450891905464232, 3153759.726962177082896, 0.0 ], [ 695232.175809365697205, 3153794.122864287346601, 0.0 ], [ 695248.580008829012513, 3153871.910519881173968, 0.0 ], [ 695255.98835698608309, 3153950.756510905921459, 0.0 ], [ 695249.955844921991229, 3154220.243994312360883, 0.0 ], [ 694955.315255623310804, 3154225.324004473164678, 0.0 ], [ 694832.548343438655138, 3154371.797630753368139, 0.0 ], [ 694682.688043707050383, 3154508.111236725002527, 0.0 ], [ 694607.334559676237404, 3154594.471409425139427, 0.0 ], [ 694612.414569833315909, 3154663.051546610891819, 0.0 ], [ 694598.867876070551574, 3154690.991602482274175, 0.0 ], [ 694506.581024839542806, 3154778.198443563655019, 0.0 ], [ 694425.300862267613411, 3154832.38521858677268, 0.0 ], [ 694410.06083180103451, 3154853.551927600055933, 0.0 ], [ 694400.747479834593832, 3154886.571993628516793, 0.0 ], [ 694401.59414819534868, 3154917.898722965270281, 0.0 ], [ 694393.127464605495334, 3154970.392161276191473, 0.0 ], [ 694382.715122275054455, 3154983.676848582923412, 0.0 ], [ 694311.847723073326051, 3155036.418834267184138, 0.0 ], [ 694289.573010943830013, 3155087.911300361156464, 0.0 ] ] } },
{ "type": "Feature", "properties": { "line_id": "SWD-WORK-164", "source_id": "29", "work_status": "Work Completed", "size_text": "[2(N)*4500*2100,C ]", "height_m": 4.5, "width_m": 2.1, "model_use": "capacity scenario evidence; do not assume completed widening without latest field confirmation" }, "geometry": { "type": "LineString", "coordinates": [ [ 696185.860587379895151, 3154197.811695922166109, 0.0 ], [ 695828.397522997111082, 3154196.826949188485742, 0.0 ], [ 695777.597421397455037, 3154241.700372273102403, 0.0 ], [ 695587.943708756938577, 3154433.894089989364147, 0.0 ], [ 695504.970209476538002, 3154520.254262713715434, 0.0 ], [ 695342.409884357824922, 3154616.77445575222373, 0.0 ], [ 695338.458765341900289, 3154641.327838189899921, 0.0 ], [ 695161.505078101530671, 3154712.447980429977179, 0.0 ], [ 694983.704722502268851, 3154685.354592913761735, 0.0 ], [ 694697.53081682138145, 3154879.241647351533175, 0.0 ], [ 694571.528407674282789, 3154907.847599698230624, 0.0 ], [ 694289.573010943830013, 3155087.911300361156464, 0.0 ] ] } },
{ "type": "Feature", "properties": { "line_id": "SWD-WORK-165", "source_id": "98", "work_status": "Work in progress", "size_text": "[ 1500*1500 ,C]", "height_m": 1.5, "width_m": 1.5, "model_use": "capacity scenario evidence; do not assume completed widening without latest field confirmation" }, "geometry": { "type": "LineString", "coordinates": [ [ 696466.962295447941869, 3154524.910222380887717, 0.0 ], [ 695236.293559224810451, 3155938.924341266509145, 0.0 ] ] } },
{ "type": "Feature", "properties": { "line_id": "SWD-WORK-166", "source_id": "103", "work_status": "Work in progress", "size_text": "[ 1200*900 ,C]", "height_m": 1.2, "width_m": 0.9, "model_use": "capacity scenario evidence; do not assume completed widening without latest field confirmation" }, "geometry": { "type": "LineString", "coordinates": [ [ 696761.822758531430736, 3154629.85971646849066, 0.0 ], [ 697188.767186675337143, 3155092.395564625971019, 0.0 ], [ 697598.084676198777743, 3155672.023478092160076, 0.0 ], [ 697770.064233253942803, 3155915.560962736606598, 0.0 ], [ 698003.401579649653286, 3156245.985189058352262, 0.0 ], [ 698022.897669133963063, 3156273.594324734527618, 0.0 ] ] } },
{ "type": "Feature", "properties": { "line_id": "SWD-WORK-167", "source_id": "148", "work_status": "Work in progress", "size_text": "[ 2(N)*1500 ,C]", "height_m": 2.0, "width_m": 1.5, "model_use": "capacity scenario evidence; do not assume completed widening without latest field confirmation" }, "geometry": { "type": "LineString", "coordinates": [ [ 695236.293559224810451, 3155938.924341266509145, 0.0 ], [ 695026.272209097631276, 3155710.295105702243745, 0.0 ], [ 694789.986907002981752, 3155510.662058766465634, 0.0 ], [ 694289.573010942782275, 3155087.911300363019109, 0.0 ] ] } },
{ "type": "Feature", "properties": { "line_id": "SWD-WORK-168", "source_id": "173", "work_status": "Work in progress", "size_text": "[ 1200*1000 ,C]", "height_m": 1.2, "width_m": 1.0, "model_use": "capacity scenario evidence; do not assume completed widening without latest field confirmation" }, "geometry": { "type": "LineString", "coordinates": [ [ 696664.130618803319521, 3154684.042105344124138, 0.0 ], [ 697055.216879443847574, 3155121.857568743638694, 0.0 ], [ 697311.743965592468157, 3155454.556739816442132, 0.0 ], [ 697995.575829913141206, 3156381.789259994402528, 0.0 ] ] } },
{ "type": "Feature", "properties": { "line_id": "SWD-WORK-169", "source_id": "271", "work_status": "Work Completed", "size_text": "[ 3354*1830,C ]", "height_m": 3.354, "width_m": 1.83, "model_use": "capacity scenario evidence; do not assume completed widening without latest field confirmation" }, "geometry": { "type": "LineString", "coordinates": [ [ 699775.045871054171585, 3155433.872327683027834, 0.0 ], [ 699673.356845031492412, 3155472.748735947534442, 0.0 ], [ 699497.04349479265511, 3155480.13914280757308, 0.0 ], [ 698830.742403279058635, 3155482.03192987293005, 0.0 ] ] } },
{ "type": "Feature", "properties": { "line_id": "SWD-WORK-170", "source_id": "254", "work_status": "Work Completed", "size_text": "[ 2200*6000,C ]", "height_m": 0.0, "width_m": 0.0, "model_use": "capacity scenario evidence; do not assume completed widening without latest field confirmation" }, "geometry": { "type": "LineString", "coordinates": [ [ 698830.416791430092417, 3155482.396549820434302, 0.0 ], [ 698776.628521362552419, 3155482.549348222091794, 0.0 ], [ 698605.967161471722648, 3155468.835034874267876, 0.0 ] ] } },
{ "type": "Feature", "properties": { "line_id": "SWD-WORK-171", "source_id": "251", "work_status": "Work Completed", "size_text": "[2(N)*3300*2000,C ]", "height_m": 3.3, "width_m": 2.0, "model_use": "capacity scenario evidence; do not assume completed widening without latest field confirmation" }, "geometry": { "type": "LineString", "coordinates": [ [ 698605.967161471955478, 3155468.835034873336554, 0.0 ], [ 698563.888705940917134, 3155483.037994565442204, 0.0 ], [ 698555.597050907090306, 3155487.699785148724914, 0.0 ], [ 698520.239013949409127, 3155507.579020714387298, 0.0 ], [ 698507.301024353131652, 3155512.187391078099608, 0.0 ], [ 698468.462928130291402, 3155524.794521791860461, 0.0 ], [ 698450.464571550488472, 3155521.930542780086398, 0.0 ], [ 698423.537115650251508, 3155522.170301197096705, 0.0 ], [ 698387.530810317024589, 3155528.893968222662807, 0.0 ], [ 698274.652603039517999, 3155534.814312627539039, 0.0 ], [ 698244.172542079351842, 3155548.784340566024184, 0.0 ], [ 698125.557618296705186, 3155910.581523301079869, 0.0 ], [ 698063.746734046377242, 3156129.149157844483852, 0.0 ], [ 698043.91276400256902, 3156204.60733649879694, 0.0 ] ] } },
{ "type": "Feature", "properties": { "line_id": "SWD-WORK-172", "source_id": "225", "work_status": "Work Completed", "size_text": "[ 1200*900 ,C]", "height_m": 1.2, "width_m": 0.9, "model_use": "capacity scenario evidence; do not assume completed widening without latest field confirmation" }, "geometry": { "type": "LineString", "coordinates": [ [ 698912.772607866674662, 3156071.114567527547479, 0.0 ], [ 698246.849403494154103, 3156583.423892773222178, 0.0 ] ] } },
{ "type": "Feature", "properties": { "line_id": "SWD-WORK-173", "source_id": "104", "work_status": "Work in progress", "size_text": "[ 1200*900 ,C]", "height_m": 1.2, "width_m": 0.9, "model_use": "capacity scenario evidence; do not assume completed widening without latest field confirmation" }, "geometry": { "type": "LineString", "coordinates": [ [ 698917.994170106016099, 3157518.677856259047985, 0.0 ], [ 698619.753526287036948, 3157091.255643040407449, 0.0 ], [ 698524.211973195313476, 3156958.923954634927213, 0.0 ], [ 698413.519214416621253, 3156806.742470780853182, 0.0 ], [ 698244.177521801670082, 3156579.843875390477479, 0.0 ], [ 698022.897669134079479, 3156273.594324734527618, 0.0 ] ] } },
{ "type": "Feature", "properties": { "line_id": "SWD-WORK-174", "source_id": "172", "work_status": "Work Completed", "size_text": "[ 1200*900 ,C]", "height_m": 1.2, "width_m": 0.9, "model_use": "capacity scenario evidence; do not assume completed widening without latest field confirmation" }, "geometry": { "type": "LineString", "coordinates": [ [ 698841.661803813418373, 3157565.479324147105217, 0.0 ], [ 697995.575829913024791, 3156381.78925999533385, 0.0 ] ] } },
{ "type": "Feature", "properties": { "line_id": "SWD-WORK-175", "source_id": "146", "work_status": "Work in progress", "size_text": "[ 1200*900 ,C]", "height_m": 1.2, "width_m": 0.9, "model_use": "capacity scenario evidence; do not assume completed widening without latest field confirmation" }, "geometry": { "type": "LineString", "coordinates": [ [ 697731.670462689362466, 3157388.892710208892822, 0.0 ], [ 697493.229741551913321, 3158160.716543635353446, 0.0 ] ] } },
{ "type": "Feature", "properties": { "line_id": "SWD-WORK-176", "source_id": "194", "work_status": "Work in progress", "size_text": "[ 1200*900 ,C]", "height_m": 1.2, "width_m": 0.9, "model_use": "capacity scenario evidence; do not assume completed widening without latest field confirmation" }, "geometry": { "type": "LineString", "coordinates": [ [ 697110.15969499014318, 3156162.192720025777817, 0.0 ], [ 697528.942176413605921, 3155743.375378046184778, 0.0 ], [ 697522.494187613599934, 3155734.591233167797327, 0.0 ] ] } },
{ "type": "Feature", "properties": { "line_id": "SWD-WORK-177", "source_id": "99", "work_status": "Work in progress", "size_text": "[ 1200*900 ,C]", "height_m": 1.2, "width_m": 0.9, "model_use": "capacity scenario evidence; do not assume completed widening without latest field confirmation" }, "geometry": { "type": "LineString", "coordinates": [ [ 695427.593011752003804, 3156147.175979465246201, 0.0 ], [ 695347.74682270991616, 3156060.254811643157154, 0.0 ], [ 695317.044703332125209, 3156026.830903847701848, 0.0 ], [ 695236.29375057539437, 3155938.924117605667561, 0.0 ] ] } },
{ "type": "Feature", "properties": { "line_id": "SWD-WORK-178", "source_id": "252", "work_status": "Work Completed", "size_text": "[ 2(N)*3600*2000 ,C]", "height_m": 3.6, "width_m": 2.0, "model_use": "capacity scenario evidence; do not assume completed widening without latest field confirmation" }, "geometry": { "type": "LineString", "coordinates": [ [ 698043.91276400256902, 3156204.60733649879694, 0.0 ], [ 698022.897669135592878, 3156273.594324737787247, 0.0 ], [ 697955.045106831006706, 3156542.294725688174367, 0.0 ], [ 697896.670742879621685, 3156719.374785955995321, 0.0 ], [ 697724.246731366030872, 3156716.665447205305099, 0.0 ], [ 697719.92872272990644, 3156750.066514007747173, 0.0 ], [ 697625.736867679283023, 3156755.358191257342696, 0.0 ], [ 697533.661683529615402, 3156754.299855809658766, 0.0 ], [ 697299.769549078308046, 3156765.941545756533742, 0.0 ], [ 697202.175527132116258, 3156871.811741907149553, 0.0 ], [ 697109.571175268851221, 3156959.124416526407003, 0.0 ], [ 696986.327682038769126, 3157003.038070246577263, 0.0 ], [ 696919.321653665974736, 3157026.914075607433915, 0.0 ], [ 696822.175900233909488, 3157058.747434370219707, 0.0 ], [ 696777.657586621120572, 3157072.44542458280921, 0.0 ], [ 696741.799606388434768, 3157083.478831898421049, 0.0 ], [ 696696.091480609029531, 3157101.534425271674991, 0.0 ], [ 696540.715870878659189, 3157218.416601775214076, 0.0 ], [ 696360.497089701704681, 3157334.215435536578298, 0.0 ], [ 696120.964625495485961, 3157476.970031341537833, 0.0 ] ] } },
{ "type": "Feature", "properties": { "line_id": "SWD-WORK-179", "source_id": "145", "work_status": "Work in progress", "size_text": "[ 2(N)*3900*2000 ,C]", "height_m": 2.0, "width_m": 3.9, "model_use": "capacity scenario evidence; do not assume completed widening without latest field confirmation" }, "geometry": { "type": "LineString", "coordinates": [ [ 696120.964625495485961, 3157476.970031341537833, 0.0 ], [ 696021.064049088396132, 3157542.874432167038321, 0.0 ], [ 695786.346327785402536, 3157702.245626695454121, 0.0 ] ] } },
{ "type": "Feature", "properties": { "line_id": "SWD-WORK-180", "source_id": "94", "work_status": "Work in progress", "size_text": "[ 1500*1500 ,C]", "height_m": 1.5, "width_m": 1.5, "model_use": "capacity scenario evidence; do not assume completed widening without latest field confirmation" }, "geometry": { "type": "LineString", "coordinates": [ [ 697493.229741551913321, 3158160.716543635353446, 0.0 ], [ 696741.799606388434768, 3157083.478831898421049, 0.0 ] ] } },
{ "type": "Feature", "properties": { "line_id": "SWD-WORK-181", "source_id": "93", "work_status": "Work in progress", "size_text": "[ 1200*900 ,C]", "height_m": 1.2, "width_m": 0.9, "model_use": "capacity scenario evidence; do not assume completed widening without latest field confirmation" }, "geometry": { "type": "LineString", "coordinates": [ [ 696905.698982662986964, 3158717.627012205775827, 0.0 ], [ 696894.445945472223684, 3158598.280881688464433, 0.0 ], [ 696946.516049605794251, 3158520.810726747382432, 0.0 ], [ 696659.4954755686922, 3158200.770086667966098, 0.0 ], [ 696489.315135194337927, 3157893.429471971932799, 0.0 ], [ 696120.964625495253131, 3157476.970031342003495, 0.0 ] ] } },
{ "type": "Feature", "properties": { "line_id": "SWD-WORK-182", "source_id": "141", "work_status": "Work in progress", "size_text": "[ 1200*900 ,C]", "height_m": 1.2, "width_m": 0.9, "model_use": "capacity scenario evidence; do not assume completed widening without latest field confirmation" }, "geometry": { "type": "LineString", "coordinates": [ [ 697170.969451180659235, 3158728.858033848926425, 0.0 ], [ 697361.512691918760538, 3158570.673922376707196, 0.0 ], [ 697493.229741551913321, 3158160.716543635353446, 0.0 ] ] } }
]
}
