already up to date (newmodel_partner_daily_20260801_233000_d67abb06, 145 frames) — nothing to do
=== exit 0 ===
=== 2026-08-02T18:40:01+05:30 refresh ===
target network: 118768 nodes / 139798 links, grid 768² over [76.92743352153221, 28.323950850966828, 77.18375956125723, 28.547085653307686]
run newmodel_partner_daily_20260801_233000_d67abb06: 145 frames @ 10.0 min
already up to date (newmodel_partner_daily_20260801_233000_d67abb06, 145 frames) — nothing to do
=== exit 0 ===
=== 2026-08-02T19:00:01+05:30 refresh ===
target network: 118768 nodes / 139798 links, grid 768² over [76.92743352153221, 28.323950850966828, 77.18375956125723, 28.547085653307686]
run newmodel_partner_daily_20260801_233000_d67abb06: 145 frames @ 10.0 min
already up to date (newmodel_partner_daily_20260801_233000_d67abb06, 145 frames) — nothing to do
=== exit 0 ===
=== 2026-08-02T19:20:01+05:30 refresh ===
target network: 118768 nodes / 139798 links, grid 768² over [76.92743352153221, 28.323950850966828, 77.18375956125723, 28.547085653307686]
run newmodel_partner_daily_20260801_233000_d67abb06: 145 frames @ 10.0 min
already up to date (newmodel_partner_daily_20260801_233000_d67abb06, 145 frames) — nothing to do
=== exit 0 ===
=== 2026-08-02T19:40:01+05:30 refresh ===
target network: 118768 nodes / 139798 links, grid 768² over [76.92743352153221, 28.323950850966828, 77.18375956125723, 28.547085653307686]
run newmodel_partner_daily_20260801_233000_d67abb06: 145 frames @ 10.0 min
already up to date (newmodel_partner_daily_20260801_233000_d67abb06, 145 frames) — nothing to do
=== exit 0 ===
=== 2026-08-02T20:00:01+05:30 refresh ===
target network: 118768 nodes / 139798 links, grid 768² over [76.92743352153221, 28.323950850966828, 77.18375956125723, 28.547085653307686]
run newmodel_partner_daily_20260801_233000_d67abb06: 145 frames @ 10.0 min
already up to date (newmodel_partner_daily_20260801_233000_d67abb06, 145 frames) — nothing to do
=== exit 0 ===
=== 2026-08-02T20:20:01+05:30 refresh ===
target network: 118768 nodes / 139798 links, grid 768² over [76.92743352153221, 28.323950850966828, 77.18375956125723, 28.547085653307686]
run newmodel_partner_daily_20260801_233000_d67abb06: 145 frames @ 10.0 min
already up to date (newmodel_partner_daily_20260801_233000_d67abb06, 145 frames) — nothing to do
=== exit 0 ===
=== 2026-08-02T20:40:01+05:30 refresh ===
target network: 118768 nodes / 139798 links, grid 768² over [76.92743352153221, 28.323950850966828, 77.18375956125723, 28.547085653307686]
run newmodel_partner_daily_20260801_233000_d67abb06: 145 frames @ 10.0 min
already up to date (newmodel_partner_daily_20260801_233000_d67abb06, 145 frames) — nothing to do
=== exit 0 ===
=== 2026-08-02T21:00:01+05:30 refresh ===
target network: 118768 nodes / 139798 links, grid 768² over [76.92743352153221, 28.323950850966828, 77.18375956125723, 28.547085653307686]
run newmodel_partner_daily_20260801_233000_d67abb06: 145 frames @ 10.0 min
already up to date (newmodel_partner_daily_20260801_233000_d67abb06, 145 frames) — nothing to do
=== exit 0 ===
=== 2026-08-02T21:20:01+05:30 refresh ===
target network: 118768 nodes / 139798 links, grid 768² over [76.92743352153221, 28.323950850966828, 77.18375956125723, 28.547085653307686]
run newmodel_partner_daily_20260801_233000_d67abb06: 145 frames @ 10.0 min
already up to date (newmodel_partner_daily_20260801_233000_d67abb06, 145 frames) — nothing to do
=== exit 0 ===
=== 2026-08-02T21:40:01+05:30 refresh ===
target network: 118768 nodes / 139798 links, grid 768² over [76.92743352153221, 28.323950850966828, 77.18375956125723, 28.547085653307686]
run newmodel_partner_daily_20260801_233000_d67abb06: 145 frames @ 10.0 min
already up to date (newmodel_partner_daily_20260801_233000_d67abb06, 145 frames) — nothing to do
=== exit 0 ===
=== 2026-08-02T22:00:01+05:30 refresh ===
target network: 118768 nodes / 139798 links, grid 768² over [76.92743352153221, 28.323950850966828, 77.18375956125723, 28.547085653307686]
run newmodel_partner_daily_20260801_233000_d67abb06: 145 frames @ 10.0 min
already up to date (newmodel_partner_daily_20260801_233000_d67abb06, 145 frames) — nothing to do
=== exit 0 ===
=== 2026-08-02T22:20:01+05:30 refresh ===
target network: 118768 nodes / 139798 links, grid 768² over [76.92743352153221, 28.323950850966828, 77.18375956125723, 28.547085653307686]
run newmodel_partner_daily_20260801_233000_d67abb06: 145 frames @ 10.0 min
already up to date (newmodel_partner_daily_20260801_233000_d67abb06, 145 frames) — nothing to do
=== exit 0 ===
=== 2026-08-02T22:40:01+05:30 refresh ===
target network: 118768 nodes / 139798 links, grid 768² over [76.92743352153221, 28.323950850966828, 77.18375956125723, 28.547085653307686]
run newmodel_partner_daily_20260801_233000_d67abb06: 145 frames @ 10.0 min
already up to date (newmodel_partner_daily_20260801_233000_d67abb06, 145 frames) — nothing to do
=== exit 0 ===
=== 2026-08-02T23:00:01+05:30 refresh ===
target network: 118768 nodes / 139798 links, grid 768² over [76.92743352153221, 28.323950850966828, 77.18375956125723, 28.547085653307686]
run newmodel_partner_daily_20260801_233000_d67abb06: 145 frames @ 10.0 min
already up to date (newmodel_partner_daily_20260801_233000_d67abb06, 145 frames) — nothing to do
=== exit 0 ===
=== 2026-08-02T23:20:01+05:30 refresh ===
target network: 118768 nodes / 139798 links, grid 768² over [76.92743352153221, 28.323950850966828, 77.18375956125723, 28.547085653307686]
run newmodel_partner_daily_20260801_233000_d67abb06: 145 frames @ 10.0 min
already up to date (newmodel_partner_daily_20260801_233000_d67abb06, 145 frames) — nothing to do
=== exit 0 ===
=== 2026-08-02T23:40:01+05:30 refresh ===
target network: 118768 nodes / 139798 links, grid 768² over [76.92743352153221, 28.323950850966828, 77.18375956125723, 28.547085653307686]
run newmodel_partner_daily_20260801_233000_d67abb06: 145 frames @ 10.0 min
already up to date (newmodel_partner_daily_20260801_233000_d67abb06, 145 frames) — nothing to do
=== exit 0 ===
=== 2026-08-03T00:00:01+05:30 refresh ===
target network: 118768 nodes / 139798 links, grid 768² over [76.92743352153221, 28.323950850966828, 77.18375956125723, 28.547085653307686]
run newmodel_partner_daily_20260801_233000_d67abb06: 145 frames @ 10.0 min
already up to date (newmodel_partner_daily_20260801_233000_d67abb06, 145 frames) — nothing to do
=== exit 0 ===
=== 2026-08-03T00:20:02+05:30 refresh ===
target network: 118768 nodes / 139798 links, grid 768² over [76.92743352153221, 28.323950850966828, 77.18375956125723, 28.547085653307686]
run newmodel_partner_daily_20260801_233000_d67abb06: 145 frames @ 10.0 min
already up to date (newmodel_partner_daily_20260801_233000_d67abb06, 145 frames) — nothing to do
=== exit 0 ===
=== 2026-08-03T00:40:01+05:30 refresh ===
target network: 118768 nodes / 139798 links, grid 768² over [76.92743352153221, 28.323950850966828, 77.18375956125723, 28.547085653307686]
run newmodel_partner_daily_20260801_233000_d67abb06: 145 frames @ 10.0 min
already up to date (newmodel_partner_daily_20260801_233000_d67abb06, 145 frames) — nothing to do
=== exit 0 ===
=== 2026-08-03T01:00:01+05:30 refresh ===
target network: 118768 nodes / 139798 links, grid 768² over [76.92743352153221, 28.323950850966828, 77.18375956125723, 28.547085653307686]
run newmodel_partner_daily_20260801_233000_d67abb06: 145 frames @ 10.0 min
already up to date (newmodel_partner_daily_20260801_233000_d67abb06, 145 frames) — nothing to do
=== exit 0 ===
=== 2026-08-03T01:20:01+05:30 refresh ===
target network: 118768 nodes / 139798 links, grid 768² over [76.92743352153221, 28.323950850966828, 77.18375956125723, 28.547085653307686]
run newmodel_partner_daily_20260801_233000_d67abb06: 145 frames @ 10.0 min
already up to date (newmodel_partner_daily_20260801_233000_d67abb06, 145 frames) — nothing to do
=== exit 0 ===
=== 2026-08-03T01:40:01+05:30 refresh ===
target network: 118768 nodes / 139798 links, grid 768² over [76.92743352153221, 28.323950850966828, 77.18375956125723, 28.547085653307686]
run newmodel_partner_daily_20260801_233000_d67abb06: 145 frames @ 10.0 min
already up to date (newmodel_partner_daily_20260801_233000_d67abb06, 145 frames) — nothing to do
=== exit 0 ===
=== 2026-08-03T02:00:01+05:30 refresh ===
target network: 118768 nodes / 139798 links, grid 768² over [76.92743352153221, 28.323950850966828, 77.18375956125723, 28.547085653307686]
run newmodel_partner_daily_20260801_233000_d67abb06: 145 frames @ 10.0 min
already up to date (newmodel_partner_daily_20260801_233000_d67abb06, 145 frames) — nothing to do
=== exit 0 ===
=== 2026-08-03T02:20:01+05:30 refresh ===
target network: 118768 nodes / 139798 links, grid 768² over [76.92743352153221, 28.323950850966828, 77.18375956125723, 28.547085653307686]
run newmodel_partner_daily_20260801_233000_d67abb06: 145 frames @ 10.0 min
already up to date (newmodel_partner_daily_20260801_233000_d67abb06, 145 frames) — nothing to do
=== exit 0 ===
=== 2026-08-03T02:40:01+05:30 refresh ===
target network: 118768 nodes / 139798 links, grid 768² over [76.92743352153221, 28.323950850966828, 77.18375956125723, 28.547085653307686]
run newmodel_partner_daily_20260801_233000_d67abb06: 145 frames @ 10.0 min
already up to date (newmodel_partner_daily_20260801_233000_d67abb06, 145 frames) — nothing to do
=== exit 0 ===
=== 2026-08-03T03:00:01+05:30 refresh ===
target network: 118768 nodes / 139798 links, grid 768² over [76.92743352153221, 28.323950850966828, 77.18375956125723, 28.547085653307686]
run newmodel_partner_daily_20260801_233000_d67abb06: 145 frames @ 10.0 min
already up to date (newmodel_partner_daily_20260801_233000_d67abb06, 145 frames) — nothing to do
=== exit 0 ===
=== 2026-08-03T03:20:01+05:30 refresh ===
target network: 118768 nodes / 139798 links, grid 768² over [76.92743352153221, 28.323950850966828, 77.18375956125723, 28.547085653307686]
run newmodel_partner_daily_20260801_233000_d67abb06: 145 frames @ 10.0 min
already up to date (newmodel_partner_daily_20260801_233000_d67abb06, 145 frames) — nothing to do
=== exit 0 ===
=== 2026-08-03T03:40:01+05:30 refresh ===
target network: 118768 nodes / 139798 links, grid 768² over [76.92743352153221, 28.323950850966828, 77.18375956125723, 28.547085653307686]
run newmodel_partner_daily_20260801_233000_d67abb06: 145 frames @ 10.0 min
already up to date (newmodel_partner_daily_20260801_233000_d67abb06, 145 frames) — nothing to do
=== exit 0 ===
=== 2026-08-03T04:00:01+05:30 refresh ===
target network: 118768 nodes / 139798 links, grid 768² over [76.92743352153221, 28.323950850966828, 77.18375956125723, 28.547085653307686]
run newmodel_partner_daily_20260801_233000_d67abb06: 145 frames @ 10.0 min
already up to date (newmodel_partner_daily_20260801_233000_d67abb06, 145 frames) — nothing to do
=== exit 0 ===
=== 2026-08-03T04:20:01+05:30 refresh ===
target network: 118768 nodes / 139798 links, grid 768² over [76.92743352153221, 28.323950850966828, 77.18375956125723, 28.547085653307686]
run newmodel_partner_daily_20260801_233000_d67abb06: 145 frames @ 10.0 min
already up to date (newmodel_partner_daily_20260801_233000_d67abb06, 145 frames) — nothing to do
=== exit 0 ===
=== 2026-08-03T04:40:01+05:30 refresh ===
target network: 118768 nodes / 139798 links, grid 768² over [76.92743352153221, 28.323950850966828, 77.18375956125723, 28.547085653307686]
run newmodel_partner_daily_20260801_233000_d67abb06: 145 frames @ 10.0 min
already up to date (newmodel_partner_daily_20260801_233000_d67abb06, 145 frames) — nothing to do
=== exit 0 ===
=== 2026-08-03T05:00:01+05:30 refresh ===
target network: 118768 nodes / 139798 links, grid 768² over [76.92743352153221, 28.323950850966828, 77.18375956125723, 28.547085653307686]
run newmodel_partner_daily_20260801_233000_d67abb06: 145 frames @ 10.0 min
already up to date (newmodel_partner_daily_20260801_233000_d67abb06, 145 frames) — nothing to do
=== exit 0 ===
=== 2026-08-03T05:20:01+05:30 refresh ===
target network: 118768 nodes / 139798 links, grid 768² over [76.92743352153221, 28.323950850966828, 77.18375956125723, 28.547085653307686]
run newmodel_partner_daily_20260802_233000_d41a6bfd: 145 frames @ 10.0 min
  [  0/145] D202608030500 nodes=118733 links=102559 surch=  418 wet=   150 max=1.02m  eta 16.9m
  [  1/145] D202608030510 nodes= 88258 links= 77448 surch=  705 wet= 12386 max=1.92m  eta 15.1m
  [  2/145] D202608030520 nodes= 83878 links= 63476 surch=  629 wet= 14800 max=1.86m  eta 14.1m
  [  3/145] D202608030530 nodes= 81455 links= 56497 surch=  556 wet= 15688 max=2.00m  eta 13.5m
  [  4/145] D202608030540 nodes= 79309 links= 50165 surch=  501 wet= 16302 max=2.11m  eta 13.0m
  [  5/145] D202608030550 nodes= 77870 links= 46781 surch=  475 wet= 16691 max=2.17m  eta 12.5m
  [  6/145] D202608030600 nodes= 76622 links= 43686 surch=  463 wet= 17025 max=2.21m  eta 12.1m
  [  7/145] D202608030610 nodes= 75723 links= 41578 surch=  461 wet= 17239 max=2.26m  eta 11.6m
  [  8/145] D202608030620 nodes= 74969 links= 39973 surch=  454 wet= 17422 max=2.29m  eta 11.2m
  [  9/145] D202608030630 nodes= 74186 links= 38063 surch=  478 wet= 17652 max=2.30m  eta 10.9m
  [ 10/145] D202608030640 nodes= 73493 links= 36717 surch=  500 wet= 17879 max=2.31m  eta 10.7m
  [ 11/145] D202608030650 nodes= 72794 links= 35565 surch=  505 wet= 18074 max=2.33m  eta 10.5m
  [ 12/145] D202608030700 nodes= 72266 links= 34382 surch=  486 wet= 18256 max=2.34m  eta 10.2m
  [ 13/145] D202608030710 nodes= 71737 links= 33413 surch=  480 wet= 18382 max=2.35m  eta 10.0m
  [ 14/145] D202608030720 nodes= 71292 links= 32486 surch=  483 wet= 18497 max=2.37m  eta 9.8m
  [ 15/145] D202608030730 nodes= 70871 links= 31648 surch=  439 wet= 18578 max=2.38m  eta 9.7m
  [ 16/145] D202608030740 nodes= 70439 links= 30771 surch=  416 wet= 18695 max=2.39m  eta 9.5m
  [ 17/145] D202608030750 nodes= 70015 links= 30330 surch=  402 wet= 18812 max=2.34m  eta 9.3m
  [ 18/145] D202608030800 nodes= 69628 links= 29608 surch=  388 wet= 18820 max=2.34m  eta 9.2m
  [ 19/145] D202608030810 nodes= 69269 links= 28804 surch=  371 wet= 18864 max=2.35m  eta 9.0m
  [ 20/145] D202608030820 nodes= 68924 links= 28222 surch=  360 wet= 18963 max=2.34m  eta 8.9m
  [ 21/145] D202608030830 nodes= 68652 links= 27599 surch=  350 wet= 18967 max=2.35m  eta 8.8m
  [ 22/145] D202608030840 nodes= 68396 links= 27130 surch=  343 wet= 18995 max=2.35m  eta 8.6m
  [ 23/145] D202608030850 nodes= 68162 links= 26470 surch=  335 wet= 19032 max=2.35m  eta 8.5m
  [ 24/145] D202608030900 nodes= 67934 links= 26043 surch=  331 wet= 19074 max=2.35m  eta 8.4m
  [ 25/145] D202608030910 nodes= 67729 links= 25488 surch=  340 wet= 19110 max=2.35m  eta 8.3m
  [ 26/145] D202608030920 nodes= 67645 links= 25184 surch=  339 wet= 19141 max=2.35m  eta 8.2m
  [ 27/145] D202608030930 nodes= 67702 links= 24940 surch=  345 wet= 19141 max=2.35m  eta 8.1m
  [ 28/145] D202608030940 nodes= 67888 links= 24726 surch=  341 wet= 19125 max=2.35m  eta 8.0m
  [ 29/145] D202608030950 nodes= 68127 links= 24580 surch=  340 wet= 19136 max=2.35m  eta 7.9m
  [ 30/145] D202608031000 nodes= 68352 links= 24931 surch=  337 wet= 19144 max=2.35m  eta 7.8m
  [ 31/145] D202608031010 nodes= 68665 links= 25403 surch=  333 wet= 19128 max=2.34m  eta 7.7m
  [ 32/145] D202608031020 nodes= 68923 links= 26356 surch=  336 wet= 19171 max=2.34m  eta 7.6m
  [ 33/145] D202608031030 nodes= 69150 links= 26794 surch=  338 wet= 19164 max=2.34m  eta 7.5m
  [ 34/145] D202608031040 nodes= 69320 links= 26922 surch=  327 wet= 19221 max=2.34m  eta 7.4m
  [ 35/145] D202608031050 nodes= 69463 links= 27404 surch=  321 wet= 19246 max=2.34m  eta 7.3m
  [ 36/145] D202608031100 nodes= 69551 links= 27658 surch=  322 wet= 19281 max=2.34m  eta 7.2m
  [ 37/145] D202608031110 nodes= 69811 links= 28095 surch=  326 wet= 19263 max=2.34m  eta 7.1m
  [ 38/145] D202608031120 nodes= 70025 links= 28625 surch=  322 wet= 19256 max=2.34m  eta 7.0m
  [ 39/145] D202608031130 nodes= 70225 links= 28859 surch=  329 wet= 19262 max=2.34m  eta 7.0m
  [ 40/145] D202608031140 nodes= 70380 links= 29309 surch=  329 wet= 19347 max=2.34m  eta 6.9m
  [ 41/145] D202608031150 nodes= 70516 links= 29454 surch=  329 wet= 19358 max=2.34m  eta 6.8m
  [ 42/145] D202608031200 nodes= 70633 links= 29686 surch=  324 wet= 19397 max=2.34m  eta 6.8m
  [ 43/145] D202608031210 nodes= 71962 links= 33087 surch=  332 wet= 19427 max=2.34m  eta 6.7m
  [ 44/145] D202608031220 nodes= 72884 links= 35497 surch=  345 wet= 19476 max=2.34m  eta 6.6m
  [ 45/145] D202608031230 nodes= 73743 links= 37693 surch=  369 wet= 19520 max=2.34m  eta 6.5m
  [ 46/145] D202608031240 nodes= 74420 links= 39455 surch=  379 wet= 19606 max=2.34m  eta 6.5m
  [ 47/145] D202608031250 nodes= 75030 links= 40870 surch=  398 wet= 19695 max=2.34m  eta 6.4m
  [ 48/145] D202608031300 nodes= 75519 links= 42016 surch=  414 wet= 19836 max=2.34m  eta 6.4m
  [ 49/145] D202608031310 nodes= 76636 links= 44704 surch=  444 wet= 20065 max=2.34m  eta 6.3m
  [ 50/145] D202608031320 nodes= 77451 links= 45993 surch=  462 wet= 20318 max=2.34m  eta 6.3m
  [ 51/145] D202608031330 nodes= 78222 links= 48095 surch=  479 wet= 20561 max=2.34m  eta 6.2m
  [ 52/145] D202608031340 nodes= 78857 links= 49154 surch=  518 wet= 20918 max=2.34m  eta 6.2m
  [ 53/145] D202608031350 nodes= 79494 links= 50233 surch=  529 wet= 21390 max=2.34m  eta 6.1m
  [ 54/145] D202608031400 nodes= 79952 links= 50855 surch=  547 wet= 21883 max=2.34m  eta 6.1m
  [ 55/145] D202608031410 nodes= 80333 links= 51537 surch=  582 wet= 22519 max=2.34m  eta 6.0m
  [ 56/145] D202608031420 nodes= 80725 links= 52107 surch=  606 wet= 23127 max=2.34m  eta 6.0m
  [ 57/145] D202608031430 nodes= 80916 links= 52529 surch=  630 wet= 23725 max=2.34m  eta 5.9m
  [ 58/145] D202608031440 nodes= 81176 links= 52905 surch=  649 wet= 24354 max=2.34m  eta 5.9m
  [ 59/145] D202608031450 nodes= 81358 links= 52547 surch=  664 wet= 24938 max=2.34m  eta 5.8m
  [ 60/145] D202608031500 nodes= 81577 links= 53738 surch=  684 wet= 25568 max=2.34m  eta 5.8m
  [ 61/145] D202608031510 nodes= 88078 links= 73722 surch=  953 wet= 26951 max=2.34m  eta 5.8m
  [ 62/145] D202608031520 nodes= 92164 links= 80627 surch= 1324 wet= 29632 max=2.34m  eta 5.7m
  [ 63/145] D202608031530 nodes= 94918 links= 84654 surch= 1678 wet= 33319 max=2.34m  eta 5.7m
  [ 64/145] D202608031540 nodes= 96661 links= 86832 surch= 2020 wet= 37627 max=2.34m  eta 5.7m
  [ 65/145] D202608031550 nodes= 97859 links= 88961 surch= 2271 wet= 42533 max=2.34m  eta 5.7m
  [ 66/145] D202608031600 nodes= 98649 links= 89928 surch= 2446 wet= 47016 max=2.35m  eta 5.7m
  [ 67/145] D202608031610 nodes= 97698 links= 85054 surch= 2199 wet= 50117 max=2.35m  eta 5.6m
  [ 68/145] D202608031620 nodes= 96876 links= 83042 surch= 2048 wet= 52077 max=2.35m  eta 5.6m
  [ 69/145] D202608031630 nodes= 96252 links= 81449 surch= 1903 wet= 53728 max=2.34m  eta 5.6m
  [ 70/145] D202608031640 nodes= 95649 links= 79752 surch= 1820 wet= 55213 max=2.35m  eta 5.5m
  [ 71/145] D202608031650 nodes= 95255 links= 79205 surch= 1766 wet= 56484 max=2.35m  eta 5.5m
  [ 72/145] D202608031700 nodes= 94959 links= 78763 surch= 1724 wet= 57787 max=2.35m  eta 5.5m
  [ 73/145] D202608031710 nodes= 93805 links= 75203 surch= 1615 wet= 58521 max=2.35m  eta 5.4m
  [ 74/145] D202608031720 nodes= 92926 links= 72976 surch= 1531 wet= 59127 max=2.35m  eta 5.4m
  [ 75/145] D202608031730 nodes= 92107 links= 71203 surch= 1447 wet= 59635 max=2.35m  eta 5.3m
  [ 76/145] D202608031740 nodes= 91379 links= 69723 surch= 1389 wet= 59929 max=2.35m  eta 5.3m
  [ 77/145] D202608031750 nodes= 90850 links= 68693 surch= 1344 wet= 60226 max=2.35m  eta 5.2m
  [ 78/145] D202608031800 nodes= 90406 links= 67674 surch= 1304 wet= 60539 max=2.34m  eta 5.2m
  [ 79/145] D202608031810 nodes= 89416 links= 64863 surch= 1234 wet= 60682 max=2.35m  eta 5.1m
  [ 80/145] D202608031820 nodes= 88541 links= 63040 surch= 1202 wet= 60899 max=2.34m  eta 5.1m
  [ 81/145] D202608031830 nodes= 87757 links= 61141 surch= 1155 wet= 60969 max=2.34m  eta 5.0m
  [ 82/145] D202608031840 nodes= 87036 links= 59487 surch= 1119 wet= 61122 max=2.34m  eta 4.9m
  [ 83/145] D202608031850 nodes= 86398 links= 58359 surch= 1096 wet= 61175 max=2.34m  eta 4.9m
  [ 84/145] D202608031900 nodes= 85821 links= 57198 surch= 1058 wet= 61264 max=2.34m  eta 4.8m
  [ 85/145] D202608031910 nodes= 84817 links= 54576 surch= 1013 wet= 61234 max=2.34m  eta 4.7m
  [ 86/145] D202608031920 nodes= 83906 links= 52341 surch=  981 wet= 61209 max=2.34m  eta 4.7m
  [ 87/145] D202608031930 nodes= 82990 links= 50684 surch=  951 wet= 61184 max=2.34m  eta 4.6m
  [ 88/145] D202608031940 nodes= 82148 links= 49173 surch=  908 wet= 61122 max=2.34m  eta 4.5m
  [ 89/145] D202608031950 nodes= 81415 links= 47609 surch=  888 wet= 61115 max=2.34m  eta 4.4m
  [ 90/145] D202608032000 nodes= 80737 links= 46165 surch=  862 wet= 61090 max=2.34m  eta 4.4m
  [ 91/145] D202608032010 nodes= 80021 links= 44170 surch=  837 wet= 61029 max=2.34m  eta 4.3m
  [ 92/145] D202608032020 nodes= 79258 links= 42876 surch=  790 wet= 60955 max=2.34m  eta 4.2m
  [ 93/145] D202608032030 nodes= 78590 links= 41637 surch=  756 wet= 60866 max=2.34m  eta 4.1m
  [ 94/145] D202608032040 nodes= 77942 links= 40413 surch=  747 wet= 60782 max=2.34m  eta 4.0m
  [ 95/145] D202608032050 nodes= 77227 links= 39160 surch=  722 wet= 60704 max=2.34m  eta 4.0m
  [ 96/145] D202608032100 nodes= 76678 links= 38352 surch=  701 wet= 60658 max=2.34m  eta 3.9m
  [ 97/145] D202608032110 nodes= 76153 links= 37393 surch=  689 wet= 60559 max=2.34m  eta 3.8m
  [ 98/145] D202608032120 nodes= 75653 links= 36245 surch=  659 wet= 60448 max=2.34m  eta 3.7m
  [ 99/145] D202608032130 nodes= 75116 links= 35145 surch=  633 wet= 60391 max=2.34m  eta 3.6m
  [100/145] D202608032140 nodes= 74618 links= 34114 surch=  619 wet= 60310 max=2.34m  eta 3.6m
  [101/145] D202608032150 nodes= 74245 links= 33373 surch=  604 wet= 60230 max=2.34m  eta 3.5m
  [102/145] D202608032200 nodes= 73845 links= 32932 surch=  591 wet= 60187 max=2.34m  eta 3.4m
  [103/145] D202608032210 nodes= 74363 links= 33638 surch=  610 wet= 60180 max=2.34m  eta 3.3m
  [104/145] D202608032220 nodes= 74818 links= 34384 surch=  612 wet= 60192 max=2.34m  eta 3.2m
  [105/145] D202608032230 nodes= 75339 links= 36165 surch=  612 wet= 60163 max=2.34m  eta 3.1m
  [106/145] D202608032240 nodes= 75796 links= 37650 surch=  610 wet= 60173 max=2.34m  eta 3.1m
  [107/145] D202608032250 nodes= 76217 links= 39222 surch=  614 wet= 60241 max=2.34m  eta 3.0m
  [108/145] D202608032300 nodes= 76570 links= 40335 surch=  618 wet= 60297 max=2.34m  eta 2.9m
  [109/145] D202608032310 nodes= 75995 links= 38641 surch=  609 wet= 60254 max=2.34m  eta 2.8m
  [110/145] D202608032320 nodes= 75623 links= 37643 surch=  602 wet= 60212 max=2.34m  eta 2.7m
  [111/145] D202608032330 nodes= 75215 links= 36664 surch=  591 wet= 60159 max=2.34m  eta 2.7m
  [112/145] D202608032340 nodes= 74827 links= 35577 surch=  584 wet= 60116 max=2.34m  eta 2.6m
  [113/145] D202608032350 nodes= 74502 links= 34738 surch=  581 wet= 60098 max=2.34m  eta 2.5m
  [114/145] D202608040000 nodes= 74214 links= 33901 surch=  573 wet= 60080 max=2.34m  eta 2.4m
  [115/145] D202608040010 nodes= 73814 links= 32898 surch=  574 wet= 60021 max=2.34m  eta 2.3m
  [116/145] D202608040020 nodes= 73469 links= 32164 surch=  563 wet= 59955 max=2.34m  eta 2.2m
  [117/145] D202608040030 nodes= 73102 links= 31314 surch=  550 wet= 59885 max=2.33m  eta 2.2m
  [118/145] D202608040040 nodes= 72851 links= 30733 surch=  539 wet= 59842 max=2.33m  eta 2.1m
  [119/145] D202608040050 nodes= 72567 links= 30218 surch=  537 wet= 59789 max=2.33m  eta 2.0m
  [120/145] D202608040100 nodes= 72313 links= 29787 surch=  526 wet= 59717 max=2.33m  eta 1.9m
  [121/145] D202608040110 nodes= 71995 links= 29231 surch=  516 wet= 59652 max=2.33m  eta 1.8m
  [122/145] D202608040120 nodes= 71677 links= 28659 surch=  496 wet= 59626 max=2.33m  eta 1.8m
  [123/145] D202608040130 nodes= 71341 links= 27942 surch=  482 wet= 59494 max=2.33m  eta 1.7m
  [124/145] D202608040140 nodes= 71058 links= 27262 surch=  480 wet= 59450 max=2.33m  eta 1.6m
  [125/145] D202608040150 nodes= 70776 links= 26695 surch=  475 wet= 59412 max=2.33m  eta 1.5m
  [126/145] D202608040200 nodes= 70501 links= 26382 surch=  466 wet= 59367 max=2.33m  eta 1.4m
  [127/145] D202608040210 nodes= 72714 links= 31180 surch=  506 wet= 59447 max=2.33m  eta 1.4m
  [128/145] D202608040220 nodes= 74306 links= 36397 surch=  512 wet= 59545 max=2.33m  eta 1.3m
  [129/145] D202608040230 nodes= 75736 links= 41535 surch=  534 wet= 59708 max=2.33m  eta 1.2m
  [130/145] D202608040240 nodes= 76977 links= 45358 surch=  553 wet= 59939 max=2.33m  eta 1.1m
  [131/145] D202608040250 nodes= 78013 links= 48196 surch=  572 wet= 60209 max=2.33m  eta 1.0m
  [132/145] D202608040300 nodes= 78930 links= 50156 surch=  588 wet= 60409 max=2.33m  eta 1.0m
  [133/145] D202608040310 nodes= 78239 links= 46550 surch=  585 wet= 60523 max=2.33m  eta 0.9m
  [134/145] D202608040320 nodes= 77788 links= 43966 surch=  566 wet= 60554 max=2.33m  eta 0.8m
  [135/145] D202608040330 nodes= 77302 links= 42620 surch=  575 wet= 60596 max=2.33m  eta 0.7m
  [136/145] D202608040340 nodes= 76776 links= 40906 surch=  573 wet= 60657 max=2.33m  eta 0.6m
  [137/145] D202608040350 nodes= 76360 links= 39708 surch=  563 wet= 60664 max=2.33m  eta 0.6m
  [138/145] D202608040400 nodes= 76003 links= 38499 surch=  564 wet= 60664 max=2.33m  eta 0.5m
  [139/145] D202608040410 nodes= 75490 links= 37184 surch=  552 wet= 60645 max=2.33m  eta 0.4m
  [140/145] D202608040420 nodes= 75007 links= 35879 surch=  540 wet= 60594 max=2.33m  eta 0.3m
  [141/145] D202608040430 nodes= 74618 links= 34876 surch=  533 wet= 60562 max=2.33m  eta 0.2m
  [142/145] D202608040440 nodes= 74157 links= 33773 surch=  522 wet= 60457 max=2.33m  eta 0.2m
  [143/145] D202608040450 nodes= 73803 links= 33024 surch=  517 wet= 60451 max=2.33m  eta 0.1m
  [144/145] D202608040500 nodes= 73433 links= 32466 surch=  510 wet= 60409 max=2.33m  eta 0.0m

wrote 145 frames, 248.2 MB → /home/meet/Meet/floodtwin3/drainage/live
window starts 2026-08-03T05:00:00+05:30 (run newmodel_partner_daily_20260802_233000_d41a6bfd)
=== exit 0 ===
=== 2026-08-03T05:40:01+05:30 refresh ===
target network: 118768 nodes / 139798 links, grid 768² over [76.92743352153221, 28.323950850966828, 77.18375956125723, 28.547085653307686]
run newmodel_partner_daily_20260802_233000_d41a6bfd: 145 frames @ 10.0 min
already up to date (newmodel_partner_daily_20260802_233000_d41a6bfd, 145 frames) — nothing to do
=== exit 0 ===
=== 2026-08-03T06:00:01+05:30 refresh ===
target network: 118768 nodes / 139798 links, grid 768² over [76.92743352153221, 28.323950850966828, 77.18375956125723, 28.547085653307686]
run newmodel_partner_daily_20260802_233000_d41a6bfd: 145 frames @ 10.0 min
already up to date (newmodel_partner_daily_20260802_233000_d41a6bfd, 145 frames) — nothing to do
=== exit 0 ===
=== 2026-08-03T06:20:01+05:30 refresh ===
target network: 118768 nodes / 139798 links, grid 768² over [76.92743352153221, 28.323950850966828, 77.18375956125723, 28.547085653307686]
run newmodel_partner_daily_20260802_233000_d41a6bfd: 145 frames @ 10.0 min
already up to date (newmodel_partner_daily_20260802_233000_d41a6bfd, 145 frames) — nothing to do
=== exit 0 ===
=== 2026-08-03T06:40:02+05:30 refresh ===
target network: 118768 nodes / 139798 links, grid 768² over [76.92743352153221, 28.323950850966828, 77.18375956125723, 28.547085653307686]
run newmodel_partner_daily_20260802_233000_d41a6bfd: 145 frames @ 10.0 min
already up to date (newmodel_partner_daily_20260802_233000_d41a6bfd, 145 frames) — nothing to do
=== exit 0 ===
=== 2026-08-03T07:00:01+05:30 refresh ===
target network: 118768 nodes / 139798 links, grid 768² over [76.92743352153221, 28.323950850966828, 77.18375956125723, 28.547085653307686]
run newmodel_partner_daily_20260802_233000_d41a6bfd: 145 frames @ 10.0 min
already up to date (newmodel_partner_daily_20260802_233000_d41a6bfd, 145 frames) — nothing to do
=== exit 0 ===
=== 2026-08-03T07:20:01+05:30 refresh ===
target network: 118768 nodes / 139798 links, grid 768² over [76.92743352153221, 28.323950850966828, 77.18375956125723, 28.547085653307686]
run newmodel_partner_daily_20260802_233000_d41a6bfd: 145 frames @ 10.0 min
already up to date (newmodel_partner_daily_20260802_233000_d41a6bfd, 145 frames) — nothing to do
=== exit 0 ===
=== 2026-08-03T07:40:01+05:30 refresh ===
target network: 118768 nodes / 139798 links, grid 768² over [76.92743352153221, 28.323950850966828, 77.18375956125723, 28.547085653307686]
run newmodel_partner_daily_20260802_233000_d41a6bfd: 145 frames @ 10.0 min
already up to date (newmodel_partner_daily_20260802_233000_d41a6bfd, 145 frames) — nothing to do
=== exit 0 ===
=== 2026-08-03T08:00:01+05:30 refresh ===
target network: 118768 nodes / 139798 links, grid 768² over [76.92743352153221, 28.323950850966828, 77.18375956125723, 28.547085653307686]
run newmodel_partner_daily_20260802_233000_d41a6bfd: 145 frames @ 10.0 min
already up to date (newmodel_partner_daily_20260802_233000_d41a6bfd, 145 frames) — nothing to do
=== exit 0 ===
=== 2026-08-03T08:20:01+05:30 refresh ===
target network: 118768 nodes / 139798 links, grid 768² over [76.92743352153221, 28.323950850966828, 77.18375956125723, 28.547085653307686]
run newmodel_partner_daily_20260802_233000_d41a6bfd: 145 frames @ 10.0 min
already up to date (newmodel_partner_daily_20260802_233000_d41a6bfd, 145 frames) — nothing to do
=== exit 0 ===
=== 2026-08-03T08:40:01+05:30 refresh ===
target network: 118768 nodes / 139798 links, grid 768² over [76.92743352153221, 28.323950850966828, 77.18375956125723, 28.547085653307686]
run newmodel_partner_daily_20260802_233000_d41a6bfd: 145 frames @ 10.0 min
already up to date (newmodel_partner_daily_20260802_233000_d41a6bfd, 145 frames) — nothing to do
=== exit 0 ===
=== 2026-08-03T09:00:01+05:30 refresh ===
target network: 118768 nodes / 139798 links, grid 768² over [76.92743352153221, 28.323950850966828, 77.18375956125723, 28.547085653307686]
run newmodel_partner_daily_20260802_233000_d41a6bfd: 145 frames @ 10.0 min
already up to date (newmodel_partner_daily_20260802_233000_d41a6bfd, 145 frames) — nothing to do
=== exit 0 ===
=== 2026-08-03T09:20:01+05:30 refresh ===
target network: 118768 nodes / 139798 links, grid 768² over [76.92743352153221, 28.323950850966828, 77.18375956125723, 28.547085653307686]
run newmodel_partner_daily_20260802_233000_d41a6bfd: 145 frames @ 10.0 min
already up to date (newmodel_partner_daily_20260802_233000_d41a6bfd, 145 frames) — nothing to do
=== exit 0 ===
=== 2026-08-03T09:40:01+05:30 refresh ===
target network: 118768 nodes / 139798 links, grid 768² over [76.92743352153221, 28.323950850966828, 77.18375956125723, 28.547085653307686]
run newmodel_partner_daily_20260802_233000_d41a6bfd: 145 frames @ 10.0 min
already up to date (newmodel_partner_daily_20260802_233000_d41a6bfd, 145 frames) — nothing to do
=== exit 0 ===
=== 2026-08-03T10:00:01+05:30 refresh ===
target network: 118768 nodes / 139798 links, grid 768² over [76.92743352153221, 28.323950850966828, 77.18375956125723, 28.547085653307686]
run newmodel_partner_daily_20260802_233000_d41a6bfd: 145 frames @ 10.0 min
already up to date (newmodel_partner_daily_20260802_233000_d41a6bfd, 145 frames) — nothing to do
=== exit 0 ===
=== 2026-08-03T10:20:01+05:30 refresh ===
target network: 118768 nodes / 139798 links, grid 768² over [76.92743352153221, 28.323950850966828, 77.18375956125723, 28.547085653307686]
run newmodel_partner_daily_20260802_233000_d41a6bfd: 145 frames @ 10.0 min
already up to date (newmodel_partner_daily_20260802_233000_d41a6bfd, 145 frames) — nothing to do
=== exit 0 ===
=== 2026-08-03T10:40:01+05:30 refresh ===
target network: 118768 nodes / 139798 links, grid 768² over [76.92743352153221, 28.323950850966828, 77.18375956125723, 28.547085653307686]
run newmodel_partner_daily_20260802_233000_d41a6bfd: 145 frames @ 10.0 min
already up to date (newmodel_partner_daily_20260802_233000_d41a6bfd, 145 frames) — nothing to do
=== exit 0 ===
=== 2026-08-03T11:00:01+05:30 refresh ===
target network: 118768 nodes / 139798 links, grid 768² over [76.92743352153221, 28.323950850966828, 77.18375956125723, 28.547085653307686]
run newmodel_partner_daily_20260802_233000_d41a6bfd: 145 frames @ 10.0 min
already up to date (newmodel_partner_daily_20260802_233000_d41a6bfd, 145 frames) — nothing to do
=== exit 0 ===
=== 2026-08-03T11:20:01+05:30 refresh ===
target network: 118768 nodes / 139798 links, grid 768² over [76.92743352153221, 28.323950850966828, 77.18375956125723, 28.547085653307686]
run newmodel_partner_daily_20260802_233000_d41a6bfd: 145 frames @ 10.0 min
already up to date (newmodel_partner_daily_20260802_233000_d41a6bfd, 145 frames) — nothing to do
=== exit 0 ===
=== 2026-08-03T11:40:01+05:30 refresh ===
target network: 118768 nodes / 139798 links, grid 768² over [76.92743352153221, 28.323950850966828, 77.18375956125723, 28.547085653307686]
run newmodel_partner_daily_20260802_233000_d41a6bfd: 145 frames @ 10.0 min
already up to date (newmodel_partner_daily_20260802_233000_d41a6bfd, 145 frames) — nothing to do
=== exit 0 ===
=== 2026-08-03T12:00:01+05:30 refresh ===
target network: 118768 nodes / 139798 links, grid 768² over [76.92743352153221, 28.323950850966828, 77.18375956125723, 28.547085653307686]
run newmodel_partner_daily_20260802_233000_d41a6bfd: 145 frames @ 10.0 min
already up to date (newmodel_partner_daily_20260802_233000_d41a6bfd, 145 frames) — nothing to do
=== exit 0 ===
=== 2026-08-03T12:20:01+05:30 refresh ===
target network: 118768 nodes / 139798 links, grid 768² over [76.92743352153221, 28.323950850966828, 77.18375956125723, 28.547085653307686]
run newmodel_partner_daily_20260802_233000_d41a6bfd: 145 frames @ 10.0 min
already up to date (newmodel_partner_daily_20260802_233000_d41a6bfd, 145 frames) — nothing to do
=== exit 0 ===
=== 2026-08-03T12:40:01+05:30 refresh ===
target network: 118768 nodes / 139798 links, grid 768² over [76.92743352153221, 28.323950850966828, 77.18375956125723, 28.547085653307686]
run newmodel_partner_daily_20260802_233000_d41a6bfd: 145 frames @ 10.0 min
already up to date (newmodel_partner_daily_20260802_233000_d41a6bfd, 145 frames) — nothing to do
=== exit 0 ===
=== 2026-08-03T13:00:01+05:30 refresh ===
target network: 118768 nodes / 139798 links, grid 768² over [76.92743352153221, 28.323950850966828, 77.18375956125723, 28.547085653307686]
run newmodel_partner_daily_20260802_233000_d41a6bfd: 145 frames @ 10.0 min
already up to date (newmodel_partner_daily_20260802_233000_d41a6bfd, 145 frames) — nothing to do
=== exit 0 ===
=== 2026-08-03T13:20:01+05:30 refresh ===
target network: 118768 nodes / 139798 links, grid 768² over [76.92743352153221, 28.323950850966828, 77.18375956125723, 28.547085653307686]
run newmodel_partner_daily_20260802_233000_d41a6bfd: 145 frames @ 10.0 min
already up to date (newmodel_partner_daily_20260802_233000_d41a6bfd, 145 frames) — nothing to do
=== exit 0 ===
=== 2026-08-03T13:40:01+05:30 refresh ===
target network: 118768 nodes / 139798 links, grid 768² over [76.92743352153221, 28.323950850966828, 77.18375956125723, 28.547085653307686]
run newmodel_partner_daily_20260802_233000_d41a6bfd: 145 frames @ 10.0 min
already up to date (newmodel_partner_daily_20260802_233000_d41a6bfd, 145 frames) — nothing to do
=== exit 0 ===
=== 2026-08-03T14:00:01+05:30 refresh ===
target network: 118768 nodes / 139798 links, grid 768² over [76.92743352153221, 28.323950850966828, 77.18375956125723, 28.547085653307686]
run newmodel_partner_daily_20260802_233000_d41a6bfd: 145 frames @ 10.0 min
already up to date (newmodel_partner_daily_20260802_233000_d41a6bfd, 145 frames) — nothing to do
=== exit 0 ===
=== 2026-08-03T14:20:01+05:30 refresh ===
target network: 118768 nodes / 139798 links, grid 768² over [76.92743352153221, 28.323950850966828, 77.18375956125723, 28.547085653307686]
run newmodel_partner_daily_20260802_233000_d41a6bfd: 145 frames @ 10.0 min
already up to date (newmodel_partner_daily_20260802_233000_d41a6bfd, 145 frames) — nothing to do
=== exit 0 ===
=== 2026-08-03T14:40:01+05:30 refresh ===
target network: 118768 nodes / 139798 links, grid 768² over [76.92743352153221, 28.323950850966828, 77.18375956125723, 28.547085653307686]
run newmodel_partner_daily_20260802_233000_d41a6bfd: 145 frames @ 10.0 min
already up to date (newmodel_partner_daily_20260802_233000_d41a6bfd, 145 frames) — nothing to do
=== exit 0 ===
=== 2026-08-03T15:00:01+05:30 refresh ===
target network: 118768 nodes / 139798 links, grid 768² over [76.92743352153221, 28.323950850966828, 77.18375956125723, 28.547085653307686]
run newmodel_partner_daily_20260802_233000_d41a6bfd: 145 frames @ 10.0 min
already up to date (newmodel_partner_daily_20260802_233000_d41a6bfd, 145 frames) — nothing to do
=== exit 0 ===
=== 2026-08-03T15:20:01+05:30 refresh ===
target network: 118768 nodes / 139798 links, grid 768² over [76.92743352153221, 28.323950850966828, 77.18375956125723, 28.547085653307686]
run newmodel_partner_daily_20260802_233000_d41a6bfd: 145 frames @ 10.0 min
already up to date (newmodel_partner_daily_20260802_233000_d41a6bfd, 145 frames) — nothing to do
=== exit 0 ===
=== 2026-08-03T15:40:01+05:30 refresh ===
target network: 118768 nodes / 139798 links, grid 768² over [76.92743352153221, 28.323950850966828, 77.18375956125723, 28.547085653307686]
run newmodel_partner_daily_20260802_233000_d41a6bfd: 145 frames @ 10.0 min
already up to date (newmodel_partner_daily_20260802_233000_d41a6bfd, 145 frames) — nothing to do
=== exit 0 ===
=== 2026-08-03T16:00:01+05:30 refresh ===
target network: 118768 nodes / 139798 links, grid 768² over [76.92743352153221, 28.323950850966828, 77.18375956125723, 28.547085653307686]
run newmodel_partner_daily_20260802_233000_d41a6bfd: 145 frames @ 10.0 min
already up to date (newmodel_partner_daily_20260802_233000_d41a6bfd, 145 frames) — nothing to do
=== exit 0 ===
=== 2026-08-03T16:20:01+05:30 refresh ===
target network: 118768 nodes / 139798 links, grid 768² over [76.92743352153221, 28.323950850966828, 77.18375956125723, 28.547085653307686]
run newmodel_partner_daily_20260802_233000_d41a6bfd: 145 frames @ 10.0 min
already up to date (newmodel_partner_daily_20260802_233000_d41a6bfd, 145 frames) — nothing to do
=== exit 0 ===
=== 2026-08-03T16:40:01+05:30 refresh ===
target network: 118768 nodes / 139798 links, grid 768² over [76.92743352153221, 28.323950850966828, 77.18375956125723, 28.547085653307686]
run newmodel_partner_daily_20260802_233000_d41a6bfd: 145 frames @ 10.0 min
already up to date (newmodel_partner_daily_20260802_233000_d41a6bfd, 145 frames) — nothing to do
=== exit 0 ===
=== 2026-08-03T17:00:01+05:30 refresh ===
target network: 118768 nodes / 139798 links, grid 768² over [76.92743352153221, 28.323950850966828, 77.18375956125723, 28.547085653307686]
run newmodel_partner_daily_20260802_233000_d41a6bfd: 145 frames @ 10.0 min
already up to date (newmodel_partner_daily_20260802_233000_d41a6bfd, 145 frames) — nothing to do
=== exit 0 ===
=== 2026-08-03T17:20:01+05:30 refresh ===
target network: 118768 nodes / 139798 links, grid 768² over [76.92743352153221, 28.323950850966828, 77.18375956125723, 28.547085653307686]
run newmodel_partner_daily_20260802_233000_d41a6bfd: 145 frames @ 10.0 min
already up to date (newmodel_partner_daily_20260802_233000_d41a6bfd, 145 frames) — nothing to do
=== exit 0 ===
=== 2026-08-03T17:40:01+05:30 refresh ===
target network: 118768 nodes / 139798 links, grid 768² over [76.92743352153221, 28.323950850966828, 77.18375956125723, 28.547085653307686]
run newmodel_partner_daily_20260802_233000_d41a6bfd: 145 frames @ 10.0 min
already up to date (newmodel_partner_daily_20260802_233000_d41a6bfd, 145 frames) — nothing to do
=== exit 0 ===
=== 2026-08-03T18:00:01+05:30 refresh ===
target network: 118768 nodes / 139798 links, grid 768² over [76.92743352153221, 28.323950850966828, 77.18375956125723, 28.547085653307686]
run newmodel_partner_daily_20260802_233000_d41a6bfd: 145 frames @ 10.0 min
already up to date (newmodel_partner_daily_20260802_233000_d41a6bfd, 145 frames) — nothing to do
=== exit 0 ===
=== 2026-08-03T18:20:01+05:30 refresh ===
target network: 118768 nodes / 139798 links, grid 768² over [76.92743352153221, 28.323950850966828, 77.18375956125723, 28.547085653307686]
run newmodel_partner_daily_20260802_233000_d41a6bfd: 145 frames @ 10.0 min
already up to date (newmodel_partner_daily_20260802_233000_d41a6bfd, 145 frames) — nothing to do
=== exit 0 ===
=== 2026-08-03T18:40:01+05:30 refresh ===
target network: 118768 nodes / 139798 links, grid 768² over [76.92743352153221, 28.323950850966828, 77.18375956125723, 28.547085653307686]
run newmodel_partner_daily_20260802_233000_d41a6bfd: 145 frames @ 10.0 min
already up to date (newmodel_partner_daily_20260802_233000_d41a6bfd, 145 frames) — nothing to do
=== exit 0 ===
=== 2026-08-03T19:00:01+05:30 refresh ===
target network: 118768 nodes / 139798 links, grid 768² over [76.92743352153221, 28.323950850966828, 77.18375956125723, 28.547085653307686]
run newmodel_partner_daily_20260802_233000_d41a6bfd: 145 frames @ 10.0 min
already up to date (newmodel_partner_daily_20260802_233000_d41a6bfd, 145 frames) — nothing to do
=== exit 0 ===
=== 2026-08-03T19:20:01+05:30 refresh ===
target network: 118768 nodes / 139798 links, grid 768² over [76.92743352153221, 28.323950850966828, 77.18375956125723, 28.547085653307686]
run newmodel_partner_daily_20260802_233000_d41a6bfd: 145 frames @ 10.0 min
already up to date (newmodel_partner_daily_20260802_233000_d41a6bfd, 145 frames) — nothing to do
=== exit 0 ===
=== 2026-08-03T19:40:01+05:30 refresh ===
target network: 118768 nodes / 139798 links, grid 768² over [76.92743352153221, 28.323950850966828, 77.18375956125723, 28.547085653307686]
run newmodel_partner_daily_20260802_233000_d41a6bfd: 145 frames @ 10.0 min
already up to date (newmodel_partner_daily_20260802_233000_d41a6bfd, 145 frames) — nothing to do
=== exit 0 ===
=== 2026-08-03T20:00:01+05:30 refresh ===
target network: 118768 nodes / 139798 links, grid 768² over [76.92743352153221, 28.323950850966828, 77.18375956125723, 28.547085653307686]
run newmodel_partner_daily_20260802_233000_d41a6bfd: 145 frames @ 10.0 min
already up to date (newmodel_partner_daily_20260802_233000_d41a6bfd, 145 frames) — nothing to do
=== exit 0 ===
=== 2026-08-03T20:20:01+05:30 refresh ===
target network: 118768 nodes / 139798 links, grid 768² over [76.92743352153221, 28.323950850966828, 77.18375956125723, 28.547085653307686]
run newmodel_partner_daily_20260802_233000_d41a6bfd: 145 frames @ 10.0 min
already up to date (newmodel_partner_daily_20260802_233000_d41a6bfd, 145 frames) — nothing to do
=== exit 0 ===
=== 2026-08-03T20:40:01+05:30 refresh ===
target network: 118768 nodes / 139798 links, grid 768² over [76.92743352153221, 28.323950850966828, 77.18375956125723, 28.547085653307686]
run newmodel_partner_daily_20260802_233000_d41a6bfd: 145 frames @ 10.0 min
already up to date (newmodel_partner_daily_20260802_233000_d41a6bfd, 145 frames) — nothing to do
=== exit 0 ===
=== 2026-08-03T21:00:02+05:30 refresh ===
target network: 118768 nodes / 139798 links, grid 768² over [76.92743352153221, 28.323950850966828, 77.18375956125723, 28.547085653307686]
run newmodel_partner_daily_20260802_233000_d41a6bfd: 145 frames @ 10.0 min
already up to date (newmodel_partner_daily_20260802_233000_d41a6bfd, 145 frames) — nothing to do
=== exit 0 ===
=== 2026-08-03T21:20:01+05:30 refresh ===
target network: 118768 nodes / 139798 links, grid 768² over [76.92743352153221, 28.323950850966828, 77.18375956125723, 28.547085653307686]
run newmodel_partner_daily_20260802_233000_d41a6bfd: 145 frames @ 10.0 min
already up to date (newmodel_partner_daily_20260802_233000_d41a6bfd, 145 frames) — nothing to do
=== exit 0 ===
=== 2026-08-03T21:40:01+05:30 refresh ===
target network: 118768 nodes / 139798 links, grid 768² over [76.92743352153221, 28.323950850966828, 77.18375956125723, 28.547085653307686]
run newmodel_partner_daily_20260802_233000_d41a6bfd: 145 frames @ 10.0 min
already up to date (newmodel_partner_daily_20260802_233000_d41a6bfd, 145 frames) — nothing to do
=== exit 0 ===
=== 2026-08-03T22:00:01+05:30 refresh ===
target network: 118768 nodes / 139798 links, grid 768² over [76.92743352153221, 28.323950850966828, 77.18375956125723, 28.547085653307686]
run newmodel_partner_daily_20260802_233000_d41a6bfd: 145 frames @ 10.0 min
already up to date (newmodel_partner_daily_20260802_233000_d41a6bfd, 145 frames) — nothing to do
=== exit 0 ===
=== 2026-08-03T22:20:01+05:30 refresh ===
target network: 118768 nodes / 139798 links, grid 768² over [76.92743352153221, 28.323950850966828, 77.18375956125723, 28.547085653307686]
run newmodel_partner_daily_20260802_233000_d41a6bfd: 145 frames @ 10.0 min
already up to date (newmodel_partner_daily_20260802_233000_d41a6bfd, 145 frames) — nothing to do
=== exit 0 ===
=== 2026-08-03T22:40:01+05:30 refresh ===
target network: 118768 nodes / 139798 links, grid 768² over [76.92743352153221, 28.323950850966828, 77.18375956125723, 28.547085653307686]
run newmodel_partner_daily_20260802_233000_d41a6bfd: 145 frames @ 10.0 min
already up to date (newmodel_partner_daily_20260802_233000_d41a6bfd, 145 frames) — nothing to do
=== exit 0 ===
=== 2026-08-03T23:00:01+05:30 refresh ===
target network: 118768 nodes / 139798 links, grid 768² over [76.92743352153221, 28.323950850966828, 77.18375956125723, 28.547085653307686]
run newmodel_partner_daily_20260802_233000_d41a6bfd: 145 frames @ 10.0 min
already up to date (newmodel_partner_daily_20260802_233000_d41a6bfd, 145 frames) — nothing to do
=== exit 0 ===
=== 2026-08-03T23:20:01+05:30 refresh ===
target network: 118768 nodes / 139798 links, grid 768² over [76.92743352153221, 28.323950850966828, 77.18375956125723, 28.547085653307686]
run newmodel_partner_daily_20260802_233000_d41a6bfd: 145 frames @ 10.0 min
already up to date (newmodel_partner_daily_20260802_233000_d41a6bfd, 145 frames) — nothing to do
=== exit 0 ===
=== 2026-08-03T23:40:01+05:30 refresh ===
target network: 118768 nodes / 139798 links, grid 768² over [76.92743352153221, 28.323950850966828, 77.18375956125723, 28.547085653307686]
run newmodel_partner_daily_20260802_233000_d41a6bfd: 145 frames @ 10.0 min
already up to date (newmodel_partner_daily_20260802_233000_d41a6bfd, 145 frames) — nothing to do
=== exit 0 ===
=== 2026-08-04T00:00:01+05:30 refresh ===
target network: 118768 nodes / 139798 links, grid 768² over [76.92743352153221, 28.323950850966828, 77.18375956125723, 28.547085653307686]
run newmodel_partner_daily_20260802_233000_d41a6bfd: 145 frames @ 10.0 min
already up to date (newmodel_partner_daily_20260802_233000_d41a6bfd, 145 frames) — nothing to do
=== exit 0 ===
=== 2026-08-04T00:20:01+05:30 refresh ===
target network: 118768 nodes / 139798 links, grid 768² over [76.92743352153221, 28.323950850966828, 77.18375956125723, 28.547085653307686]
run newmodel_partner_daily_20260802_233000_d41a6bfd: 145 frames @ 10.0 min
already up to date (newmodel_partner_daily_20260802_233000_d41a6bfd, 145 frames) — nothing to do
=== exit 0 ===
=== 2026-08-04T00:40:01+05:30 refresh ===
target network: 118768 nodes / 139798 links, grid 768² over [76.92743352153221, 28.323950850966828, 77.18375956125723, 28.547085653307686]
run newmodel_partner_daily_20260802_233000_d41a6bfd: 145 frames @ 10.0 min
already up to date (newmodel_partner_daily_20260802_233000_d41a6bfd, 145 frames) — nothing to do
=== exit 0 ===
=== 2026-08-04T01:00:01+05:30 refresh ===
target network: 118768 nodes / 139798 links, grid 768² over [76.92743352153221, 28.323950850966828, 77.18375956125723, 28.547085653307686]
run newmodel_partner_daily_20260802_233000_d41a6bfd: 145 frames @ 10.0 min
already up to date (newmodel_partner_daily_20260802_233000_d41a6bfd, 145 frames) — nothing to do
=== exit 0 ===
=== 2026-08-04T01:20:01+05:30 refresh ===
target network: 118768 nodes / 139798 links, grid 768² over [76.92743352153221, 28.323950850966828, 77.18375956125723, 28.547085653307686]
run newmodel_partner_daily_20260802_233000_d41a6bfd: 145 frames @ 10.0 min
already up to date (newmodel_partner_daily_20260802_233000_d41a6bfd, 145 frames) — nothing to do
=== exit 0 ===
=== 2026-08-04T01:40:01+05:30 refresh ===
target network: 118768 nodes / 139798 links, grid 768² over [76.92743352153221, 28.323950850966828, 77.18375956125723, 28.547085653307686]
run newmodel_partner_daily_20260802_233000_d41a6bfd: 145 frames @ 10.0 min
already up to date (newmodel_partner_daily_20260802_233000_d41a6bfd, 145 frames) — nothing to do
=== exit 0 ===
=== 2026-08-04T02:00:01+05:30 refresh ===
target network: 118768 nodes / 139798 links, grid 768² over [76.92743352153221, 28.323950850966828, 77.18375956125723, 28.547085653307686]
run newmodel_partner_daily_20260802_233000_d41a6bfd: 145 frames @ 10.0 min
already up to date (newmodel_partner_daily_20260802_233000_d41a6bfd, 145 frames) — nothing to do
=== exit 0 ===
=== 2026-08-04T02:20:01+05:30 refresh ===
target network: 118768 nodes / 139798 links, grid 768² over [76.92743352153221, 28.323950850966828, 77.18375956125723, 28.547085653307686]
run newmodel_partner_daily_20260802_233000_d41a6bfd: 145 frames @ 10.0 min
already up to date (newmodel_partner_daily_20260802_233000_d41a6bfd, 145 frames) — nothing to do
=== exit 0 ===
=== 2026-08-04T02:40:01+05:30 refresh ===
target network: 118768 nodes / 139798 links, grid 768² over [76.92743352153221, 28.323950850966828, 77.18375956125723, 28.547085653307686]
run newmodel_partner_daily_20260802_233000_d41a6bfd: 145 frames @ 10.0 min
already up to date (newmodel_partner_daily_20260802_233000_d41a6bfd, 145 frames) — nothing to do
=== exit 0 ===
=== 2026-08-04T03:00:01+05:30 refresh ===
target network: 118768 nodes / 139798 links, grid 768² over [76.92743352153221, 28.323950850966828, 77.18375956125723, 28.547085653307686]
run newmodel_partner_daily_20260802_233000_d41a6bfd: 145 frames @ 10.0 min
already up to date (newmodel_partner_daily_20260802_233000_d41a6bfd, 145 frames) — nothing to do
=== exit 0 ===
=== 2026-08-04T03:20:01+05:30 refresh ===
target network: 118768 nodes / 139798 links, grid 768² over [76.92743352153221, 28.323950850966828, 77.18375956125723, 28.547085653307686]
run newmodel_partner_daily_20260802_233000_d41a6bfd: 145 frames @ 10.0 min
already up to date (newmodel_partner_daily_20260802_233000_d41a6bfd, 145 frames) — nothing to do
=== exit 0 ===
=== 2026-08-04T03:40:01+05:30 refresh ===
target network: 118768 nodes / 139798 links, grid 768² over [76.92743352153221, 28.323950850966828, 77.18375956125723, 28.547085653307686]
run newmodel_partner_daily_20260802_233000_d41a6bfd: 145 frames @ 10.0 min
already up to date (newmodel_partner_daily_20260802_233000_d41a6bfd, 145 frames) — nothing to do
=== exit 0 ===
=== 2026-08-04T04:00:01+05:30 refresh ===
target network: 118768 nodes / 139798 links, grid 768² over [76.92743352153221, 28.323950850966828, 77.18375956125723, 28.547085653307686]
run newmodel_partner_daily_20260802_233000_d41a6bfd: 145 frames @ 10.0 min
already up to date (newmodel_partner_daily_20260802_233000_d41a6bfd, 145 frames) — nothing to do
=== exit 0 ===
=== 2026-08-04T04:20:01+05:30 refresh ===
target network: 118768 nodes / 139798 links, grid 768² over [76.92743352153221, 28.323950850966828, 77.18375956125723, 28.547085653307686]
run newmodel_partner_daily_20260802_233000_d41a6bfd: 145 frames @ 10.0 min
already up to date (newmodel_partner_daily_20260802_233000_d41a6bfd, 145 frames) — nothing to do
=== exit 0 ===
=== 2026-08-04T04:40:01+05:30 refresh ===
target network: 118768 nodes / 139798 links, grid 768² over [76.92743352153221, 28.323950850966828, 77.18375956125723, 28.547085653307686]
run newmodel_partner_daily_20260802_233000_d41a6bfd: 145 frames @ 10.0 min
already up to date (newmodel_partner_daily_20260802_233000_d41a6bfd, 145 frames) — nothing to do
=== exit 0 ===
=== 2026-08-04T05:00:01+05:30 refresh ===
target network: 118768 nodes / 139798 links, grid 768² over [76.92743352153221, 28.323950850966828, 77.18375956125723, 28.547085653307686]
run newmodel_partner_daily_20260802_233000_d41a6bfd: 145 frames @ 10.0 min
already up to date (newmodel_partner_daily_20260802_233000_d41a6bfd, 145 frames) — nothing to do
=== exit 0 ===
=== 2026-08-04T05:20:01+05:30 refresh ===
target network: 118768 nodes / 139798 links, grid 768² over [76.92743352153221, 28.323950850966828, 77.18375956125723, 28.547085653307686]
run newmodel_partner_daily_20260803_233000_518eac4f: 145 frames @ 10.0 min
  [  0/145] D202608040500 nodes=118733 links=102567 surch=  419 wet=   150 max=1.02m  eta 18.1m
  [  1/145] D202608040510 nodes= 92007 links= 82420 surch=  746 wet= 12511 max=1.92m  eta 17.2m
  [  2/145] D202608040520 nodes= 91141 links= 76358 surch=  749 wet= 15009 max=1.86m  eta 17.2m
  [  3/145] D202608040530 nodes= 91508 links= 76006 surch=  838 wet= 16104 max=2.00m  eta 16.9m
  [  4/145] D202608040540 nodes= 92030 links= 76383 surch=  966 wet= 17342 max=2.11m  eta 16.5m
  [  5/145] D202608040550 nodes= 92685 links= 76882 surch= 1148 wet= 19116 max=2.18m  eta 16.3m
  [  6/145] D202608040600 nodes= 92936 links= 77638 surch= 1253 wet= 21303 max=2.22m  eta 16.3m
  [  7/145] D202608040610 nodes= 95153 links= 83613 surch= 1517 wet= 24606 max=2.26m  eta 16.4m
  [  8/145] D202608040620 nodes= 96676 links= 86353 surch= 1837 wet= 28784 max=2.29m  eta 16.3m
  [  9/145] D202608040630 nodes= 97650 links= 88447 surch= 2052 wet= 33714 max=2.30m  eta 16.5m
  [ 10/145] D202608040640 nodes= 98489 links= 89534 surch= 2254 wet= 38600 max=2.32m  eta 16.6m
  [ 11/145] D202608040650 nodes= 98904 links= 89959 surch= 2414 wet= 43369 max=2.33m  eta 16.7m
  [ 12/145] D202608040700 nodes= 99340 links= 90665 surch= 2529 wet= 47818 max=2.34m  eta 16.7m
  [ 13/145] D202608040710 nodes= 99329 links= 89925 surch= 2528 wet= 50992 max=2.36m  eta 16.7m
  [ 14/145] D202608040720 nodes= 99338 links= 89791 surch= 2554 wet= 54493 max=2.37m  eta 16.7m
  [ 15/145] D202608040730 nodes= 99393 links= 89764 surch= 2539 wet= 57564 max=2.39m  eta 16.7m
  [ 16/145] D202608040740 nodes= 99424 links= 89873 surch= 2552 wet= 60484 max=2.40m  eta 16.6m
  [ 17/145] D202608040750 nodes= 99504 links= 89957 surch= 2577 wet= 63120 max=2.35m  eta 16.5m
  [ 18/145] D202608040800 nodes= 99588 links= 90180 surch= 2601 wet= 65480 max=2.36m  eta 16.6m
  [ 19/145] D202608040810 nodes= 99264 links= 88849 surch= 2509 wet= 67496 max=2.36m  eta 16.5m
  [ 20/145] D202608040820 nodes= 99000 links= 88292 surch= 2505 wet= 69207 max=2.35m  eta 16.4m
  [ 21/145] D202608040830 nodes= 98852 links= 88064 surch= 2478 wet= 70794 max=2.36m  eta 16.3m
  [ 22/145] D202608040840 nodes= 98753 links= 87690 surch= 2434 wet= 72352 max=2.36m  eta 16.2m
  [ 23/145] D202608040850 nodes= 98642 links= 87640 surch= 2428 wet= 73656 max=2.36m  eta 16.1m
  [ 24/145] D202608040900 nodes= 98580 links= 87655 surch= 2436 wet= 74973 max=2.36m  eta 16.1m
  [ 25/145] D202608040910 nodes= 96921 links= 81435 surch= 2133 wet= 75554 max=2.36m  eta 16.0m
  [ 26/145] D202608040920 nodes= 95449 links= 77178 surch= 1932 wet= 75788 max=2.36m  eta 15.9m
  [ 27/145] D202608040930 nodes= 93941 links= 72974 surch= 1778 wet= 75871 max=2.36m  eta 15.8m
  [ 28/145] D202608040940 nodes= 92537 links= 69731 surch= 1644 wet= 75835 max=2.36m  eta 15.6m
  [ 29/145] D202608040950 nodes= 91247 links= 67017 surch= 1574 wet= 75755 max=2.36m  eta 15.4m
  [ 30/145] D202608041000 nodes= 89992 links= 64202 surch= 1495 wet= 75624 max=2.36m  eta 15.2m
  [ 31/145] D202608041010 nodes= 88897 links= 61880 surch= 1422 wet= 75444 max=2.36m  eta 15.1m
  [ 32/145] D202608041020 nodes= 87982 links= 59929 surch= 1375 wet= 75290 max=2.35m  eta 14.9m
  [ 33/145] D202608041030 nodes= 87021 links= 57822 surch= 1326 wet= 75203 max=2.35m  eta 14.7m
  [ 34/145] D202608041040 nodes= 86215 links= 56565 surch= 1292 wet= 75060 max=2.35m  eta 14.5m
  [ 35/145] D202608041050 nodes= 85605 links= 55329 surch= 1232 wet= 74972 max=2.35m  eta 14.3m
  [ 36/145] D202608041100 nodes= 84907 links= 54238 surch= 1195 wet= 74861 max=2.35m  eta 14.1m
  [ 37/145] D202608041110 nodes= 84902 links= 55157 surch= 1189 wet= 74803 max=2.35m  eta 13.9m
  [ 38/145] D202608041120 nodes= 84902 links= 55604 surch= 1179 wet= 74826 max=2.35m  eta 13.8m
  [ 39/145] D202608041130 nodes= 84929 links= 56026 surch= 1173 wet= 74821 max=2.35m  eta 13.6m
  [ 40/145] D202608041140 nodes= 84859 links= 56403 surch= 1168 wet= 74820 max=2.35m  eta 13.4m
  [ 41/145] D202608041150 nodes= 84879 links= 56938 surch= 1159 wet= 74856 max=2.35m  eta 13.3m
  [ 42/145] D202608041200 nodes= 84818 links= 57257 surch= 1158 wet= 74912 max=2.35m  eta 13.1m
  [ 43/145] D202608041210 nodes= 94109 links= 85806 surch= 1757 wet= 76676 max=2.35m  eta 13.0m
  [ 44/145] D202608041220 nodes= 98688 links= 93586 surch= 2505 wet= 79458 max=2.35m  eta 13.0m
  [ 45/145] D202608041230 nodes=101453 links= 97183 surch= 3230 wet= 82763 max=2.36m  eta 12.9m
  [ 46/145] D202608041240 nodes=103014 links= 99201 surch= 3640 wet= 86834 max=2.36m  eta 12.8m
  [ 47/145] D202608041250 nodes=103858 links=100346 surch= 3947 wet= 90660 max=2.36m  eta 12.8m
  [ 48/145] D202608041300 nodes=104337 links=100931 surch= 4132 wet= 94989 max=2.37m  eta 12.7m
  [ 49/145] D202608041310 nodes=103031 links= 96372 surch= 3650 wet= 97366 max=2.37m  eta 12.6m
  [ 50/145] D202608041320 nodes=102069 links= 94033 surch= 3337 wet= 98789 max=2.37m  eta 12.6m
  [ 51/145] D202608041330 nodes=101319 links= 92560 surch= 3105 wet= 99410 max=2.37m  eta 12.5m
  [ 52/145] D202608041340 nodes=100792 links= 91514 surch= 3002 wet=100122 max=2.37m  eta 12.4m
  [ 53/145] D202608041350 nodes=100388 links= 90260 surch= 2912 wet=100792 max=2.37m  eta 12.3m
  [ 54/145] D202608041400 nodes=100034 links= 89932 surch= 2870 wet=101364 max=2.37m  eta 12.3m
  [ 55/145] D202608041410 nodes= 99309 links= 88067 surch= 2725 wet=101636 max=2.37m  eta 12.2m
  [ 56/145] D202608041420 nodes= 98727 links= 86881 surch= 2629 wet=102017 max=2.37m  eta 12.0m
  [ 57/145] D202608041430 nodes= 98208 links= 85884 surch= 2546 wet=102322 max=2.37m  eta 11.9m
  [ 58/145] D202608041440 nodes= 97820 links= 84996 surch= 2490 wet=102528 max=2.37m  eta 11.8m
  [ 59/145] D202608041450 nodes= 97569 links= 84158 surch= 2470 wet=102670 max=2.37m  eta 11.7m
  [ 60/145] D202608041500 nodes= 97277 links= 84172 surch= 2451 wet=102873 max=2.37m  eta 11.6m
  [ 61/145] D202608041510 nodes= 96829 links= 82858 surch= 2377 wet=102928 max=2.37m  eta 11.5m
  [ 62/145] D202608041520 nodes= 96438 links= 81544 surch= 2345 wet=102997 max=2.37m  eta 11.4m
  [ 63/145] D202608041530 nodes= 96113 links= 81264 surch= 2283 wet=103005 max=2.37m  eta 11.3m
  [ 64/145] D202608041540 nodes= 95845 links= 80743 surch= 2258 wet=103088 max=2.37m  eta 11.2m
  [ 65/145] D202608041550 nodes= 95644 links= 80139 surch= 2237 wet=103233 max=2.37m  eta 11.1m
  [ 66/145] D202608041600 nodes= 95431 links= 79930 surch= 2208 wet=103299 max=2.37m  eta 10.9m
  [ 67/145] D202608041610 nodes= 94557 links= 77036 surch= 2125 wet=103227 max=2.37m  eta 10.8m
  [ 68/145] D202608041620 nodes= 93815 links= 74995 surch= 2029 wet=103200 max=2.37m  eta 10.7m
  [ 69/145] D202608041630 nodes= 93136 links= 73281 surch= 1952 wet=103081 max=2.37m  eta 10.6m
  [ 70/145] D202608041640 nodes= 92563 links= 71812 surch= 1881 wet=102949 max=2.37m  eta 10.5m
  [ 71/145] D202608041650 nodes= 92085 links= 70812 surch= 1842 wet=102813 max=2.37m  eta 10.3m
  [ 72/145] D202608041700 nodes= 91631 links= 70114 surch= 1811 wet=102630 max=2.37m  eta 10.2m
  [ 73/145] D202608041710 nodes= 90744 links= 67626 surch= 1732 wet=102477 max=2.37m  eta 10.0m
  [ 74/145] D202608041720 nodes= 90005 links= 65716 surch= 1686 wet=102332 max=2.37m  eta 9.9m
  [ 75/145] D202608041730 nodes= 89351 links= 64301 surch= 1641 wet=102233 max=2.37m  eta 9.8m
  [ 76/145] D202608041740 nodes= 88704 links= 62902 surch= 1575 wet=102059 max=2.37m  eta 9.6m
  [ 77/145] D202608041750 nodes= 88113 links= 61662 surch= 1543 wet=101922 max=2.37m  eta 9.5m
  [ 78/145] D202608041800 nodes= 87559 links= 60374 surch= 1501 wet=101760 max=2.37m  eta 9.3m
  [ 79/145] D202608041810 nodes= 87156 links= 59615 surch= 1468 wet=101635 max=2.37m  eta 9.2m
  [ 80/145] D202608041820 nodes= 86712 links= 58840 surch= 1426 wet=101382 max=2.37m  eta 9.0m
  [ 81/145] D202608041830 nodes= 86218 links= 57945 surch= 1390 wet=101217 max=2.37m  eta 8.9m
  [ 82/145] D202608041840 nodes= 85918 links= 57342 surch= 1371 wet=101069 max=2.37m  eta 8.8m
  [ 83/145] D202608041850 nodes= 85616 links= 56770 surch= 1348 wet=100953 max=2.37m  eta 8.6m
  [ 84/145] D202608041900 nodes= 85323 links= 56123 surch= 1334 wet=100829 max=2.37m  eta 8.4m
  [ 85/145] D202608041910 nodes= 84551 links= 54233 surch= 1301 wet=100633 max=2.37m  eta 8.3m
  [ 86/145] D202608041920 nodes= 83973 links= 53115 surch= 1258 wet=100462 max=2.37m  eta 8.1m
  [ 87/145] D202608041930 nodes= 83280 links= 52020 surch= 1220 wet=100321 max=2.37m  eta 8.0m
  [ 88/145] D202608041940 nodes= 82676 links= 50884 surch= 1186 wet=100187 max=2.37m  eta 7.8m
  [ 89/145] D202608041950 nodes= 82014 links= 49741 surch= 1164 wet=100000 max=2.37m  eta 7.7m
  [ 90/145] D202608042000 nodes= 81476 links= 48739 surch= 1140 wet= 99875 max=2.37m  eta 7.5m
  [ 91/145] D202608042010 nodes= 80915 links= 47503 surch= 1107 wet= 99680 max=2.38m  eta 7.4m
  [ 92/145] D202608042020 nodes= 80382 links= 46318 surch= 1086 wet= 99507 max=2.37m  eta 7.2m
  [ 93/145] D202608042030 nodes= 79907 links= 45551 surch= 1059 wet= 99353 max=2.37m  eta 7.1m
  [ 94/145] D202608042040 nodes= 79451 links= 44660 surch= 1016 wet= 99057 max=2.37m  eta 7.0m
  [ 95/145] D202608042050 nodes= 79024 links= 44019 surch=  993 wet= 98903 max=2.38m  eta 6.8m
  [ 96/145] D202608042100 nodes= 78618 links= 43338 surch=  967 wet= 98751 max=2.38m  eta 6.7m
  [ 97/145] D202608042110 nodes= 78234 links= 42613 surch=  940 wet= 98599 max=2.37m  eta 6.5m
  [ 98/145] D202608042120 nodes= 77841 links= 42058 surch=  924 wet= 98504 max=2.38m  eta 6.4m
  [ 99/145] D202608042130 nodes= 77458 links= 41493 surch=  909 wet= 98369 max=2.38m  eta 6.2m
  [100/145] D202608042140 nodes= 77110 links= 40805 surch=  895 wet= 98226 max=2.38m  eta 6.1m
  [101/145] D202608042150 nodes= 76725 links= 40096 surch=  873 wet= 98123 max=2.38m  eta 5.9m
  [102/145] D202608042200 nodes= 76360 links= 39496 surch=  857 wet= 97963 max=2.38m  eta 5.8m
  [103/145] D202608042210 nodes= 76012 links= 38994 surch=  843 wet= 97845 max=2.38m  eta 5.6m
  [104/145] D202608042220 nodes= 75779 links= 38700 surch=  829 wet= 97711 max=2.38m  eta 5.5m
  [105/145] D202608042230 nodes= 75573 links= 38242 surch=  818 wet= 97611 max=2.38m  eta 5.3m
  [106/145] D202608042240 nodes= 75348 links= 37634 surch=  802 wet= 97532 max=2.38m  eta 5.2m
  [107/145] D202608042250 nodes= 75131 links= 37063 surch=  795 wet= 97419 max=2.38m  eta 5.0m
  [108/145] D202608042300 nodes= 74901 links= 36780 surch=  780 wet= 97329 max=2.38m  eta 4.9m
  [109/145] D202608042310 nodes= 74677 links= 36460 surch=  772 wet= 97224 max=2.38m  eta 4.7m
  [110/145] D202608042320 nodes= 74460 links= 35869 surch=  766 wet= 97053 max=2.38m  eta 4.6m
  [111/145] D202608042330 nodes= 74242 links= 35315 surch=  753 wet= 96902 max=2.38m  eta 4.5m
  [112/145] D202608042340 nodes= 74040 links= 35254 surch=  742 wet= 96821 max=2.38m  eta 4.3m
  [113/145] D202608042350 nodes= 73833 links= 34722 surch=  735 wet= 96714 max=2.38m  eta 4.2m
  [114/145] D202608050000 nodes= 73675 links= 34428 surch=  721 wet= 96568 max=2.38m  eta 4.0m
  [115/145] D202608050010 nodes= 76991 links= 42847 surch=  798 wet= 96657 max=2.38m  eta 3.9m
  [116/145] D202608050020 nodes= 79121 links= 50155 surch=  814 wet= 96777 max=2.38m  eta 3.8m
  [117/145] D202608050030 nodes= 80922 links= 55793 surch=  840 wet= 96930 max=2.38m  eta 3.6m
  [118/145] D202608050040 nodes= 82603 links= 59800 surch=  876 wet= 97102 max=2.38m  eta 3.5m
  [119/145] D202608050050 nodes= 84035 links= 62421 surch=  942 wet= 97220 max=2.38m  eta 3.4m
  [120/145] D202608050100 nodes= 85197 links= 64184 surch= 1012 wet= 97325 max=2.38m  eta 3.2m
  [121/145] D202608050110 nodes= 86342 links= 66409 surch= 1097 wet= 97560 max=2.38m  eta 3.1m
  [122/145] D202608050120 nodes= 87327 links= 67880 surch= 1181 wet= 97806 max=2.38m  eta 3.0m
  [123/145] D202608050130 nodes= 88132 links= 69285 surch= 1206 wet= 97976 max=2.38m  eta 2.8m
  [124/145] D202608050140 nodes= 88803 links= 70242 surch= 1268 wet= 98119 max=2.38m  eta 2.7m
  [125/145] D202608050150 nodes= 89370 links= 71048 surch= 1324 wet= 98337 max=2.38m  eta 2.6m
  [126/145] D202608050200 nodes= 89814 links= 71662 surch= 1355 wet= 98547 max=2.38m  eta 2.4m
  [127/145] D202608050210 nodes= 89817 links= 71025 surch= 1384 wet= 98656 max=2.38m  eta 2.3m
  [128/145] D202608050220 nodes= 89899 links= 70879 surch= 1402 wet= 98717 max=2.38m  eta 2.2m
  [129/145] D202608050230 nodes= 89976 links= 70871 surch= 1417 wet= 98842 max=2.38m  eta 2.0m
  [130/145] D202608050240 nodes= 90064 links= 70253 surch= 1439 wet= 99013 max=2.38m  eta 1.9m
  [131/145] D202608050250 nodes= 90182 links= 70809 surch= 1454 wet= 99151 max=2.38m  eta 1.8m
  [132/145] D202608050300 nodes= 90240 links= 70880 surch= 1456 wet= 99279 max=2.38m  eta 1.6m
  [133/145] D202608050310 nodes= 89976 links= 69496 surch= 1433 wet= 99401 max=2.38m  eta 1.5m
  [134/145] D202608050320 nodes= 89789 links= 68768 surch= 1417 wet= 99404 max=2.38m  eta 1.4m
  [135/145] D202608050330 nodes= 89587 links= 68356 surch= 1412 wet= 99466 max=2.39m  eta 1.2m
  [136/145] D202608050340 nodes= 89434 links= 67925 surch= 1403 wet= 99515 max=2.38m  eta 1.1m
  [137/145] D202608050350 nodes= 89302 links= 67531 surch= 1399 wet= 99539 max=2.38m  eta 0.9m
  [138/145] D202608050400 nodes= 89188 links= 67211 surch= 1389 wet= 99533 max=2.39m  eta 0.8m
  [139/145] D202608050410 nodes= 89265 links= 67681 surch= 1396 wet= 99571 max=2.38m  eta 0.7m
  [140/145] D202608050420 nodes= 89291 links= 67888 surch= 1398 wet= 99607 max=2.38m  eta 0.5m
  [141/145] D202608050430 nodes= 89306 links= 67560 surch= 1403 wet= 99651 max=2.38m  eta 0.4m
  [142/145] D202608050440 nodes= 89365 links= 68235 surch= 1419 wet= 99696 max=2.39m  eta 0.3m
  [143/145] D202608050450 nodes= 89373 links= 68340 surch= 1417 wet= 99714 max=2.39m  eta 0.1m
  [144/145] D202608050500 nodes= 89394 links= 69325 surch= 1404 wet= 99753 max=2.38m  eta 0.0m

wrote 145 frames, 248.2 MB → /home/meet/Meet/floodtwin3/drainage/live
window starts 2026-08-04T05:00:00+05:30 (run newmodel_partner_daily_20260803_233000_518eac4f)
=== exit 0 ===
=== 2026-08-04T05:40:01+05:30 refresh ===
target network: 118768 nodes / 139798 links, grid 768² over [76.92743352153221, 28.323950850966828, 77.18375956125723, 28.547085653307686]
run newmodel_partner_daily_20260803_233000_518eac4f: 145 frames @ 10.0 min
already up to date (newmodel_partner_daily_20260803_233000_518eac4f, 145 frames) — nothing to do
=== exit 0 ===
=== 2026-08-04T06:00:01+05:30 refresh ===
target network: 118768 nodes / 139798 links, grid 768² over [76.92743352153221, 28.323950850966828, 77.18375956125723, 28.547085653307686]
run newmodel_partner_daily_20260803_233000_518eac4f: 145 frames @ 10.0 min
already up to date (newmodel_partner_daily_20260803_233000_518eac4f, 145 frames) — nothing to do
=== exit 0 ===
=== 2026-08-04T06:20:01+05:30 refresh ===
target network: 118768 nodes / 139798 links, grid 768² over [76.92743352153221, 28.323950850966828, 77.18375956125723, 28.547085653307686]
run newmodel_partner_daily_20260803_233000_518eac4f: 145 frames @ 10.0 min
already up to date (newmodel_partner_daily_20260803_233000_518eac4f, 145 frames) — nothing to do
=== exit 0 ===
=== 2026-08-04T06:40:01+05:30 refresh ===
target network: 118768 nodes / 139798 links, grid 768² over [76.92743352153221, 28.323950850966828, 77.18375956125723, 28.547085653307686]
run newmodel_partner_daily_20260803_233000_518eac4f: 145 frames @ 10.0 min
already up to date (newmodel_partner_daily_20260803_233000_518eac4f, 145 frames) — nothing to do
=== exit 0 ===
=== 2026-08-04T07:00:01+05:30 refresh ===
target network: 118768 nodes / 139798 links, grid 768² over [76.92743352153221, 28.323950850966828, 77.18375956125723, 28.547085653307686]
run newmodel_partner_daily_20260803_233000_518eac4f: 145 frames @ 10.0 min
already up to date (newmodel_partner_daily_20260803_233000_518eac4f, 145 frames) — nothing to do
=== exit 0 ===
=== 2026-08-04T07:20:01+05:30 refresh ===
target network: 118768 nodes / 139798 links, grid 768² over [76.92743352153221, 28.323950850966828, 77.18375956125723, 28.547085653307686]
run newmodel_partner_daily_20260803_233000_518eac4f: 145 frames @ 10.0 min
already up to date (newmodel_partner_daily_20260803_233000_518eac4f, 145 frames) — nothing to do
=== exit 0 ===
=== 2026-08-04T07:40:01+05:30 refresh ===
target network: 118768 nodes / 139798 links, grid 768² over [76.92743352153221, 28.323950850966828, 77.18375956125723, 28.547085653307686]
run newmodel_partner_daily_20260803_233000_518eac4f: 145 frames @ 10.0 min
already up to date (newmodel_partner_daily_20260803_233000_518eac4f, 145 frames) — nothing to do
=== exit 0 ===
=== 2026-08-04T08:00:01+05:30 refresh ===
target network: 118768 nodes / 139798 links, grid 768² over [76.92743352153221, 28.323950850966828, 77.18375956125723, 28.547085653307686]
run newmodel_partner_daily_20260803_233000_518eac4f: 145 frames @ 10.0 min
already up to date (newmodel_partner_daily_20260803_233000_518eac4f, 145 frames) — nothing to do
=== exit 0 ===
=== 2026-08-04T08:20:01+05:30 refresh ===
target network: 118768 nodes / 139798 links, grid 768² over [76.92743352153221, 28.323950850966828, 77.18375956125723, 28.547085653307686]
run newmodel_partner_daily_20260803_233000_518eac4f: 145 frames @ 10.0 min
already up to date (newmodel_partner_daily_20260803_233000_518eac4f, 145 frames) — nothing to do
=== exit 0 ===
=== 2026-08-04T08:40:01+05:30 refresh ===
target network: 118768 nodes / 139798 links, grid 768² over [76.92743352153221, 28.323950850966828, 77.18375956125723, 28.547085653307686]
run newmodel_partner_daily_20260803_233000_518eac4f: 145 frames @ 10.0 min
already up to date (newmodel_partner_daily_20260803_233000_518eac4f, 145 frames) — nothing to do
=== exit 0 ===
=== 2026-08-04T09:00:01+05:30 refresh ===
target network: 118768 nodes / 139798 links, grid 768² over [76.92743352153221, 28.323950850966828, 77.18375956125723, 28.547085653307686]
run newmodel_partner_daily_20260803_233000_518eac4f: 145 frames @ 10.0 min
already up to date (newmodel_partner_daily_20260803_233000_518eac4f, 145 frames) — nothing to do
=== exit 0 ===
=== 2026-08-04T09:20:01+05:30 refresh ===
target network: 118768 nodes / 139798 links, grid 768² over [76.92743352153221, 28.323950850966828, 77.18375956125723, 28.547085653307686]
run newmodel_partner_daily_20260803_233000_518eac4f: 145 frames @ 10.0 min
already up to date (newmodel_partner_daily_20260803_233000_518eac4f, 145 frames) — nothing to do
=== exit 0 ===
=== 2026-08-04T09:40:01+05:30 refresh ===
target network: 118768 nodes / 139798 links, grid 768² over [76.92743352153221, 28.323950850966828, 77.18375956125723, 28.547085653307686]
run newmodel_partner_daily_20260803_233000_518eac4f: 145 frames @ 10.0 min
already up to date (newmodel_partner_daily_20260803_233000_518eac4f, 145 frames) — nothing to do
=== exit 0 ===
=== 2026-08-04T10:00:01+05:30 refresh ===
target network: 118768 nodes / 139798 links, grid 768² over [76.92743352153221, 28.323950850966828, 77.18375956125723, 28.547085653307686]
run newmodel_partner_daily_20260803_233000_518eac4f: 145 frames @ 10.0 min
already up to date (newmodel_partner_daily_20260803_233000_518eac4f, 145 frames) — nothing to do
=== exit 0 ===
=== 2026-08-04T10:20:01+05:30 refresh ===
target network: 118768 nodes / 139798 links, grid 768² over [76.92743352153221, 28.323950850966828, 77.18375956125723, 28.547085653307686]
run newmodel_partner_daily_20260803_233000_518eac4f: 145 frames @ 10.0 min
already up to date (newmodel_partner_daily_20260803_233000_518eac4f, 145 frames) — nothing to do
=== exit 0 ===
=== 2026-08-04T10:40:01+05:30 refresh ===
target network: 118768 nodes / 139798 links, grid 768² over [76.92743352153221, 28.323950850966828, 77.18375956125723, 28.547085653307686]
run newmodel_partner_daily_20260803_233000_518eac4f: 145 frames @ 10.0 min
already up to date (newmodel_partner_daily_20260803_233000_518eac4f, 145 frames) — nothing to do
=== exit 0 ===
=== 2026-08-04T11:00:01+05:30 refresh ===
target network: 118768 nodes / 139798 links, grid 768² over [76.92743352153221, 28.323950850966828, 77.18375956125723, 28.547085653307686]
run newmodel_partner_daily_20260803_233000_518eac4f: 145 frames @ 10.0 min
already up to date (newmodel_partner_daily_20260803_233000_518eac4f, 145 frames) — nothing to do
=== exit 0 ===
=== 2026-08-04T11:20:01+05:30 refresh ===
target network: 118768 nodes / 139798 links, grid 768² over [76.92743352153221, 28.323950850966828, 77.18375956125723, 28.547085653307686]
run newmodel_partner_daily_20260803_233000_518eac4f: 145 frames @ 10.0 min
already up to date (newmodel_partner_daily_20260803_233000_518eac4f, 145 frames) — nothing to do
=== exit 0 ===
=== 2026-08-04T11:40:01+05:30 refresh ===
target network: 118768 nodes / 139798 links, grid 768² over [76.92743352153221, 28.323950850966828, 77.18375956125723, 28.547085653307686]
run newmodel_partner_daily_20260803_233000_518eac4f: 145 frames @ 10.0 min
already up to date (newmodel_partner_daily_20260803_233000_518eac4f, 145 frames) — nothing to do
=== exit 0 ===
=== 2026-08-04T12:00:01+05:30 refresh ===
target network: 118768 nodes / 139798 links, grid 768² over [76.92743352153221, 28.323950850966828, 77.18375956125723, 28.547085653307686]
run newmodel_partner_daily_20260803_233000_518eac4f: 145 frames @ 10.0 min
already up to date (newmodel_partner_daily_20260803_233000_518eac4f, 145 frames) — nothing to do
=== exit 0 ===
=== 2026-08-04T12:20:01+05:30 refresh ===
target network: 118768 nodes / 139798 links, grid 768² over [76.92743352153221, 28.323950850966828, 77.18375956125723, 28.547085653307686]
run newmodel_partner_daily_20260803_233000_518eac4f: 145 frames @ 10.0 min
already up to date (newmodel_partner_daily_20260803_233000_518eac4f, 145 frames) — nothing to do
=== exit 0 ===
=== 2026-08-04T12:40:01+05:30 refresh ===
target network: 118768 nodes / 139798 links, grid 768² over [76.92743352153221, 28.323950850966828, 77.18375956125723, 28.547085653307686]
run newmodel_partner_daily_20260803_233000_518eac4f: 145 frames @ 10.0 min
already up to date (newmodel_partner_daily_20260803_233000_518eac4f, 145 frames) — nothing to do
=== exit 0 ===
=== 2026-08-04T13:00:01+05:30 refresh ===
target network: 118768 nodes / 139798 links, grid 768² over [76.92743352153221, 28.323950850966828, 77.18375956125723, 28.547085653307686]
run newmodel_partner_daily_20260803_233000_518eac4f: 145 frames @ 10.0 min
already up to date (newmodel_partner_daily_20260803_233000_518eac4f, 145 frames) — nothing to do
=== exit 0 ===
=== 2026-08-04T13:20:01+05:30 refresh ===
target network: 118768 nodes / 139798 links, grid 768² over [76.92743352153221, 28.323950850966828, 77.18375956125723, 28.547085653307686]
run newmodel_partner_daily_20260803_233000_518eac4f: 145 frames @ 10.0 min
already up to date (newmodel_partner_daily_20260803_233000_518eac4f, 145 frames) — nothing to do
=== exit 0 ===
=== 2026-08-04T13:40:01+05:30 refresh ===
target network: 118768 nodes / 139798 links, grid 768² over [76.92743352153221, 28.323950850966828, 77.18375956125723, 28.547085653307686]
run newmodel_partner_daily_20260803_233000_518eac4f: 145 frames @ 10.0 min
already up to date (newmodel_partner_daily_20260803_233000_518eac4f, 145 frames) — nothing to do
=== exit 0 ===
=== 2026-08-04T14:00:01+05:30 refresh ===
target network: 118768 nodes / 139798 links, grid 768² over [76.92743352153221, 28.323950850966828, 77.18375956125723, 28.547085653307686]
run newmodel_partner_daily_20260803_233000_518eac4f: 145 frames @ 10.0 min
already up to date (newmodel_partner_daily_20260803_233000_518eac4f, 145 frames) — nothing to do
=== exit 0 ===
=== 2026-08-04T14:20:01+05:30 refresh ===
target network: 118768 nodes / 139798 links, grid 768² over [76.92743352153221, 28.323950850966828, 77.18375956125723, 28.547085653307686]
run newmodel_partner_daily_20260803_233000_518eac4f: 145 frames @ 10.0 min
already up to date (newmodel_partner_daily_20260803_233000_518eac4f, 145 frames) — nothing to do
=== exit 0 ===
=== 2026-08-04T14:40:01+05:30 refresh ===
target network: 118768 nodes / 139798 links, grid 768² over [76.92743352153221, 28.323950850966828, 77.18375956125723, 28.547085653307686]
run newmodel_partner_daily_20260803_233000_518eac4f: 145 frames @ 10.0 min
already up to date (newmodel_partner_daily_20260803_233000_518eac4f, 145 frames) — nothing to do
=== exit 0 ===
=== 2026-08-04T15:00:01+05:30 refresh ===
target network: 118768 nodes / 139798 links, grid 768² over [76.92743352153221, 28.323950850966828, 77.18375956125723, 28.547085653307686]
run newmodel_partner_daily_20260803_233000_518eac4f: 145 frames @ 10.0 min
already up to date (newmodel_partner_daily_20260803_233000_518eac4f, 145 frames) — nothing to do
=== exit 0 ===
=== 2026-08-04T15:20:01+05:30 refresh ===
target network: 118768 nodes / 139798 links, grid 768² over [76.92743352153221, 28.323950850966828, 77.18375956125723, 28.547085653307686]
run newmodel_partner_daily_20260803_233000_518eac4f: 145 frames @ 10.0 min
already up to date (newmodel_partner_daily_20260803_233000_518eac4f, 145 frames) — nothing to do
=== exit 0 ===
=== 2026-08-04T15:40:01+05:30 refresh ===
target network: 118768 nodes / 139798 links, grid 768² over [76.92743352153221, 28.323950850966828, 77.18375956125723, 28.547085653307686]
run newmodel_partner_daily_20260803_233000_518eac4f: 145 frames @ 10.0 min
already up to date (newmodel_partner_daily_20260803_233000_518eac4f, 145 frames) — nothing to do
=== exit 0 ===
=== 2026-08-04T16:00:01+05:30 refresh ===
target network: 118768 nodes / 139798 links, grid 768² over [76.92743352153221, 28.323950850966828, 77.18375956125723, 28.547085653307686]
run newmodel_partner_daily_20260803_233000_518eac4f: 145 frames @ 10.0 min
already up to date (newmodel_partner_daily_20260803_233000_518eac4f, 145 frames) — nothing to do
=== exit 0 ===
=== 2026-08-04T16:20:01+05:30 refresh ===
target network: 118768 nodes / 139798 links, grid 768² over [76.92743352153221, 28.323950850966828, 77.18375956125723, 28.547085653307686]
run newmodel_partner_daily_20260803_233000_518eac4f: 145 frames @ 10.0 min
already up to date (newmodel_partner_daily_20260803_233000_518eac4f, 145 frames) — nothing to do
=== exit 0 ===
=== 2026-08-04T16:40:01+05:30 refresh ===
target network: 118768 nodes / 139798 links, grid 768² over [76.92743352153221, 28.323950850966828, 77.18375956125723, 28.547085653307686]
run newmodel_partner_daily_20260803_233000_518eac4f: 145 frames @ 10.0 min
already up to date (newmodel_partner_daily_20260803_233000_518eac4f, 145 frames) — nothing to do
=== exit 0 ===
=== 2026-08-04T17:00:01+05:30 refresh ===
target network: 118768 nodes / 139798 links, grid 768² over [76.92743352153221, 28.323950850966828, 77.18375956125723, 28.547085653307686]
run newmodel_partner_daily_20260803_233000_518eac4f: 145 frames @ 10.0 min
already up to date (newmodel_partner_daily_20260803_233000_518eac4f, 145 frames) — nothing to do
=== exit 0 ===
=== 2026-08-04T17:20:01+05:30 refresh ===
target network: 118768 nodes / 139798 links, grid 768² over [76.92743352153221, 28.323950850966828, 77.18375956125723, 28.547085653307686]
run newmodel_partner_daily_20260803_233000_518eac4f: 145 frames @ 10.0 min
already up to date (newmodel_partner_daily_20260803_233000_518eac4f, 145 frames) — nothing to do
=== exit 0 ===
=== 2026-08-04T17:40:01+05:30 refresh ===
target network: 118768 nodes / 139798 links, grid 768² over [76.92743352153221, 28.323950850966828, 77.18375956125723, 28.547085653307686]
run newmodel_partner_daily_20260803_233000_518eac4f: 145 frames @ 10.0 min
already up to date (newmodel_partner_daily_20260803_233000_518eac4f, 145 frames) — nothing to do
=== exit 0 ===
=== 2026-08-04T18:00:01+05:30 refresh ===
target network: 118768 nodes / 139798 links, grid 768² over [76.92743352153221, 28.323950850966828, 77.18375956125723, 28.547085653307686]
run newmodel_partner_daily_20260803_233000_518eac4f: 145 frames @ 10.0 min
already up to date (newmodel_partner_daily_20260803_233000_518eac4f, 145 frames) — nothing to do
=== exit 0 ===
=== 2026-08-04T18:20:01+05:30 refresh ===
target network: 118768 nodes / 139798 links, grid 768² over [76.92743352153221, 28.323950850966828, 77.18375956125723, 28.547085653307686]
run newmodel_partner_daily_20260803_233000_518eac4f: 145 frames @ 10.0 min
already up to date (newmodel_partner_daily_20260803_233000_518eac4f, 145 frames) — nothing to do
=== exit 0 ===
=== 2026-08-04T18:40:01+05:30 refresh ===
target network: 118768 nodes / 139798 links, grid 768² over [76.92743352153221, 28.323950850966828, 77.18375956125723, 28.547085653307686]
run newmodel_partner_daily_20260803_233000_518eac4f: 145 frames @ 10.0 min
already up to date (newmodel_partner_daily_20260803_233000_518eac4f, 145 frames) — nothing to do
=== exit 0 ===
=== 2026-08-04T19:00:01+05:30 refresh ===
target network: 118768 nodes / 139798 links, grid 768² over [76.92743352153221, 28.323950850966828, 77.18375956125723, 28.547085653307686]
run newmodel_partner_daily_20260803_233000_518eac4f: 145 frames @ 10.0 min
already up to date (newmodel_partner_daily_20260803_233000_518eac4f, 145 frames) — nothing to do
=== exit 0 ===
=== 2026-08-04T19:20:01+05:30 refresh ===
target network: 118768 nodes / 139798 links, grid 768² over [76.92743352153221, 28.323950850966828, 77.18375956125723, 28.547085653307686]
run newmodel_partner_daily_20260803_233000_518eac4f: 145 frames @ 10.0 min
already up to date (newmodel_partner_daily_20260803_233000_518eac4f, 145 frames) — nothing to do
=== exit 0 ===
=== 2026-08-04T19:40:01+05:30 refresh ===
target network: 118768 nodes / 139798 links, grid 768² over [76.92743352153221, 28.323950850966828, 77.18375956125723, 28.547085653307686]
run newmodel_partner_daily_20260803_233000_518eac4f: 145 frames @ 10.0 min
already up to date (newmodel_partner_daily_20260803_233000_518eac4f, 145 frames) — nothing to do
=== exit 0 ===
=== 2026-08-04T20:00:01+05:30 refresh ===
target network: 118768 nodes / 139798 links, grid 768² over [76.92743352153221, 28.323950850966828, 77.18375956125723, 28.547085653307686]
run newmodel_partner_daily_20260803_233000_518eac4f: 145 frames @ 10.0 min
already up to date (newmodel_partner_daily_20260803_233000_518eac4f, 145 frames) — nothing to do
=== exit 0 ===
=== 2026-08-04T20:20:01+05:30 refresh ===
target network: 118768 nodes / 139798 links, grid 768² over [76.92743352153221, 28.323950850966828, 77.18375956125723, 28.547085653307686]
run newmodel_partner_daily_20260803_233000_518eac4f: 145 frames @ 10.0 min
already up to date (newmodel_partner_daily_20260803_233000_518eac4f, 145 frames) — nothing to do
=== exit 0 ===
=== 2026-08-04T20:40:01+05:30 refresh ===
target network: 118768 nodes / 139798 links, grid 768² over [76.92743352153221, 28.323950850966828, 77.18375956125723, 28.547085653307686]
run newmodel_partner_daily_20260803_233000_518eac4f: 145 frames @ 10.0 min
already up to date (newmodel_partner_daily_20260803_233000_518eac4f, 145 frames) — nothing to do
=== exit 0 ===
=== 2026-08-04T21:00:02+05:30 refresh ===
target network: 118768 nodes / 139798 links, grid 768² over [76.92743352153221, 28.323950850966828, 77.18375956125723, 28.547085653307686]
run newmodel_partner_daily_20260803_233000_518eac4f: 145 frames @ 10.0 min
already up to date (newmodel_partner_daily_20260803_233000_518eac4f, 145 frames) — nothing to do
=== exit 0 ===
=== 2026-08-04T21:20:01+05:30 refresh ===
target network: 118768 nodes / 139798 links, grid 768² over [76.92743352153221, 28.323950850966828, 77.18375956125723, 28.547085653307686]
run newmodel_partner_daily_20260803_233000_518eac4f: 145 frames @ 10.0 min
already up to date (newmodel_partner_daily_20260803_233000_518eac4f, 145 frames) — nothing to do
=== exit 0 ===
=== 2026-08-04T21:40:01+05:30 refresh ===
target network: 118768 nodes / 139798 links, grid 768² over [76.92743352153221, 28.323950850966828, 77.18375956125723, 28.547085653307686]
run newmodel_partner_daily_20260803_233000_518eac4f: 145 frames @ 10.0 min
already up to date (newmodel_partner_daily_20260803_233000_518eac4f, 145 frames) — nothing to do
=== exit 0 ===
=== 2026-08-04T22:00:01+05:30 refresh ===
target network: 118768 nodes / 139798 links, grid 768² over [76.92743352153221, 28.323950850966828, 77.18375956125723, 28.547085653307686]
run newmodel_partner_daily_20260803_233000_518eac4f: 145 frames @ 10.0 min
already up to date (newmodel_partner_daily_20260803_233000_518eac4f, 145 frames) — nothing to do
=== exit 0 ===
=== 2026-08-04T22:20:01+05:30 refresh ===
target network: 118768 nodes / 139798 links, grid 768² over [76.92743352153221, 28.323950850966828, 77.18375956125723, 28.547085653307686]
run newmodel_partner_daily_20260803_233000_518eac4f: 145 frames @ 10.0 min
already up to date (newmodel_partner_daily_20260803_233000_518eac4f, 145 frames) — nothing to do
=== exit 0 ===
=== 2026-08-04T22:40:01+05:30 refresh ===
target network: 118768 nodes / 139798 links, grid 768² over [76.92743352153221, 28.323950850966828, 77.18375956125723, 28.547085653307686]
run newmodel_partner_daily_20260803_233000_518eac4f: 145 frames @ 10.0 min
already up to date (newmodel_partner_daily_20260803_233000_518eac4f, 145 frames) — nothing to do
=== exit 0 ===
=== 2026-08-04T23:00:01+05:30 refresh ===
target network: 118768 nodes / 139798 links, grid 768² over [76.92743352153221, 28.323950850966828, 77.18375956125723, 28.547085653307686]
run newmodel_partner_daily_20260803_233000_518eac4f: 145 frames @ 10.0 min
already up to date (newmodel_partner_daily_20260803_233000_518eac4f, 145 frames) — nothing to do
=== exit 0 ===
=== 2026-08-04T23:20:01+05:30 refresh ===
target network: 118768 nodes / 139798 links, grid 768² over [76.92743352153221, 28.323950850966828, 77.18375956125723, 28.547085653307686]
run newmodel_partner_daily_20260803_233000_518eac4f: 145 frames @ 10.0 min
already up to date (newmodel_partner_daily_20260803_233000_518eac4f, 145 frames) — nothing to do
=== exit 0 ===
=== 2026-08-04T23:40:01+05:30 refresh ===
target network: 118768 nodes / 139798 links, grid 768² over [76.92743352153221, 28.323950850966828, 77.18375956125723, 28.547085653307686]
run newmodel_partner_daily_20260803_233000_518eac4f: 145 frames @ 10.0 min
already up to date (newmodel_partner_daily_20260803_233000_518eac4f, 145 frames) — nothing to do
=== exit 0 ===
=== 2026-08-05T00:00:01+05:30 refresh ===
target network: 118768 nodes / 139798 links, grid 768² over [76.92743352153221, 28.323950850966828, 77.18375956125723, 28.547085653307686]
run newmodel_partner_daily_20260803_233000_518eac4f: 145 frames @ 10.0 min
already up to date (newmodel_partner_daily_20260803_233000_518eac4f, 145 frames) — nothing to do
=== exit 0 ===
=== 2026-08-05T00:20:01+05:30 refresh ===
target network: 118768 nodes / 139798 links, grid 768² over [76.92743352153221, 28.323950850966828, 77.18375956125723, 28.547085653307686]
run newmodel_partner_daily_20260803_233000_518eac4f: 145 frames @ 10.0 min
already up to date (newmodel_partner_daily_20260803_233000_518eac4f, 145 frames) — nothing to do
=== exit 0 ===
=== 2026-08-05T00:40:01+05:30 refresh ===
target network: 118768 nodes / 139798 links, grid 768² over [76.92743352153221, 28.323950850966828, 77.18375956125723, 28.547085653307686]
run newmodel_partner_daily_20260803_233000_518eac4f: 145 frames @ 10.0 min
already up to date (newmodel_partner_daily_20260803_233000_518eac4f, 145 frames) — nothing to do
=== exit 0 ===
=== 2026-08-05T01:00:01+05:30 refresh ===
target network: 118768 nodes / 139798 links, grid 768² over [76.92743352153221, 28.323950850966828, 77.18375956125723, 28.547085653307686]
run newmodel_partner_daily_20260803_233000_518eac4f: 145 frames @ 10.0 min
already up to date (newmodel_partner_daily_20260803_233000_518eac4f, 145 frames) — nothing to do
=== exit 0 ===
=== 2026-08-05T01:20:01+05:30 refresh ===
target network: 118768 nodes / 139798 links, grid 768² over [76.92743352153221, 28.323950850966828, 77.18375956125723, 28.547085653307686]
run newmodel_partner_daily_20260803_233000_518eac4f: 145 frames @ 10.0 min
already up to date (newmodel_partner_daily_20260803_233000_518eac4f, 145 frames) — nothing to do
=== exit 0 ===
=== 2026-08-05T01:40:01+05:30 refresh ===
target network: 118768 nodes / 139798 links, grid 768² over [76.92743352153221, 28.323950850966828, 77.18375956125723, 28.547085653307686]
run newmodel_partner_daily_20260803_233000_518eac4f: 145 frames @ 10.0 min
already up to date (newmodel_partner_daily_20260803_233000_518eac4f, 145 frames) — nothing to do
=== exit 0 ===
=== 2026-08-05T02:00:01+05:30 refresh ===
target network: 118768 nodes / 139798 links, grid 768² over [76.92743352153221, 28.323950850966828, 77.18375956125723, 28.547085653307686]
run newmodel_partner_daily_20260803_233000_518eac4f: 145 frames @ 10.0 min
already up to date (newmodel_partner_daily_20260803_233000_518eac4f, 145 frames) — nothing to do
=== exit 0 ===
=== 2026-08-05T02:20:01+05:30 refresh ===
target network: 118768 nodes / 139798 links, grid 768² over [76.92743352153221, 28.323950850966828, 77.18375956125723, 28.547085653307686]
run newmodel_partner_daily_20260803_233000_518eac4f: 145 frames @ 10.0 min
already up to date (newmodel_partner_daily_20260803_233000_518eac4f, 145 frames) — nothing to do
=== exit 0 ===
=== 2026-08-05T02:40:01+05:30 refresh ===
target network: 118768 nodes / 139798 links, grid 768² over [76.92743352153221, 28.323950850966828, 77.18375956125723, 28.547085653307686]
run newmodel_partner_daily_20260803_233000_518eac4f: 145 frames @ 10.0 min
already up to date (newmodel_partner_daily_20260803_233000_518eac4f, 145 frames) — nothing to do
=== exit 0 ===
=== 2026-08-05T03:00:01+05:30 refresh ===
target network: 118768 nodes / 139798 links, grid 768² over [76.92743352153221, 28.323950850966828, 77.18375956125723, 28.547085653307686]
run newmodel_partner_daily_20260803_233000_518eac4f: 145 frames @ 10.0 min
already up to date (newmodel_partner_daily_20260803_233000_518eac4f, 145 frames) — nothing to do
=== exit 0 ===
=== 2026-08-05T03:20:01+05:30 refresh ===
target network: 118768 nodes / 139798 links, grid 768² over [76.92743352153221, 28.323950850966828, 77.18375956125723, 28.547085653307686]
run newmodel_partner_daily_20260803_233000_518eac4f: 145 frames @ 10.0 min
already up to date (newmodel_partner_daily_20260803_233000_518eac4f, 145 frames) — nothing to do
=== exit 0 ===
=== 2026-08-05T03:40:01+05:30 refresh ===
target network: 118768 nodes / 139798 links, grid 768² over [76.92743352153221, 28.323950850966828, 77.18375956125723, 28.547085653307686]
run newmodel_partner_daily_20260803_233000_518eac4f: 145 frames @ 10.0 min
already up to date (newmodel_partner_daily_20260803_233000_518eac4f, 145 frames) — nothing to do
=== exit 0 ===
=== 2026-08-05T04:00:01+05:30 refresh ===
target network: 118768 nodes / 139798 links, grid 768² over [76.92743352153221, 28.323950850966828, 77.18375956125723, 28.547085653307686]
run newmodel_partner_daily_20260803_233000_518eac4f: 145 frames @ 10.0 min
already up to date (newmodel_partner_daily_20260803_233000_518eac4f, 145 frames) — nothing to do
=== exit 0 ===
=== 2026-08-05T04:20:01+05:30 refresh ===
target network: 118768 nodes / 139798 links, grid 768² over [76.92743352153221, 28.323950850966828, 77.18375956125723, 28.547085653307686]
run newmodel_partner_daily_20260803_233000_518eac4f: 145 frames @ 10.0 min
already up to date (newmodel_partner_daily_20260803_233000_518eac4f, 145 frames) — nothing to do
=== exit 0 ===
=== 2026-08-05T04:40:01+05:30 refresh ===
target network: 118768 nodes / 139798 links, grid 768² over [76.92743352153221, 28.323950850966828, 77.18375956125723, 28.547085653307686]
run newmodel_partner_daily_20260803_233000_518eac4f: 145 frames @ 10.0 min
already up to date (newmodel_partner_daily_20260803_233000_518eac4f, 145 frames) — nothing to do
=== exit 0 ===
=== 2026-08-05T05:00:01+05:30 refresh ===
target network: 118768 nodes / 139798 links, grid 768² over [76.92743352153221, 28.323950850966828, 77.18375956125723, 28.547085653307686]
run newmodel_partner_daily_20260803_233000_518eac4f: 145 frames @ 10.0 min
already up to date (newmodel_partner_daily_20260803_233000_518eac4f, 145 frames) — nothing to do
=== exit 0 ===
=== 2026-08-05T05:20:01+05:30 refresh ===
target network: 118768 nodes / 139798 links, grid 768² over [76.92743352153221, 28.323950850966828, 77.18375956125723, 28.547085653307686]
run newmodel_partner_daily_20260804_233000_343f7298: 145 frames @ 10.0 min
  [  0/145] D202608050500 nodes=118733 links=102559 surch=  418 wet=   150 max=1.02m  eta 18.1m
  [  1/145] D202608050510 nodes= 88255 links= 77434 surch=  703 wet= 12383 max=1.92m  eta 17.9m
  [  2/145] D202608050520 nodes= 83964 links= 63361 surch=  630 wet= 14800 max=1.86m  eta 16.4m
  [  3/145] D202608050530 nodes= 81386 links= 56454 surch=  548 wet= 15682 max=2.00m  eta 15.3m
  [  4/145] D202608050540 nodes= 79375 links= 50483 surch=  505 wet= 16303 max=2.11m  eta 14.7m
  [  5/145] D202608050550 nodes= 77929 links= 46788 surch=  476 wet= 16693 max=2.17m  eta 14.2m
  [  6/145] D202608050600 nodes= 76658 links= 43777 surch=  462 wet= 17035 max=2.21m  eta 13.6m
  [  7/145] D202608050610 nodes= 75739 links= 41211 surch=  462 wet= 17260 max=2.26m  eta 13.1m
  [  8/145] D202608050620 nodes= 74973 links= 40002 surch=  457 wet= 17432 max=2.29m  eta 12.8m
  [  9/145] D202608050630 nodes= 74163 links= 38018 surch=  479 wet= 17658 max=2.30m  eta 12.6m
  [ 10/145] D202608050640 nodes= 73489 links= 36722 surch=  495 wet= 17889 max=2.31m  eta 12.4m
  [ 11/145] D202608050650 nodes= 72796 links= 35500 surch=  499 wet= 18086 max=2.33m  eta 12.0m
  [ 12/145] D202608050700 nodes= 72266 links= 34472 surch=  481 wet= 18246 max=2.34m  eta 11.8m
  [ 13/145] D202608050710 nodes= 71784 links= 33483 surch=  490 wet= 18378 max=2.35m  eta 11.5m
  [ 14/145] D202608050720 nodes= 71440 links= 32553 surch=  496 wet= 18517 max=2.37m  eta 11.4m
  [ 15/145] D202608050730 nodes= 71163 links= 31767 surch=  464 wet= 18599 max=2.38m  eta 11.1m
  [ 16/145] D202608050740 nodes= 70999 links= 31128 surch=  447 wet= 18718 max=2.39m  eta 10.9m
  [ 17/145] D202608050750 nodes= 70843 links= 30862 surch=  437 wet= 18830 max=2.34m  eta 10.7m
  [ 18/145] D202608050800 nodes= 70775 links= 30590 surch=  418 wet= 18888 max=2.34m  eta 10.5m
  [ 19/145] D202608050810 nodes= 72849 links= 34801 surch=  423 wet= 18914 max=2.35m  eta 10.4m
  [ 20/145] D202608050820 nodes= 74262 links= 38875 surch=  438 wet= 19073 max=2.34m  eta 10.2m
  [ 21/145] D202608050830 nodes= 75404 links= 42148 surch=  443 wet= 19119 max=2.35m  eta 10.2m
  [ 22/145] D202608050840 nodes= 76463 links= 44573 surch=  463 wet= 19226 max=2.35m  eta 10.1m
  [ 23/145] D202608050850 nodes= 77358 links= 46623 surch=  471 wet= 19320 max=2.35m  eta 10.0m
  [ 24/145] D202608050900 nodes= 78047 links= 48013 surch=  494 wet= 19446 max=2.35m  eta 10.0m
  [ 25/145] D202608050910 nodes= 80071 links= 53537 surch=  533 wet= 19628 max=2.35m  eta 10.0m
  [ 26/145] D202608050920 nodes= 81610 links= 56868 surch=  591 wet= 19988 max=2.35m  eta 10.0m
  [ 27/145] D202608050930 nodes= 82901 links= 59365 surch=  656 wet= 20526 max=2.35m  eta 9.9m
  [ 28/145] D202608050940 nodes= 83993 links= 61256 surch=  709 wet= 21445 max=2.35m  eta 9.9m
  [ 29/145] D202608050950 nodes= 84792 links= 62323 surch=  791 wet= 22432 max=2.35m  eta 9.9m
  [ 30/145] D202608051000 nodes= 85396 links= 62585 surch=  855 wet= 23550 max=2.35m  eta 9.9m
  [ 31/145] D202608051010 nodes= 84029 links= 57964 surch=  802 wet= 24563 max=2.35m  eta 9.8m
  [ 32/145] D202608051020 nodes= 82865 links= 53953 surch=  758 wet= 25354 max=2.34m  eta 9.8m
  [ 33/145] D202608051030 nodes= 81764 links= 50511 surch=  697 wet= 26099 max=2.34m  eta 9.7m
  [ 34/145] D202608051040 nodes= 80886 links= 47742 surch=  667 wet= 26603 max=2.34m  eta 9.7m
  [ 35/145] D202608051050 nodes= 79958 links= 45589 surch=  642 wet= 27122 max=2.34m  eta 9.6m
  [ 36/145] D202608051100 nodes= 79186 links= 43611 surch=  604 wet= 27332 max=2.34m  eta 9.5m
  [ 37/145] D202608051110 nodes= 78371 links= 41812 surch=  580 wet= 27514 max=2.34m  eta 9.4m
  [ 38/145] D202608051120 nodes= 77610 links= 39975 surch=  558 wet= 27722 max=2.34m  eta 9.3m
  [ 39/145] D202608051130 nodes= 76967 links= 38505 surch=  525 wet= 27911 max=2.34m  eta 9.2m
  [ 40/145] D202608051140 nodes= 76342 links= 37014 surch=  504 wet= 27991 max=2.34m  eta 9.1m
  [ 41/145] D202608051150 nodes= 75764 links= 35779 surch=  492 wet= 28098 max=2.34m  eta 9.0m
  [ 42/145] D202608051200 nodes= 75248 links= 34853 surch=  478 wet= 28164 max=2.34m  eta 8.9m
  [ 43/145] D202608051210 nodes= 74669 links= 33653 surch=  459 wet= 28200 max=2.34m  eta 8.8m
  [ 44/145] D202608051220 nodes= 74095 links= 32448 surch=  447 wet= 28240 max=2.34m  eta 8.7m
  [ 45/145] D202608051230 nodes= 73584 links= 31530 surch=  437 wet= 28269 max=2.34m  eta 8.6m
  [ 46/145] D202608051240 nodes= 73167 links= 30839 surch=  422 wet= 28301 max=2.34m  eta 8.5m
  [ 47/145] D202608051250 nodes= 72776 links= 29781 surch=  416 wet= 28286 max=2.34m  eta 8.3m
  [ 48/145] D202608051300 nodes= 72318 links= 29098 surch=  416 wet= 28279 max=2.34m  eta 8.3m
  [ 49/145] D202608051310 nodes= 71834 links= 28281 surch=  398 wet= 28273 max=2.34m  eta 8.2m
  [ 50/145] D202608051320 nodes= 71351 links= 27397 surch=  390 wet= 28279 max=2.34m  eta 8.0m
  [ 51/145] D202608051330 nodes= 70918 links= 26811 surch=  389 wet= 28279 max=2.34m  eta 7.9m
  [ 52/145] D202608051340 nodes= 70503 links= 26002 surch=  377 wet= 28240 max=2.34m  eta 7.8m
  [ 53/145] D202608051350 nodes= 70101 links= 25502 surch=  371 wet= 28167 max=2.34m  eta 7.7m
  [ 54/145] D202608051400 nodes= 69739 links= 25002 surch=  352 wet= 28139 max=2.34m  eta 7.6m
  [ 55/145] D202608051410 nodes= 69573 links= 24723 surch=  366 wet= 28133 max=2.34m  eta 7.5m
  [ 56/145] D202608051420 nodes= 69422 links= 24546 surch=  364 wet= 28135 max=2.34m  eta 7.4m
  [ 57/145] D202608051430 nodes= 69343 links= 24225 surch=  357 wet= 28092 max=2.34m  eta 7.3m
  [ 58/145] D202608051440 nodes= 69276 links= 23952 surch=  359 wet= 28064 max=2.34m  eta 7.1m
  [ 59/145] D202608051450 nodes= 69291 links= 23689 surch=  361 wet= 28039 max=2.34m  eta 7.0m
  [ 60/145] D202608051500 nodes= 69256 links= 23683 surch=  358 wet= 28045 max=2.34m  eta 6.9m
  [ 61/145] D202608051510 nodes= 68894 links= 23141 surch=  348 wet= 28022 max=2.34m  eta 6.8m
  [ 62/145] D202608051520 nodes= 68679 links= 22723 surch=  338 wet= 28026 max=2.34m  eta 6.7m
  [ 63/145] D202608051530 nodes= 68470 links= 22393 surch=  337 wet= 28040 max=2.34m  eta 6.6m
  [ 64/145] D202608051540 nodes= 68261 links= 21962 surch=  338 wet= 28026 max=2.34m  eta 6.5m
  [ 65/145] D202608051550 nodes= 68025 links= 21382 surch=  328 wet= 28011 max=2.34m  eta 6.4m
  [ 66/145] D202608051600 nodes= 67783 links= 21149 surch=  320 wet= 27972 max=2.34m  eta 6.4m
  [ 67/145] D202608051610 nodes= 67587 links= 20871 surch=  320 wet= 27973 max=2.34m  eta 6.3m
  [ 68/145] D202608051620 nodes= 67384 links= 20359 surch=  322 wet= 27969 max=2.34m  eta 6.2m
  [ 69/145] D202608051630 nodes= 67188 links= 20125 surch=  323 wet= 27936 max=2.34m  eta 6.1m
  [ 70/145] D202608051640 nodes= 66994 links= 19864 surch=  315 wet= 27918 max=2.34m  eta 6.0m
  [ 71/145] D202608051650 nodes= 66849 links= 19427 surch=  320 wet= 27902 max=2.34m  eta 5.9m
  [ 72/145] D202608051700 nodes= 66705 links= 19273 surch=  318 wet= 27887 max=2.34m  eta 5.8m
  [ 73/145] D202608051710 nodes= 66574 links= 18957 surch=  312 wet= 27862 max=2.34m  eta 5.7m
  [ 74/145] D202608051720 nodes= 66445 links= 18794 surch=  311 wet= 27819 max=2.34m  eta 5.6m
  [ 75/145] D202608051730 nodes= 66325 links= 18551 surch=  303 wet= 27771 max=2.33m  eta 5.5m
  [ 76/145] D202608051740 nodes= 66187 links= 18381 surch=  303 wet= 27750 max=2.34m  eta 5.4m
  [ 77/145] D202608051750 nodes= 66045 links= 18274 surch=  304 wet= 27728 max=2.33m  eta 5.3m
  [ 78/145] D202608051800 nodes= 65896 links= 17824 surch=  301 wet= 27718 max=2.34m  eta 5.2m
  [ 79/145] D202608051810 nodes= 65687 links= 17612 surch=  291 wet= 27737 max=2.33m  eta 5.1m
  [ 80/145] D202608051820 nodes= 65532 links= 17336 surch=  284 wet= 27679 max=2.33m  eta 5.0m
  [ 81/145] D202608051830 nodes= 65339 links= 16972 surch=  286 wet= 27657 max=2.33m  eta 4.9m
  [ 82/145] D202608051840 nodes= 65198 links= 16499 surch=  276 wet= 27659 max=2.33m  eta 4.8m
  [ 83/145] D202608051850 nodes= 65022 links= 16130 surch=  276 wet= 27620 max=2.33m  eta 4.7m
  [ 84/145] D202608051900 nodes= 64817 links= 15875 surch=  271 wet= 27583 max=2.33m  eta 4.6m
  [ 85/145] D202608051910 nodes= 64678 links= 15760 surch=  266 wet= 27556 max=2.33m  eta 4.6m
  [ 86/145] D202608051920 nodes= 64527 links= 15567 surch=  267 wet= 27534 max=2.33m  eta 4.5m
  [ 87/145] D202608051930 nodes= 64406 links= 15315 surch=  247 wet= 27519 max=2.33m  eta 4.4m
  [ 88/145] D202608051940 nodes= 64240 links= 15033 surch=  248 wet= 27508 max=2.33m  eta 4.3m
  [ 89/145] D202608051950 nodes= 64069 links= 14798 surch=  240 wet= 27507 max=2.33m  eta 4.2m
  [ 90/145] D202608052000 nodes= 63976 links= 14621 surch=  234 wet= 27502 max=2.33m  eta 4.1m
  [ 91/145] D202608052010 nodes= 63857 links= 14450 surch=  229 wet= 27470 max=2.33m  eta 4.0m
  [ 92/145] D202608052020 nodes= 63720 links= 14270 surch=  225 wet= 27436 max=2.33m  eta 3.9m
  [ 93/145] D202608052030 nodes= 63614 links= 14056 surch=  226 wet= 27378 max=2.33m  eta 3.8m
  [ 94/145] D202608052040 nodes= 63487 links= 14003 surch=  225 wet= 27368 max=2.33m  eta 3.8m
  [ 95/145] D202608052050 nodes= 63404 links= 13809 surch=  215 wet= 27330 max=2.33m  eta 3.7m
  [ 96/145] D202608052100 nodes= 63264 links= 13754 surch=  209 wet= 27283 max=2.33m  eta 3.6m
  [ 97/145] D202608052110 nodes= 63143 links= 13458 surch=  213 wet= 27262 max=2.33m  eta 3.5m
  [ 98/145] D202608052120 nodes= 63032 links= 13365 surch=  212 wet= 27241 max=2.33m  eta 3.4m
  [ 99/145] D202608052130 nodes= 62898 links= 13147 surch=  210 wet= 27229 max=2.33m  eta 3.3m
  [100/145] D202608052140 nodes= 62815 links= 13037 surch=  207 wet= 27197 max=2.33m  eta 3.3m
  [101/145] D202608052150 nodes= 62690 links= 12884 surch=  209 wet= 27170 max=2.33m  eta 3.2m
  [102/145] D202608052200 nodes= 62579 links= 12667 surch=  209 wet= 27134 max=2.33m  eta 3.1m
  [103/145] D202608052210 nodes= 62465 links= 12456 surch=  206 wet= 27110 max=2.33m  eta 3.0m
  [104/145] D202608052220 nodes= 62384 links= 12339 surch=  211 wet= 27095 max=2.33m  eta 2.9m
  [105/145] D202608052230 nodes= 62323 links= 12250 surch=  209 wet= 27042 max=2.33m  eta 2.8m
  [106/145] D202608052240 nodes= 62221 links= 11999 surch=  208 wet= 27008 max=2.33m  eta 2.8m
  [107/145] D202608052250 nodes= 62157 links= 11902 surch=  208 wet= 26980 max=2.33m  eta 2.7m
  [108/145] D202608052300 nodes= 62088 links= 11873 surch=  203 wet= 26951 max=2.33m  eta 2.6m
  [109/145] D202608052310 nodes= 77964 links= 58616 surch=  338 wet= 27481 max=2.33m  eta 2.5m
  [110/145] D202608052320 nodes= 85465 links= 72352 surch=  612 wet= 29190 max=2.33m  eta 2.5m
  [111/145] D202608052330 nodes= 90658 links= 78567 surch= 1071 wet= 32298 max=2.33m  eta 2.4m
  [112/145] D202608052340 nodes= 93896 links= 83737 surch= 1537 wet= 36285 max=2.33m  eta 2.4m
  [113/145] D202608052350 nodes= 95864 links= 86146 surch= 1909 wet= 40498 max=2.33m  eta 2.3m
  [114/145] D202608060000 nodes= 97217 links= 88282 surch= 2189 wet= 45035 max=2.34m  eta 2.3m
  [115/145] D202608060010 nodes= 96859 links= 84835 surch= 2082 wet= 48174 max=2.33m  eta 2.2m
  [116/145] D202608060020 nodes= 96510 links= 83935 surch= 2024 wet= 50511 max=2.34m  eta 2.1m
  [117/145] D202608060030 nodes= 96305 links= 82930 surch= 1953 wet= 52660 max=2.33m  eta 2.1m
  [118/145] D202608060040 nodes= 96038 links= 82342 surch= 1891 wet= 54445 max=2.34m  eta 2.0m
  [119/145] D202608060050 nodes= 95942 links= 82116 surch= 1883 wet= 56088 max=2.34m  eta 1.9m
  [120/145] D202608060100 nodes= 95833 links= 81379 surch= 1881 wet= 57832 max=2.34m  eta 1.9m
  [121/145] D202608060110 nodes= 94654 links= 77495 surch= 1708 wet= 58925 max=2.34m  eta 1.8m
  [122/145] D202608060120 nodes= 93663 links= 74715 surch= 1586 wet= 59659 max=2.34m  eta 1.7m
  [123/145] D202608060130 nodes= 92723 links= 72594 surch= 1511 wet= 60210 max=2.34m  eta 1.7m
  [124/145] D202608060140 nodes= 91935 links= 71000 surch= 1432 wet= 60532 max=2.34m  eta 1.6m
  [125/145] D202608060150 nodes= 91262 links= 69574 surch= 1355 wet= 60917 max=2.34m  eta 1.5m
  [126/145] D202608060200 nodes= 90723 links= 68455 surch= 1324 wet= 61227 max=2.34m  eta 1.4m
  [127/145] D202608060210 nodes= 90329 links= 67716 surch= 1276 wet= 61488 max=2.34m  eta 1.4m
  [128/145] D202608060220 nodes= 89984 links= 67040 surch= 1259 wet= 61877 max=2.34m  eta 1.3m
  [129/145] D202608060230 nodes= 89637 links= 66539 surch= 1242 wet= 62074 max=2.34m  eta 1.2m
  [130/145] D202608060240 nodes= 89409 links= 66292 surch= 1234 wet= 62417 max=2.34m  eta 1.1m
  [131/145] D202608060250 nodes= 89169 links= 65981 surch= 1216 wet= 62760 max=2.34m  eta 1.1m
  [132/145] D202608060300 nodes= 89010 links= 65792 surch= 1220 wet= 63002 max=2.34m  eta 1.0m
  [133/145] D202608060310 nodes= 88927 links= 65970 surch= 1221 wet= 63264 max=2.34m  eta 0.9m
  [134/145] D202608060320 nodes= 88898 links= 65956 surch= 1216 wet= 63695 max=2.34m  eta 0.8m
  [135/145] D202608060330 nodes= 88807 links= 65472 surch= 1218 wet= 64118 max=2.34m  eta 0.7m
  [136/145] D202608060340 nodes= 88755 links= 65887 surch= 1217 wet= 64499 max=2.34m  eta 0.7m
  [137/145] D202608060350 nodes= 88682 links= 65880 surch= 1223 wet= 64775 max=2.33m  eta 0.6m
  [138/145] D202608060400 nodes= 88603 links= 65818 surch= 1216 wet= 65059 max=2.34m  eta 0.5m
  [139/145] D202608060410 nodes= 88223 links= 64409 surch= 1212 wet= 65310 max=2.34m  eta 0.4m
  [140/145] D202608060420 nodes= 87892 links= 63437 surch= 1168 wet= 65541 max=2.34m  eta 0.3m
  [141/145] D202608060430 nodes= 87635 links= 62809 surch= 1166 wet= 65760 max=2.33m  eta 0.3m
  [142/145] D202608060440 nodes= 87448 links= 62320 surch= 1151 wet= 65987 max=2.33m  eta 0.2m
  [143/145] D202608060450 nodes= 87247 links= 61939 surch= 1132 wet= 66140 max=2.33m  eta 0.1m
  [144/145] D202608060500 nodes= 87004 links= 61688 surch= 1116 wet= 66274 max=2.33m  eta 0.0m

wrote 145 frames, 248.2 MB → /home/meet/Meet/floodtwin3/drainage/live
window starts 2026-08-05T05:00:00+05:30 (run newmodel_partner_daily_20260804_233000_343f7298)
=== exit 0 ===
=== 2026-08-05T05:40:01+05:30 refresh ===
target network: 118768 nodes / 139798 links, grid 768² over [76.92743352153221, 28.323950850966828, 77.18375956125723, 28.547085653307686]
run newmodel_partner_daily_20260804_233000_343f7298: 145 frames @ 10.0 min
already up to date (newmodel_partner_daily_20260804_233000_343f7298, 145 frames) — nothing to do
=== exit 0 ===
=== 2026-08-05T06:00:01+05:30 refresh ===
target network: 118768 nodes / 139798 links, grid 768² over [76.92743352153221, 28.323950850966828, 77.18375956125723, 28.547085653307686]
run newmodel_partner_daily_20260804_233000_343f7298: 145 frames @ 10.0 min
already up to date (newmodel_partner_daily_20260804_233000_343f7298, 145 frames) — nothing to do
=== exit 0 ===
=== 2026-08-05T06:20:01+05:30 refresh ===
target network: 118768 nodes / 139798 links, grid 768² over [76.92743352153221, 28.323950850966828, 77.18375956125723, 28.547085653307686]
run newmodel_partner_daily_20260804_233000_343f7298: 145 frames @ 10.0 min
already up to date (newmodel_partner_daily_20260804_233000_343f7298, 145 frames) — nothing to do
=== exit 0 ===
=== 2026-08-05T06:40:01+05:30 refresh ===
target network: 118768 nodes / 139798 links, grid 768² over [76.92743352153221, 28.323950850966828, 77.18375956125723, 28.547085653307686]
run newmodel_partner_daily_20260804_233000_343f7298: 145 frames @ 10.0 min
already up to date (newmodel_partner_daily_20260804_233000_343f7298, 145 frames) — nothing to do
=== exit 0 ===
=== 2026-08-05T07:00:01+05:30 refresh ===
target network: 118768 nodes / 139798 links, grid 768² over [76.92743352153221, 28.323950850966828, 77.18375956125723, 28.547085653307686]
run newmodel_partner_daily_20260804_233000_343f7298: 145 frames @ 10.0 min
already up to date (newmodel_partner_daily_20260804_233000_343f7298, 145 frames) — nothing to do
=== exit 0 ===
=== 2026-08-05T07:20:01+05:30 refresh ===
target network: 118768 nodes / 139798 links, grid 768² over [76.92743352153221, 28.323950850966828, 77.18375956125723, 28.547085653307686]
run newmodel_partner_daily_20260804_233000_343f7298: 145 frames @ 10.0 min
already up to date (newmodel_partner_daily_20260804_233000_343f7298, 145 frames) — nothing to do
=== exit 0 ===
=== 2026-08-05T07:40:01+05:30 refresh ===
target network: 118768 nodes / 139798 links, grid 768² over [76.92743352153221, 28.323950850966828, 77.18375956125723, 28.547085653307686]
run newmodel_partner_daily_20260804_233000_343f7298: 145 frames @ 10.0 min
already up to date (newmodel_partner_daily_20260804_233000_343f7298, 145 frames) — nothing to do
=== exit 0 ===
=== 2026-08-05T08:00:01+05:30 refresh ===
target network: 118768 nodes / 139798 links, grid 768² over [76.92743352153221, 28.323950850966828, 77.18375956125723, 28.547085653307686]
run newmodel_partner_daily_20260804_233000_343f7298: 145 frames @ 10.0 min
already up to date (newmodel_partner_daily_20260804_233000_343f7298, 145 frames) — nothing to do
=== exit 0 ===
=== 2026-08-05T08:20:01+05:30 refresh ===
target network: 118768 nodes / 139798 links, grid 768² over [76.92743352153221, 28.323950850966828, 77.18375956125723, 28.547085653307686]
run newmodel_partner_daily_20260804_233000_343f7298: 145 frames @ 10.0 min
already up to date (newmodel_partner_daily_20260804_233000_343f7298, 145 frames) — nothing to do
=== exit 0 ===
=== 2026-08-05T08:40:01+05:30 refresh ===
target network: 118768 nodes / 139798 links, grid 768² over [76.92743352153221, 28.323950850966828, 77.18375956125723, 28.547085653307686]
run newmodel_partner_daily_20260804_233000_343f7298: 145 frames @ 10.0 min
already up to date (newmodel_partner_daily_20260804_233000_343f7298, 145 frames) — nothing to do
=== exit 0 ===
=== 2026-08-05T09:00:01+05:30 refresh ===
target network: 118768 nodes / 139798 links, grid 768² over [76.92743352153221, 28.323950850966828, 77.18375956125723, 28.547085653307686]
run newmodel_partner_daily_20260804_233000_343f7298: 145 frames @ 10.0 min
already up to date (newmodel_partner_daily_20260804_233000_343f7298, 145 frames) — nothing to do
=== exit 0 ===
=== 2026-08-05T09:20:01+05:30 refresh ===
target network: 118768 nodes / 139798 links, grid 768² over [76.92743352153221, 28.323950850966828, 77.18375956125723, 28.547085653307686]
run newmodel_partner_daily_20260804_233000_343f7298: 145 frames @ 10.0 min
already up to date (newmodel_partner_daily_20260804_233000_343f7298, 145 frames) — nothing to do
=== exit 0 ===
=== 2026-08-05T09:40:01+05:30 refresh ===
target network: 118768 nodes / 139798 links, grid 768² over [76.92743352153221, 28.323950850966828, 77.18375956125723, 28.547085653307686]
run newmodel_partner_daily_20260804_233000_343f7298: 145 frames @ 10.0 min
already up to date (newmodel_partner_daily_20260804_233000_343f7298, 145 frames) — nothing to do
=== exit 0 ===
=== 2026-08-05T10:00:01+05:30 refresh ===
target network: 118768 nodes / 139798 links, grid 768² over [76.92743352153221, 28.323950850966828, 77.18375956125723, 28.547085653307686]
run newmodel_partner_daily_20260804_233000_343f7298: 145 frames @ 10.0 min
already up to date (newmodel_partner_daily_20260804_233000_343f7298, 145 frames) — nothing to do
=== exit 0 ===
=== 2026-08-05T10:20:01+05:30 refresh ===
target network: 118768 nodes / 139798 links, grid 768² over [76.92743352153221, 28.323950850966828, 77.18375956125723, 28.547085653307686]
run newmodel_partner_daily_20260804_233000_343f7298: 145 frames @ 10.0 min
already up to date (newmodel_partner_daily_20260804_233000_343f7298, 145 frames) — nothing to do
=== exit 0 ===
=== 2026-08-05T10:40:01+05:30 refresh ===
target network: 118768 nodes / 139798 links, grid 768² over [76.92743352153221, 28.323950850966828, 77.18375956125723, 28.547085653307686]
run newmodel_partner_daily_20260804_233000_343f7298: 145 frames @ 10.0 min
already up to date (newmodel_partner_daily_20260804_233000_343f7298, 145 frames) — nothing to do
=== exit 0 ===
=== 2026-08-05T11:00:01+05:30 refresh ===
target network: 118768 nodes / 139798 links, grid 768² over [76.92743352153221, 28.323950850966828, 77.18375956125723, 28.547085653307686]
run newmodel_partner_daily_20260804_233000_343f7298: 145 frames @ 10.0 min
already up to date (newmodel_partner_daily_20260804_233000_343f7298, 145 frames) — nothing to do
=== exit 0 ===
=== 2026-08-05T11:20:01+05:30 refresh ===
target network: 118768 nodes / 139798 links, grid 768² over [76.92743352153221, 28.323950850966828, 77.18375956125723, 28.547085653307686]
run newmodel_partner_daily_20260804_233000_343f7298: 145 frames @ 10.0 min
already up to date (newmodel_partner_daily_20260804_233000_343f7298, 145 frames) — nothing to do
=== exit 0 ===
=== 2026-08-05T11:40:01+05:30 refresh ===
target network: 118768 nodes / 139798 links, grid 768² over [76.92743352153221, 28.323950850966828, 77.18375956125723, 28.547085653307686]
run newmodel_partner_daily_20260804_233000_343f7298: 145 frames @ 10.0 min
already up to date (newmodel_partner_daily_20260804_233000_343f7298, 145 frames) — nothing to do
=== exit 0 ===
=== 2026-08-05T12:00:01+05:30 refresh ===
target network: 118768 nodes / 139798 links, grid 768² over [76.92743352153221, 28.323950850966828, 77.18375956125723, 28.547085653307686]
run newmodel_partner_daily_20260804_233000_343f7298: 145 frames @ 10.0 min
already up to date (newmodel_partner_daily_20260804_233000_343f7298, 145 frames) — nothing to do
=== exit 0 ===
=== 2026-08-05T12:20:01+05:30 refresh ===
target network: 118768 nodes / 139798 links, grid 768² over [76.92743352153221, 28.323950850966828, 77.18375956125723, 28.547085653307686]
run newmodel_partner_daily_20260804_233000_343f7298: 145 frames @ 10.0 min
already up to date (newmodel_partner_daily_20260804_233000_343f7298, 145 frames) — nothing to do
=== exit 0 ===
=== 2026-08-05T12:40:01+05:30 refresh ===
target network: 118768 nodes / 139798 links, grid 768² over [76.92743352153221, 28.323950850966828, 77.18375956125723, 28.547085653307686]
run newmodel_partner_daily_20260804_233000_343f7298: 145 frames @ 10.0 min
already up to date (newmodel_partner_daily_20260804_233000_343f7298, 145 frames) — nothing to do
=== exit 0 ===
=== 2026-08-05T13:00:01+05:30 refresh ===
target network: 118768 nodes / 139798 links, grid 768² over [76.92743352153221, 28.323950850966828, 77.18375956125723, 28.547085653307686]
run newmodel_partner_daily_20260804_233000_343f7298: 145 frames @ 10.0 min
already up to date (newmodel_partner_daily_20260804_233000_343f7298, 145 frames) — nothing to do
=== exit 0 ===
=== 2026-08-05T13:20:01+05:30 refresh ===
target network: 118768 nodes / 139798 links, grid 768² over [76.92743352153221, 28.323950850966828, 77.18375956125723, 28.547085653307686]
run newmodel_partner_daily_20260804_233000_343f7298: 145 frames @ 10.0 min
already up to date (newmodel_partner_daily_20260804_233000_343f7298, 145 frames) — nothing to do
=== exit 0 ===
=== 2026-08-05T13:40:01+05:30 refresh ===
target network: 118768 nodes / 139798 links, grid 768² over [76.92743352153221, 28.323950850966828, 77.18375956125723, 28.547085653307686]
run newmodel_partner_daily_20260804_233000_343f7298: 145 frames @ 10.0 min
already up to date (newmodel_partner_daily_20260804_233000_343f7298, 145 frames) — nothing to do
=== exit 0 ===
=== 2026-08-05T14:00:01+05:30 refresh ===
target network: 118768 nodes / 139798 links, grid 768² over [76.92743352153221, 28.323950850966828, 77.18375956125723, 28.547085653307686]
run newmodel_partner_daily_20260804_233000_343f7298: 145 frames @ 10.0 min
already up to date (newmodel_partner_daily_20260804_233000_343f7298, 145 frames) — nothing to do
=== exit 0 ===
=== 2026-08-05T14:20:01+05:30 refresh ===
target network: 118768 nodes / 139798 links, grid 768² over [76.92743352153221, 28.323950850966828, 77.18375956125723, 28.547085653307686]
run newmodel_partner_daily_20260804_233000_343f7298: 145 frames @ 10.0 min
already up to date (newmodel_partner_daily_20260804_233000_343f7298, 145 frames) — nothing to do
=== exit 0 ===
=== 2026-08-05T14:40:01+05:30 refresh ===
target network: 118768 nodes / 139798 links, grid 768² over [76.92743352153221, 28.323950850966828, 77.18375956125723, 28.547085653307686]
run newmodel_partner_daily_20260804_233000_343f7298: 145 frames @ 10.0 min
already up to date (newmodel_partner_daily_20260804_233000_343f7298, 145 frames) — nothing to do
=== exit 0 ===
=== 2026-08-05T15:00:01+05:30 refresh ===
target network: 118768 nodes / 139798 links, grid 768² over [76.92743352153221, 28.323950850966828, 77.18375956125723, 28.547085653307686]
run newmodel_partner_daily_20260804_233000_343f7298: 145 frames @ 10.0 min
already up to date (newmodel_partner_daily_20260804_233000_343f7298, 145 frames) — nothing to do
=== exit 0 ===
=== 2026-08-05T15:20:01+05:30 refresh ===
target network: 118768 nodes / 139798 links, grid 768² over [76.92743352153221, 28.323950850966828, 77.18375956125723, 28.547085653307686]
run newmodel_partner_daily_20260804_233000_343f7298: 145 frames @ 10.0 min
already up to date (newmodel_partner_daily_20260804_233000_343f7298, 145 frames) — nothing to do
=== exit 0 ===
=== 2026-08-05T15:40:01+05:30 refresh ===
target network: 118768 nodes / 139798 links, grid 768² over [76.92743352153221, 28.323950850966828, 77.18375956125723, 28.547085653307686]
run newmodel_partner_daily_20260804_233000_343f7298: 145 frames @ 10.0 min
already up to date (newmodel_partner_daily_20260804_233000_343f7298, 145 frames) — nothing to do
=== exit 0 ===
=== 2026-08-05T16:00:01+05:30 refresh ===
target network: 118768 nodes / 139798 links, grid 768² over [76.92743352153221, 28.323950850966828, 77.18375956125723, 28.547085653307686]
run newmodel_partner_daily_20260804_233000_343f7298: 145 frames @ 10.0 min
already up to date (newmodel_partner_daily_20260804_233000_343f7298, 145 frames) — nothing to do
=== exit 0 ===
=== 2026-08-05T16:20:01+05:30 refresh ===
target network: 118768 nodes / 139798 links, grid 768² over [76.92743352153221, 28.323950850966828, 77.18375956125723, 28.547085653307686]
run newmodel_partner_daily_20260804_233000_343f7298: 145 frames @ 10.0 min
already up to date (newmodel_partner_daily_20260804_233000_343f7298, 145 frames) — nothing to do
=== exit 0 ===
=== 2026-08-05T16:40:01+05:30 refresh ===
target network: 118768 nodes / 139798 links, grid 768² over [76.92743352153221, 28.323950850966828, 77.18375956125723, 28.547085653307686]
run newmodel_partner_daily_20260804_233000_343f7298: 145 frames @ 10.0 min
already up to date (newmodel_partner_daily_20260804_233000_343f7298, 145 frames) — nothing to do
=== exit 0 ===
=== 2026-08-05T17:00:01+05:30 refresh ===
target network: 118768 nodes / 139798 links, grid 768² over [76.92743352153221, 28.323950850966828, 77.18375956125723, 28.547085653307686]
run newmodel_partner_daily_20260804_233000_343f7298: 145 frames @ 10.0 min
already up to date (newmodel_partner_daily_20260804_233000_343f7298, 145 frames) — nothing to do
=== exit 0 ===
=== 2026-08-05T17:20:01+05:30 refresh ===
target network: 118768 nodes / 139798 links, grid 768² over [76.92743352153221, 28.323950850966828, 77.18375956125723, 28.547085653307686]
run newmodel_partner_daily_20260804_233000_343f7298: 145 frames @ 10.0 min
already up to date (newmodel_partner_daily_20260804_233000_343f7298, 145 frames) — nothing to do
=== exit 0 ===
=== 2026-08-05T17:40:01+05:30 refresh ===
target network: 118768 nodes / 139798 links, grid 768² over [76.92743352153221, 28.323950850966828, 77.18375956125723, 28.547085653307686]
run newmodel_partner_daily_20260804_233000_343f7298: 145 frames @ 10.0 min
already up to date (newmodel_partner_daily_20260804_233000_343f7298, 145 frames) — nothing to do
=== exit 0 ===
=== 2026-08-05T18:00:01+05:30 refresh ===
target network: 118768 nodes / 139798 links, grid 768² over [76.92743352153221, 28.323950850966828, 77.18375956125723, 28.547085653307686]
run newmodel_partner_daily_20260804_233000_343f7298: 145 frames @ 10.0 min
already up to date (newmodel_partner_daily_20260804_233000_343f7298, 145 frames) — nothing to do
=== exit 0 ===
=== 2026-08-05T18:20:01+05:30 refresh ===
target network: 118768 nodes / 139798 links, grid 768² over [76.92743352153221, 28.323950850966828, 77.18375956125723, 28.547085653307686]
run newmodel_partner_daily_20260804_233000_343f7298: 145 frames @ 10.0 min
already up to date (newmodel_partner_daily_20260804_233000_343f7298, 145 frames) — nothing to do
=== exit 0 ===
=== 2026-08-05T18:40:01+05:30 refresh ===
target network: 118768 nodes / 139798 links, grid 768² over [76.92743352153221, 28.323950850966828, 77.18375956125723, 28.547085653307686]
run newmodel_partner_daily_20260804_233000_343f7298: 145 frames @ 10.0 min
already up to date (newmodel_partner_daily_20260804_233000_343f7298, 145 frames) — nothing to do
=== exit 0 ===
=== 2026-08-05T19:00:01+05:30 refresh ===
target network: 118768 nodes / 139798 links, grid 768² over [76.92743352153221, 28.323950850966828, 77.18375956125723, 28.547085653307686]
run newmodel_partner_daily_20260804_233000_343f7298: 145 frames @ 10.0 min
already up to date (newmodel_partner_daily_20260804_233000_343f7298, 145 frames) — nothing to do
=== exit 0 ===
=== 2026-08-05T19:20:01+05:30 refresh ===
target network: 118768 nodes / 139798 links, grid 768² over [76.92743352153221, 28.323950850966828, 77.18375956125723, 28.547085653307686]
run newmodel_partner_daily_20260804_233000_343f7298: 145 frames @ 10.0 min
already up to date (newmodel_partner_daily_20260804_233000_343f7298, 145 frames) — nothing to do
=== exit 0 ===
=== 2026-08-05T19:40:01+05:30 refresh ===
target network: 118768 nodes / 139798 links, grid 768² over [76.92743352153221, 28.323950850966828, 77.18375956125723, 28.547085653307686]
run newmodel_partner_daily_20260804_233000_343f7298: 145 frames @ 10.0 min
already up to date (newmodel_partner_daily_20260804_233000_343f7298, 145 frames) — nothing to do
=== exit 0 ===
=== 2026-08-05T20:00:01+05:30 refresh ===
target network: 118768 nodes / 139798 links, grid 768² over [76.92743352153221, 28.323950850966828, 77.18375956125723, 28.547085653307686]
run newmodel_partner_daily_20260804_233000_343f7298: 145 frames @ 10.0 min
already up to date (newmodel_partner_daily_20260804_233000_343f7298, 145 frames) — nothing to do
=== exit 0 ===
=== 2026-08-05T20:20:01+05:30 refresh ===
target network: 118768 nodes / 139798 links, grid 768² over [76.92743352153221, 28.323950850966828, 77.18375956125723, 28.547085653307686]
run newmodel_partner_daily_20260804_233000_343f7298: 145 frames @ 10.0 min
already up to date (newmodel_partner_daily_20260804_233000_343f7298, 145 frames) — nothing to do
=== exit 0 ===
=== 2026-08-05T20:40:01+05:30 refresh ===
target network: 118768 nodes / 139798 links, grid 768² over [76.92743352153221, 28.323950850966828, 77.18375956125723, 28.547085653307686]
run newmodel_partner_daily_20260804_233000_343f7298: 145 frames @ 10.0 min
already up to date (newmodel_partner_daily_20260804_233000_343f7298, 145 frames) — nothing to do
=== exit 0 ===
=== 2026-08-05T21:00:01+05:30 refresh ===
target network: 118768 nodes / 139798 links, grid 768² over [76.92743352153221, 28.323950850966828, 77.18375956125723, 28.547085653307686]
run newmodel_partner_daily_20260804_233000_343f7298: 145 frames @ 10.0 min
already up to date (newmodel_partner_daily_20260804_233000_343f7298, 145 frames) — nothing to do
=== exit 0 ===
=== 2026-08-05T21:20:01+05:30 refresh ===
target network: 118768 nodes / 139798 links, grid 768² over [76.92743352153221, 28.323950850966828, 77.18375956125723, 28.547085653307686]
run newmodel_partner_daily_20260804_233000_343f7298: 145 frames @ 10.0 min
already up to date (newmodel_partner_daily_20260804_233000_343f7298, 145 frames) — nothing to do
=== exit 0 ===
=== 2026-08-05T21:40:02+05:30 refresh ===
target network: 118768 nodes / 139798 links, grid 768² over [76.92743352153221, 28.323950850966828, 77.18375956125723, 28.547085653307686]
run newmodel_partner_daily_20260804_233000_343f7298: 145 frames @ 10.0 min
already up to date (newmodel_partner_daily_20260804_233000_343f7298, 145 frames) — nothing to do
=== exit 0 ===
=== 2026-08-05T22:00:01+05:30 refresh ===
target network: 118768 nodes / 139798 links, grid 768² over [76.92743352153221, 28.323950850966828, 77.18375956125723, 28.547085653307686]
run newmodel_partner_daily_20260804_233000_343f7298: 145 frames @ 10.0 min
already up to date (newmodel_partner_daily_20260804_233000_343f7298, 145 frames) — nothing to do
=== exit 0 ===
=== 2026-08-05T22:20:01+05:30 refresh ===
target network: 118768 nodes / 139798 links, grid 768² over [76.92743352153221, 28.323950850966828, 77.18375956125723, 28.547085653307686]
run newmodel_partner_daily_20260804_233000_343f7298: 145 frames @ 10.0 min
already up to date (newmodel_partner_daily_20260804_233000_343f7298, 145 frames) — nothing to do
=== exit 0 ===
=== 2026-08-05T22:40:01+05:30 refresh ===
target network: 118768 nodes / 139798 links, grid 768² over [76.92743352153221, 28.323950850966828, 77.18375956125723, 28.547085653307686]
run newmodel_partner_daily_20260804_233000_343f7298: 145 frames @ 10.0 min
already up to date (newmodel_partner_daily_20260804_233000_343f7298, 145 frames) — nothing to do
=== exit 0 ===
=== 2026-08-05T23:00:01+05:30 refresh ===
target network: 118768 nodes / 139798 links, grid 768² over [76.92743352153221, 28.323950850966828, 77.18375956125723, 28.547085653307686]
run newmodel_partner_daily_20260804_233000_343f7298: 145 frames @ 10.0 min
already up to date (newmodel_partner_daily_20260804_233000_343f7298, 145 frames) — nothing to do
=== exit 0 ===
=== 2026-08-05T23:20:01+05:30 refresh ===
target network: 118768 nodes / 139798 links, grid 768² over [76.92743352153221, 28.323950850966828, 77.18375956125723, 28.547085653307686]
run newmodel_partner_daily_20260804_233000_343f7298: 145 frames @ 10.0 min
already up to date (newmodel_partner_daily_20260804_233000_343f7298, 145 frames) — nothing to do
=== exit 0 ===
=== 2026-08-05T23:40:01+05:30 refresh ===
target network: 118768 nodes / 139798 links, grid 768² over [76.92743352153221, 28.323950850966828, 77.18375956125723, 28.547085653307686]
run newmodel_partner_daily_20260804_233000_343f7298: 145 frames @ 10.0 min
already up to date (newmodel_partner_daily_20260804_233000_343f7298, 145 frames) — nothing to do
=== exit 0 ===
=== 2026-08-06T00:00:01+05:30 refresh ===
target network: 118768 nodes / 139798 links, grid 768² over [76.92743352153221, 28.323950850966828, 77.18375956125723, 28.547085653307686]
run newmodel_partner_daily_20260804_233000_343f7298: 145 frames @ 10.0 min
already up to date (newmodel_partner_daily_20260804_233000_343f7298, 145 frames) — nothing to do
=== exit 0 ===
=== 2026-08-06T00:20:01+05:30 refresh ===
target network: 118768 nodes / 139798 links, grid 768² over [76.92743352153221, 28.323950850966828, 77.18375956125723, 28.547085653307686]
run newmodel_partner_daily_20260804_233000_343f7298: 145 frames @ 10.0 min
already up to date (newmodel_partner_daily_20260804_233000_343f7298, 145 frames) — nothing to do
=== exit 0 ===
=== 2026-08-06T00:40:02+05:30 refresh ===
target network: 118768 nodes / 139798 links, grid 768² over [76.92743352153221, 28.323950850966828, 77.18375956125723, 28.547085653307686]
run newmodel_partner_daily_20260804_233000_343f7298: 145 frames @ 10.0 min
already up to date (newmodel_partner_daily_20260804_233000_343f7298, 145 frames) — nothing to do
=== exit 0 ===
=== 2026-08-06T01:00:01+05:30 refresh ===
target network: 118768 nodes / 139798 links, grid 768² over [76.92743352153221, 28.323950850966828, 77.18375956125723, 28.547085653307686]
run newmodel_partner_daily_20260804_233000_343f7298: 145 frames @ 10.0 min
already up to date (newmodel_partner_daily_20260804_233000_343f7298, 145 frames) — nothing to do
=== exit 0 ===
=== 2026-08-06T01:20:01+05:30 refresh ===
target network: 118768 nodes / 139798 links, grid 768² over [76.92743352153221, 28.323950850966828, 77.18375956125723, 28.547085653307686]
run newmodel_partner_daily_20260804_233000_343f7298: 145 frames @ 10.0 min
already up to date (newmodel_partner_daily_20260804_233000_343f7298, 145 frames) — nothing to do
=== exit 0 ===
=== 2026-08-06T01:40:01+05:30 refresh ===
target network: 118768 nodes / 139798 links, grid 768² over [76.92743352153221, 28.323950850966828, 77.18375956125723, 28.547085653307686]
run newmodel_partner_daily_20260804_233000_343f7298: 145 frames @ 10.0 min
already up to date (newmodel_partner_daily_20260804_233000_343f7298, 145 frames) — nothing to do
=== exit 0 ===
=== 2026-08-06T02:00:01+05:30 refresh ===
target network: 118768 nodes / 139798 links, grid 768² over [76.92743352153221, 28.323950850966828, 77.18375956125723, 28.547085653307686]
run newmodel_partner_daily_20260804_233000_343f7298: 145 frames @ 10.0 min
already up to date (newmodel_partner_daily_20260804_233000_343f7298, 145 frames) — nothing to do
=== exit 0 ===
=== 2026-08-06T02:20:01+05:30 refresh ===
target network: 118768 nodes / 139798 links, grid 768² over [76.92743352153221, 28.323950850966828, 77.18375956125723, 28.547085653307686]
run newmodel_partner_daily_20260804_233000_343f7298: 145 frames @ 10.0 min
already up to date (newmodel_partner_daily_20260804_233000_343f7298, 145 frames) — nothing to do
=== exit 0 ===
=== 2026-08-06T02:40:01+05:30 refresh ===
target network: 118768 nodes / 139798 links, grid 768² over [76.92743352153221, 28.323950850966828, 77.18375956125723, 28.547085653307686]
run newmodel_partner_daily_20260804_233000_343f7298: 145 frames @ 10.0 min
already up to date (newmodel_partner_daily_20260804_233000_343f7298, 145 frames) — nothing to do
=== exit 0 ===
=== 2026-08-06T03:00:01+05:30 refresh ===
target network: 118768 nodes / 139798 links, grid 768² over [76.92743352153221, 28.323950850966828, 77.18375956125723, 28.547085653307686]
run newmodel_partner_daily_20260804_233000_343f7298: 145 frames @ 10.0 min
already up to date (newmodel_partner_daily_20260804_233000_343f7298, 145 frames) — nothing to do
=== exit 0 ===
=== 2026-08-06T03:20:01+05:30 refresh ===
target network: 118768 nodes / 139798 links, grid 768² over [76.92743352153221, 28.323950850966828, 77.18375956125723, 28.547085653307686]
run newmodel_partner_daily_20260804_233000_343f7298: 145 frames @ 10.0 min
already up to date (newmodel_partner_daily_20260804_233000_343f7298, 145 frames) — nothing to do
=== exit 0 ===
=== 2026-08-06T03:40:01+05:30 refresh ===
target network: 118768 nodes / 139798 links, grid 768² over [76.92743352153221, 28.323950850966828, 77.18375956125723, 28.547085653307686]
run newmodel_partner_daily_20260804_233000_343f7298: 145 frames @ 10.0 min
already up to date (newmodel_partner_daily_20260804_233000_343f7298, 145 frames) — nothing to do
=== exit 0 ===
=== 2026-08-06T04:00:01+05:30 refresh ===
target network: 118768 nodes / 139798 links, grid 768² over [76.92743352153221, 28.323950850966828, 77.18375956125723, 28.547085653307686]
run newmodel_partner_daily_20260804_233000_343f7298: 145 frames @ 10.0 min
already up to date (newmodel_partner_daily_20260804_233000_343f7298, 145 frames) — nothing to do
=== exit 0 ===
=== 2026-08-06T04:20:01+05:30 refresh ===
target network: 118768 nodes / 139798 links, grid 768² over [76.92743352153221, 28.323950850966828, 77.18375956125723, 28.547085653307686]
run newmodel_partner_daily_20260804_233000_343f7298: 145 frames @ 10.0 min
already up to date (newmodel_partner_daily_20260804_233000_343f7298, 145 frames) — nothing to do
=== exit 0 ===
=== 2026-08-06T04:40:01+05:30 refresh ===
target network: 118768 nodes / 139798 links, grid 768² over [76.92743352153221, 28.323950850966828, 77.18375956125723, 28.547085653307686]
run newmodel_partner_daily_20260804_233000_343f7298: 145 frames @ 10.0 min
already up to date (newmodel_partner_daily_20260804_233000_343f7298, 145 frames) — nothing to do
=== exit 0 ===
=== 2026-08-06T05:00:01+05:30 refresh ===
target network: 118768 nodes / 139798 links, grid 768² over [76.92743352153221, 28.323950850966828, 77.18375956125723, 28.547085653307686]
run newmodel_partner_daily_20260804_233000_343f7298: 145 frames @ 10.0 min
already up to date (newmodel_partner_daily_20260804_233000_343f7298, 145 frames) — nothing to do
=== exit 0 ===
=== 2026-08-06T05:20:01+05:30 refresh ===
target network: 118768 nodes / 139798 links, grid 768² over [76.92743352153221, 28.323950850966828, 77.18375956125723, 28.547085653307686]
run newmodel_partner_daily_20260804_233000_343f7298: 145 frames @ 10.0 min
already up to date (newmodel_partner_daily_20260804_233000_343f7298, 145 frames) — nothing to do
=== exit 0 ===
=== 2026-08-06T05:40:01+05:30 refresh ===
target network: 118768 nodes / 139798 links, grid 768² over [76.92743352153221, 28.323950850966828, 77.18375956125723, 28.547085653307686]
run newmodel_partner_daily_20260805_233000_c2d6420d: 145 frames @ 10.0 min
  [  0/145] D202608060500 nodes=118732 links=102609 surch=  420 wet=   150 max=1.02m  eta 19.2m
  [  1/145] D202608060510 nodes=101567 links=100370 surch= 1374 wet= 12955 max=1.92m  eta 18.7m
  [  2/145] D202608060520 nodes=104410 links=102912 surch= 3061 wet= 22056 max=1.86m  eta 18.3m
  [  3/145] D202608060530 nodes=105851 links=104637 surch= 4108 wet= 41703 max=2.01m  eta 18.6m
  [  4/145] D202608060540 nodes=106400 links=104928 surch= 4550 wet= 61080 max=2.12m  eta 18.6m
  [  5/145] D202608060550 nodes=106939 links=105668 surch= 4865 wet= 76658 max=2.18m  eta 18.2m
  [  6/145] D202608060600 nodes=106946 links=105944 surch= 5074 wet= 89189 max=2.22m  eta 18.8m
  [  7/145] D202608060610 nodes=107312 links=106681 surch= 5323 wet=100276 max=2.27m  eta 18.8m
  [  8/145] D202608060620 nodes=107578 links=107106 surch= 5596 wet=108136 max=2.29m  eta 18.9m
  [  9/145] D202608060630 nodes=107733 links=107213 surch= 5686 wet=115001 max=2.45m  eta 19.0m
  [ 10/145] D202608060640 nodes=107868 links=107411 surch= 5784 wet=120153 max=3.11m  eta 19.1m
  [ 11/145] D202608060650 nodes=107862 links=107350 surch= 5843 wet=124218 max=3.12m  eta 19.2m
  [ 12/145] D202608060700 nodes=108184 links=107992 surch= 6016 wet=127956 max=3.97m  eta 19.1m
  [ 13/145] D202608060710 nodes=108175 links=108388 surch= 6144 wet=131213 max=5.00m  eta 19.4m
  [ 14/145] D202608060720 nodes=108341 links=108411 surch= 6273 wet=134213 max=5.99m  eta 19.6m
  [ 15/145] D202608060730 nodes=108305 links=108513 surch= 6327 wet=136711 max=6.22m  eta 19.7m
  [ 16/145] D202608060740 nodes=108450 links=108743 surch= 6434 wet=138614 max=6.23m  eta 19.7m
  [ 17/145] D202608060750 nodes=108461 links=108865 surch= 6503 wet=140581 max=6.23m  eta 19.7m
  [ 18/145] D202608060800 nodes=108543 links=108850 surch= 6530 wet=142140 max=6.85m  eta 19.7m
  [ 19/145] D202608060810 nodes=107352 links=105323 surch= 5670 wet=142198 max=7.16m  eta 19.9m
  [ 20/145] D202608060820 nodes=106453 links=103663 surch= 5221 wet=141685 max=7.14m  eta 19.8m
  [ 21/145] D202608060830 nodes=105747 links=102386 surch= 4933 wet=141313 max=7.13m  eta 19.8m
  [ 22/145] D202608060840 nodes=105241 links=101730 surch= 4770 wet=141101 max=7.11m  eta 19.7m
  [ 23/145] D202608060850 nodes=104928 links=101291 surch= 4697 wet=140815 max=7.09m  eta 19.6m
  [ 24/145] D202608060900 nodes=104722 links=100947 surch= 4632 wet=140680 max=7.07m  eta 19.6m
  [ 25/145] D202608060910 nodes=102958 links= 95534 surch= 4084 wet=139741 max=7.06m  eta 19.4m
  [ 26/145] D202608060920 nodes=101299 links= 91382 surch= 3651 wet=138753 max=7.04m  eta 19.3m
  [ 27/145] D202608060930 nodes= 99830 links= 87574 surch= 3382 wet=137855 max=7.03m  eta 19.2m
  [ 28/145] D202608060940 nodes= 98329 links= 83543 surch= 3143 wet=137009 max=7.01m  eta 19.0m
  [ 29/145] D202608060950 nodes= 96993 links= 80437 surch= 2966 wet=136266 max=7.00m  eta 18.7m
  [ 30/145] D202608061000 nodes= 95855 links= 77931 surch= 2844 wet=135686 max=6.99m  eta 18.6m
  [ 31/145] D202608061010 nodes= 94667 links= 75401 surch= 2724 wet=134943 max=6.98m  eta 18.3m
  [ 32/145] D202608061020 nodes= 93670 links= 73579 surch= 2625 wet=134155 max=6.98m  eta 18.2m
  [ 33/145] D202608061030 nodes= 92724 links= 71290 surch= 2561 wet=133599 max=6.97m  eta 17.9m
  [ 34/145] D202608061040 nodes= 91887 links= 69467 surch= 2476 wet=133064 max=6.96m  eta 17.7m
  [ 35/145] D202608061050 nodes= 91081 links= 67841 surch= 2406 wet=132558 max=6.96m  eta 17.4m
  [ 36/145] D202608061100 nodes= 90368 links= 66693 surch= 2329 wet=132140 max=6.95m  eta 17.2m
  [ 37/145] D202608061110 nodes= 89768 links= 65748 surch= 2277 wet=131747 max=6.95m  eta 17.0m
  [ 38/145] D202608061120 nodes= 89179 links= 64745 surch= 2209 wet=131372 max=6.95m  eta 16.8m
  [ 39/145] D202608061130 nodes= 88553 links= 63527 surch= 2151 wet=131006 max=6.95m  eta 16.6m
  [ 40/145] D202608061140 nodes= 88056 links= 62662 surch= 2089 wet=130584 max=6.94m  eta 16.4m
  [ 41/145] D202608061150 nodes= 87408 links= 61666 surch= 2017 wet=130191 max=6.94m  eta 16.1m
  [ 42/145] D202608061200 nodes= 86918 links= 60867 surch= 1954 wet=129695 max=6.94m  eta 15.9m
  [ 43/145] D202608061210 nodes= 86382 links= 60029 surch= 1895 wet=129372 max=6.94m  eta 15.7m
  [ 44/145] D202608061220 nodes= 85920 links= 59020 surch= 1837 wet=129036 max=6.94m  eta 15.5m
  [ 45/145] D202608061230 nodes= 85405 links= 58162 surch= 1776 wet=128756 max=6.94m  eta 15.3m
  [ 46/145] D202608061240 nodes= 84975 links= 57393 surch= 1717 wet=128394 max=6.94m  eta 15.1m
  [ 47/145] D202608061250 nodes= 84555 links= 56813 surch= 1674 wet=128174 max=6.94m  eta 14.9m
  [ 48/145] D202608061300 nodes= 84185 links= 56104 surch= 1616 wet=127941 max=6.93m  eta 14.7m
  [ 49/145] D202608061310 nodes= 83845 links= 55309 surch= 1574 wet=127610 max=6.93m  eta 14.5m
  [ 50/145] D202608061320 nodes= 83563 links= 54746 surch= 1549 wet=127414 max=6.93m  eta 14.3m
  [ 51/145] D202608061330 nodes= 83299 links= 54073 surch= 1505 wet=127136 max=6.93m  eta 14.1m
  [ 52/145] D202608061340 nodes= 83007 links= 53439 surch= 1492 wet=126960 max=6.93m  eta 13.9m
  [ 53/145] D202608061350 nodes= 82753 links= 52856 surch= 1449 wet=126724 max=6.93m  eta 13.7m
  [ 54/145] D202608061400 nodes= 82465 links= 52265 surch= 1423 wet=126507 max=6.93m  eta 13.5m
  [ 55/145] D202608061410 nodes= 82118 links= 51581 surch= 1386 wet=126226 max=6.93m  eta 13.3m
  [ 56/145] D202608061420 nodes= 81790 links= 51099 surch= 1362 wet=126085 max=6.93m  eta 13.1m
  [ 57/145] D202608061430 nodes= 81423 links= 50277 surch= 1322 wet=125898 max=6.93m  eta 12.9m
  [ 58/145] D202608061440 nodes= 81095 links= 49586 surch= 1290 wet=125673 max=6.93m  eta 12.7m
  [ 59/145] D202608061450 nodes= 80727 links= 48884 surch= 1260 wet=125476 max=6.93m  eta 12.6m
  [ 60/145] D202608061500 nodes= 80404 links= 48215 surch= 1244 wet=125205 max=6.93m  eta 12.4m
  [ 61/145] D202608061510 nodes= 80119 links= 47710 surch= 1215 wet=125017 max=6.93m  eta 12.2m
  [ 62/145] D202608061520 nodes= 79901 links= 47159 surch= 1212 wet=124838 max=6.93m  eta 12.0m
  [ 63/145] D202608061530 nodes= 79673 links= 46788 surch= 1196 wet=124607 max=6.93m  eta 11.8m
  [ 64/145] D202608061540 nodes= 79440 links= 46363 surch= 1162 wet=124423 max=6.93m  eta 11.6m
  [ 65/145] D202608061550 nodes= 79175 links= 45886 surch= 1138 wet=124230 max=6.93m  eta 11.5m
  [ 66/145] D202608061600 nodes= 78928 links= 45408 surch= 1132 wet=124068 max=6.93m  eta 11.3m
  [ 67/145] D202608061610 nodes= 78687 links= 44886 surch= 1117 wet=123898 max=6.93m  eta 11.1m
  [ 68/145] D202608061620 nodes= 78433 links= 44349 surch= 1102 wet=123717 max=6.93m  eta 10.9m
  [ 69/145] D202608061630 nodes= 78215 links= 44077 surch= 1089 wet=123523 max=6.93m  eta 10.7m
  [ 70/145] D202608061640 nodes= 77966 links= 43727 surch= 1084 wet=123374 max=6.93m  eta 10.6m
  [ 71/145] D202608061650 nodes= 77769 links= 43055 surch= 1057 wet=123240 max=6.93m  eta 10.4m
  [ 72/145] D202608061700 nodes= 77579 links= 42691 surch= 1038 wet=123082 max=6.93m  eta 10.2m
  [ 73/145] D202608061710 nodes= 77355 links= 42312 surch= 1026 wet=122943 max=6.93m  eta 10.0m
  [ 74/145] D202608061720 nodes= 77139 links= 41766 surch= 1016 wet=122808 max=6.93m  eta 9.9m
  [ 75/145] D202608061730 nodes= 76949 links= 41364 surch=  995 wet=122687 max=6.93m  eta 9.7m
  [ 76/145] D202608061740 nodes= 76787 links= 41022 surch=  986 wet=122554 max=6.93m  eta 9.5m
  [ 77/145] D202608061750 nodes= 76621 links= 40593 surch=  973 wet=122430 max=6.93m  eta 9.4m
  [ 78/145] D202608061800 nodes= 76456 links= 40113 surch=  951 wet=122234 max=6.93m  eta 9.2m
  [ 79/145] D202608061810 nodes= 76274 links= 39882 surch=  939 wet=122100 max=6.93m  eta 9.0m
  [ 80/145] D202608061820 nodes= 76139 links= 39510 surch=  928 wet=121972 max=6.93m  eta 8.9m
  [ 81/145] D202608061830 nodes= 75957 links= 39010 surch=  924 wet=121841 max=6.93m  eta 8.7m
  [ 82/145] D202608061840 nodes= 75826 links= 38790 surch=  920 wet=121719 max=6.93m  eta 8.6m
  [ 83/145] D202608061850 nodes= 75682 links= 38358 surch=  918 wet=121607 max=6.93m  eta 8.4m
  [ 84/145] D202608061900 nodes= 75516 links= 38098 surch=  904 wet=121492 max=6.93m  eta 8.3m
  [ 85/145] D202608061910 nodes= 75355 links= 37824 surch=  902 wet=121365 max=6.93m  eta 8.1m
  [ 86/145] D202608061920 nodes= 75203 links= 37583 surch=  892 wet=121226 max=6.93m  eta 7.9m
  [ 87/145] D202608061930 nodes= 75015 links= 37156 surch=  883 wet=121093 max=6.93m  eta 7.8m
  [ 88/145] D202608061940 nodes= 74884 links= 36873 surch=  868 wet=120970 max=6.93m  eta 7.6m
  [ 89/145] D202608061950 nodes= 74751 links= 36520 surch=  860 wet=120850 max=6.93m  eta 7.5m
  [ 90/145] D202608062000 nodes= 74616 links= 36436 surch=  848 wet=120693 max=6.93m  eta 7.3m
  [ 91/145] D202608062010 nodes= 74483 links= 36051 surch=  833 wet=120560 max=6.93m  eta 7.2m
  [ 92/145] D202608062020 nodes= 74375 links= 35799 surch=  826 wet=120427 max=6.93m  eta 7.0m
  [ 93/145] D202608062030 nodes= 74257 links= 35717 surch=  813 wet=120318 max=6.93m  eta 6.9m
  [ 94/145] D202608062040 nodes= 74143 links= 35379 surch=  809 wet=120127 max=6.93m  eta 6.8m
  [ 95/145] D202608062050 nodes= 74007 links= 35171 surch=  802 wet=120005 max=6.93m  eta 6.6m
  [ 96/145] D202608062100 nodes= 73872 links= 34958 surch=  788 wet=119936 max=6.93m  eta 6.5m
  [ 97/145] D202608062110 nodes= 74408 links= 35544 surch=  834 wet=119826 max=6.93m  eta 6.3m
  [ 98/145] D202608062120 nodes= 74814 links= 36153 surch=  825 wet=119729 max=6.93m  eta 6.2m
  [ 99/145] D202608062130 nodes= 75240 links= 37275 surch=  818 wet=119631 max=6.93m  eta 6.0m
  [100/145] D202608062140 nodes= 75643 links= 37698 surch=  823 wet=119572 max=6.93m  eta 5.9m
  [101/145] D202608062150 nodes= 76024 links= 39228 surch=  820 wet=119520 max=6.93m  eta 5.7m
  [102/145] D202608062200 nodes= 76391 links= 40342 surch=  822 wet=119451 max=6.93m  eta 5.6m
  [103/145] D202608062210 nodes= 76803 links= 42000 surch=  828 wet=119336 max=6.93m  eta 5.4m
  [104/145] D202608062220 nodes= 77168 links= 43139 surch=  821 wet=119278 max=6.93m  eta 5.3m
  [105/145] D202608062230 nodes= 77486 links= 43956 surch=  825 wet=119255 max=6.93m  eta 5.2m
  [106/145] D202608062240 nodes= 77706 links= 44735 surch=  827 wet=119217 max=6.93m  eta 5.0m
  [107/145] D202608062250 nodes= 77925 links= 45312 surch=  838 wet=119122 max=6.93m  eta 4.9m
  [108/145] D202608062300 nodes= 78138 links= 45874 surch=  836 wet=119050 max=6.93m  eta 4.7m
  [109/145] D202608062310 nodes= 77592 links= 43968 surch=  826 wet=118922 max=6.93m  eta 4.6m
  [110/145] D202608062320 nodes= 77269 links= 42778 surch=  814 wet=118802 max=6.93m  eta 4.5m
  [111/145] D202608062330 nodes= 76974 links= 41883 surch=  799 wet=118740 max=6.92m  eta 4.3m
  [112/145] D202608062340 nodes= 76598 links= 40942 surch=  786 wet=118683 max=6.92m  eta 4.2m
  [113/145] D202608062350 nodes= 76374 links= 40324 surch=  783 wet=118505 max=6.92m  eta 4.0m
  [114/145] D202608070000 nodes= 76142 links= 39570 surch=  765 wet=118431 max=6.92m  eta 3.9m
  [115/145] D202608070010 nodes= 75802 links= 38761 surch=  760 wet=118304 max=6.92m  eta 3.8m
  [116/145] D202608070020 nodes= 75559 links= 37975 surch=  751 wet=118229 max=6.92m  eta 3.6m
  [117/145] D202608070030 nodes= 75311 links= 37243 surch=  740 wet=118124 max=6.92m  eta 3.5m
  [118/145] D202608070040 nodes= 75089 links= 36632 surch=  731 wet=118019 max=6.92m  eta 3.4m
  [119/145] D202608070050 nodes= 74866 links= 36144 surch=  727 wet=117926 max=6.92m  eta 3.2m
  [120/145] D202608070100 nodes= 74633 links= 35629 surch=  722 wet=117811 max=6.92m  eta 3.1m
  [121/145] D202608070110 nodes= 74263 links= 34884 surch=  710 wet=117737 max=6.92m  eta 3.0m
  [122/145] D202608070120 nodes= 73950 links= 33987 surch=  695 wet=117623 max=6.92m  eta 2.8m
  [123/145] D202608070130 nodes= 73622 links= 33582 surch=  692 wet=117569 max=6.92m  eta 2.7m
  [124/145] D202608070140 nodes= 73398 links= 33051 surch=  682 wet=117442 max=6.92m  eta 2.6m
  [125/145] D202608070150 nodes= 73108 links= 32607 surch=  677 wet=117329 max=6.92m  eta 2.4m
  [126/145] D202608070200 nodes= 72832 links= 32239 surch=  668 wet=117248 max=6.92m  eta 2.3m
  [127/145] D202608070210 nodes= 72718 links= 31882 surch=  663 wet=117163 max=6.92m  eta 2.2m
  [128/145] D202608070220 nodes= 72524 links= 31289 surch=  664 wet=117082 max=6.92m  eta 2.0m
  [129/145] D202608070230 nodes= 72375 links= 30947 surch=  659 wet=116965 max=6.92m  eta 1.9m
  [130/145] D202608070240 nodes= 72323 links= 30702 surch=  649 wet=116856 max=6.92m  eta 1.8m
  [131/145] D202608070250 nodes= 72282 links= 30558 surch=  645 wet=116748 max=6.92m  eta 1.7m
  [132/145] D202608070300 nodes= 72238 links= 30420 surch=  651 wet=116694 max=6.92m  eta 1.5m
  [133/145] D202608070310 nodes= 74685 links= 36894 surch=  664 wet=116681 max=6.92m  eta 1.4m
  [134/145] D202608070320 nodes= 76222 links= 42225 surch=  675 wet=116685 max=6.92m  eta 1.3m
  [135/145] D202608070330 nodes= 77532 links= 46440 surch=  684 wet=116719 max=6.92m  eta 1.1m
  [136/145] D202608070340 nodes= 78738 links= 49842 surch=  703 wet=116714 max=6.92m  eta 1.0m
  [137/145] D202608070350 nodes= 79748 links= 52481 surch=  731 wet=116716 max=6.92m  eta 0.9m
  [138/145] D202608070400 nodes= 80645 links= 54166 surch=  751 wet=116734 max=6.92m  eta 0.8m
  [139/145] D202608070410 nodes= 81139 links= 54555 surch=  770 wet=116740 max=6.92m  eta 0.6m
  [140/145] D202608070420 nodes= 81696 links= 55456 surch=  800 wet=116750 max=6.92m  eta 0.5m
  [141/145] D202608070430 nodes= 82142 links= 56152 surch=  823 wet=116778 max=6.92m  eta 0.4m
  [142/145] D202608070440 nodes= 82595 links= 56744 surch=  849 wet=116785 max=6.92m  eta 0.3m
  [143/145] D202608070450 nodes= 82889 links= 57258 surch=  881 wet=116796 max=6.92m  eta 0.1m
  [144/145] D202608070500 nodes= 83179 links= 58181 surch=  889 wet=116826 max=6.92m  eta 0.0m

wrote 145 frames, 248.2 MB → /home/meet/Meet/floodtwin3/drainage/live
window starts 2026-08-06T05:00:00+05:30 (run newmodel_partner_daily_20260805_233000_c2d6420d)
=== exit 0 ===
=== 2026-08-06T06:00:01+05:30 refresh ===
target network: 118768 nodes / 139798 links, grid 768² over [76.92743352153221, 28.323950850966828, 77.18375956125723, 28.547085653307686]
run newmodel_partner_daily_20260805_233000_c2d6420d: 145 frames @ 10.0 min
already up to date (newmodel_partner_daily_20260805_233000_c2d6420d, 145 frames) — nothing to do
=== exit 0 ===
=== 2026-08-06T06:20:01+05:30 refresh ===
target network: 118768 nodes / 139798 links, grid 768² over [76.92743352153221, 28.323950850966828, 77.18375956125723, 28.547085653307686]
run newmodel_partner_daily_20260805_233000_c2d6420d: 145 frames @ 10.0 min
already up to date (newmodel_partner_daily_20260805_233000_c2d6420d, 145 frames) — nothing to do
=== exit 0 ===
=== 2026-08-06T06:40:01+05:30 refresh ===
target network: 118768 nodes / 139798 links, grid 768² over [76.92743352153221, 28.323950850966828, 77.18375956125723, 28.547085653307686]
run newmodel_partner_daily_20260805_233000_c2d6420d: 145 frames @ 10.0 min
already up to date (newmodel_partner_daily_20260805_233000_c2d6420d, 145 frames) — nothing to do
=== exit 0 ===
=== 2026-08-06T07:00:01+05:30 refresh ===
target network: 118768 nodes / 139798 links, grid 768² over [76.92743352153221, 28.323950850966828, 77.18375956125723, 28.547085653307686]
run newmodel_partner_daily_20260805_233000_c2d6420d: 145 frames @ 10.0 min
already up to date (newmodel_partner_daily_20260805_233000_c2d6420d, 145 frames) — nothing to do
=== exit 0 ===
=== 2026-08-06T07:20:01+05:30 refresh ===
target network: 118768 nodes / 139798 links, grid 768² over [76.92743352153221, 28.323950850966828, 77.18375956125723, 28.547085653307686]
run newmodel_partner_daily_20260805_233000_c2d6420d: 145 frames @ 10.0 min
already up to date (newmodel_partner_daily_20260805_233000_c2d6420d, 145 frames) — nothing to do
=== exit 0 ===
=== 2026-08-06T07:40:01+05:30 refresh ===
target network: 118768 nodes / 139798 links, grid 768² over [76.92743352153221, 28.323950850966828, 77.18375956125723, 28.547085653307686]
run newmodel_partner_daily_20260805_233000_c2d6420d: 145 frames @ 10.0 min
already up to date (newmodel_partner_daily_20260805_233000_c2d6420d, 145 frames) — nothing to do
=== exit 0 ===
=== 2026-08-06T08:00:01+05:30 refresh ===
target network: 118768 nodes / 139798 links, grid 768² over [76.92743352153221, 28.323950850966828, 77.18375956125723, 28.547085653307686]
run newmodel_partner_daily_20260805_233000_c2d6420d: 145 frames @ 10.0 min
already up to date (newmodel_partner_daily_20260805_233000_c2d6420d, 145 frames) — nothing to do
=== exit 0 ===
=== 2026-08-06T08:20:01+05:30 refresh ===
target network: 118768 nodes / 139798 links, grid 768² over [76.92743352153221, 28.323950850966828, 77.18375956125723, 28.547085653307686]
run newmodel_partner_daily_20260805_233000_c2d6420d: 145 frames @ 10.0 min
already up to date (newmodel_partner_daily_20260805_233000_c2d6420d, 145 frames) — nothing to do
=== exit 0 ===
=== 2026-08-06T08:40:01+05:30 refresh ===
target network: 118768 nodes / 139798 links, grid 768² over [76.92743352153221, 28.323950850966828, 77.18375956125723, 28.547085653307686]
run newmodel_partner_daily_20260805_233000_c2d6420d: 145 frames @ 10.0 min
already up to date (newmodel_partner_daily_20260805_233000_c2d6420d, 145 frames) — nothing to do
=== exit 0 ===
=== 2026-08-06T09:00:01+05:30 refresh ===
target network: 118768 nodes / 139798 links, grid 768² over [76.92743352153221, 28.323950850966828, 77.18375956125723, 28.547085653307686]
run newmodel_partner_daily_20260805_233000_c2d6420d: 145 frames @ 10.0 min
already up to date (newmodel_partner_daily_20260805_233000_c2d6420d, 145 frames) — nothing to do
=== exit 0 ===
=== 2026-08-06T09:20:01+05:30 refresh ===
target network: 118768 nodes / 139798 links, grid 768² over [76.92743352153221, 28.323950850966828, 77.18375956125723, 28.547085653307686]
run newmodel_partner_daily_20260805_233000_c2d6420d: 145 frames @ 10.0 min
already up to date (newmodel_partner_daily_20260805_233000_c2d6420d, 145 frames) — nothing to do
=== exit 0 ===
=== 2026-08-06T09:40:01+05:30 refresh ===
target network: 118768 nodes / 139798 links, grid 768² over [76.92743352153221, 28.323950850966828, 77.18375956125723, 28.547085653307686]
run newmodel_partner_daily_20260805_233000_c2d6420d: 145 frames @ 10.0 min
already up to date (newmodel_partner_daily_20260805_233000_c2d6420d, 145 frames) — nothing to do
=== exit 0 ===
=== 2026-08-06T10:00:01+05:30 refresh ===
target network: 118768 nodes / 139798 links, grid 768² over [76.92743352153221, 28.323950850966828, 77.18375956125723, 28.547085653307686]
run newmodel_partner_daily_20260805_233000_c2d6420d: 145 frames @ 10.0 min
already up to date (newmodel_partner_daily_20260805_233000_c2d6420d, 145 frames) — nothing to do
=== exit 0 ===
=== 2026-08-06T10:20:01+05:30 refresh ===
target network: 118768 nodes / 139798 links, grid 768² over [76.92743352153221, 28.323950850966828, 77.18375956125723, 28.547085653307686]
run newmodel_partner_daily_20260805_233000_c2d6420d: 145 frames @ 10.0 min
already up to date (newmodel_partner_daily_20260805_233000_c2d6420d, 145 frames) — nothing to do
=== exit 0 ===
=== 2026-08-06T10:40:01+05:30 refresh ===
target network: 118768 nodes / 139798 links, grid 768² over [76.92743352153221, 28.323950850966828, 77.18375956125723, 28.547085653307686]
run newmodel_partner_daily_20260805_233000_c2d6420d: 145 frames @ 10.0 min
already up to date (newmodel_partner_daily_20260805_233000_c2d6420d, 145 frames) — nothing to do
=== exit 0 ===
=== 2026-08-06T11:00:01+05:30 refresh ===
target network: 118768 nodes / 139798 links, grid 768² over [76.92743352153221, 28.323950850966828, 77.18375956125723, 28.547085653307686]
run newmodel_partner_daily_20260805_233000_c2d6420d: 145 frames @ 10.0 min
already up to date (newmodel_partner_daily_20260805_233000_c2d6420d, 145 frames) — nothing to do
=== exit 0 ===
=== 2026-08-06T11:20:01+05:30 refresh ===
target network: 118768 nodes / 139798 links, grid 768² over [76.92743352153221, 28.323950850966828, 77.18375956125723, 28.547085653307686]
run newmodel_partner_daily_20260805_233000_c2d6420d: 145 frames @ 10.0 min
already up to date (newmodel_partner_daily_20260805_233000_c2d6420d, 145 frames) — nothing to do
=== exit 0 ===
=== 2026-08-06T11:40:01+05:30 refresh ===
target network: 118768 nodes / 139798 links, grid 768² over [76.92743352153221, 28.323950850966828, 77.18375956125723, 28.547085653307686]
run newmodel_partner_daily_20260805_233000_c2d6420d: 145 frames @ 10.0 min
already up to date (newmodel_partner_daily_20260805_233000_c2d6420d, 145 frames) — nothing to do
=== exit 0 ===
=== 2026-08-06T12:00:01+05:30 refresh ===
target network: 118768 nodes / 139798 links, grid 768² over [76.92743352153221, 28.323950850966828, 77.18375956125723, 28.547085653307686]
run newmodel_partner_daily_20260805_233000_c2d6420d: 145 frames @ 10.0 min
already up to date (newmodel_partner_daily_20260805_233000_c2d6420d, 145 frames) — nothing to do
=== exit 0 ===
=== 2026-08-06T12:20:01+05:30 refresh ===
target network: 118768 nodes / 139798 links, grid 768² over [76.92743352153221, 28.323950850966828, 77.18375956125723, 28.547085653307686]
run newmodel_partner_daily_20260805_233000_c2d6420d: 145 frames @ 10.0 min
already up to date (newmodel_partner_daily_20260805_233000_c2d6420d, 145 frames) — nothing to do
=== exit 0 ===
=== 2026-08-06T12:40:01+05:30 refresh ===
target network: 118768 nodes / 139798 links, grid 768² over [76.92743352153221, 28.323950850966828, 77.18375956125723, 28.547085653307686]
run newmodel_partner_daily_20260805_233000_c2d6420d: 145 frames @ 10.0 min
already up to date (newmodel_partner_daily_20260805_233000_c2d6420d, 145 frames) — nothing to do
=== exit 0 ===
=== 2026-08-06T13:00:01+05:30 refresh ===
target network: 118768 nodes / 139798 links, grid 768² over [76.92743352153221, 28.323950850966828, 77.18375956125723, 28.547085653307686]
run newmodel_partner_daily_20260805_233000_c2d6420d: 145 frames @ 10.0 min
already up to date (newmodel_partner_daily_20260805_233000_c2d6420d, 145 frames) — nothing to do
=== exit 0 ===
=== 2026-08-06T13:20:01+05:30 refresh ===
target network: 118768 nodes / 139798 links, grid 768² over [76.92743352153221, 28.323950850966828, 77.18375956125723, 28.547085653307686]
run newmodel_partner_daily_20260805_233000_c2d6420d: 145 frames @ 10.0 min
already up to date (newmodel_partner_daily_20260805_233000_c2d6420d, 145 frames) — nothing to do
=== exit 0 ===
=== 2026-08-06T13:40:01+05:30 refresh ===
target network: 118768 nodes / 139798 links, grid 768² over [76.92743352153221, 28.323950850966828, 77.18375956125723, 28.547085653307686]
run newmodel_partner_daily_20260805_233000_c2d6420d: 145 frames @ 10.0 min
already up to date (newmodel_partner_daily_20260805_233000_c2d6420d, 145 frames) — nothing to do
=== exit 0 ===
=== 2026-08-06T14:00:01+05:30 refresh ===
target network: 118768 nodes / 139798 links, grid 768² over [76.92743352153221, 28.323950850966828, 77.18375956125723, 28.547085653307686]
run newmodel_partner_daily_20260805_233000_c2d6420d: 145 frames @ 10.0 min
already up to date (newmodel_partner_daily_20260805_233000_c2d6420d, 145 frames) — nothing to do
=== exit 0 ===
=== 2026-08-06T14:20:01+05:30 refresh ===
target network: 118768 nodes / 139798 links, grid 768² over [76.92743352153221, 28.323950850966828, 77.18375956125723, 28.547085653307686]
run newmodel_partner_daily_20260805_233000_c2d6420d: 145 frames @ 10.0 min
already up to date (newmodel_partner_daily_20260805_233000_c2d6420d, 145 frames) — nothing to do
=== exit 0 ===
=== 2026-08-06T14:40:01+05:30 refresh ===
target network: 118768 nodes / 139798 links, grid 768² over [76.92743352153221, 28.323950850966828, 77.18375956125723, 28.547085653307686]
run newmodel_partner_daily_20260805_233000_c2d6420d: 145 frames @ 10.0 min
already up to date (newmodel_partner_daily_20260805_233000_c2d6420d, 145 frames) — nothing to do
=== exit 0 ===
=== 2026-08-06T15:00:01+05:30 refresh ===
target network: 118768 nodes / 139798 links, grid 768² over [76.92743352153221, 28.323950850966828, 77.18375956125723, 28.547085653307686]
run newmodel_partner_daily_20260805_233000_c2d6420d: 145 frames @ 10.0 min
already up to date (newmodel_partner_daily_20260805_233000_c2d6420d, 145 frames) — nothing to do
=== exit 0 ===
=== 2026-08-06T15:20:01+05:30 refresh ===
target network: 118768 nodes / 139798 links, grid 768² over [76.92743352153221, 28.323950850966828, 77.18375956125723, 28.547085653307686]
run newmodel_partner_daily_20260805_233000_c2d6420d: 145 frames @ 10.0 min
already up to date (newmodel_partner_daily_20260805_233000_c2d6420d, 145 frames) — nothing to do
=== exit 0 ===
=== 2026-08-06T15:40:01+05:30 refresh ===
target network: 118768 nodes / 139798 links, grid 768² over [76.92743352153221, 28.323950850966828, 77.18375956125723, 28.547085653307686]
run newmodel_partner_daily_20260805_233000_c2d6420d: 145 frames @ 10.0 min
already up to date (newmodel_partner_daily_20260805_233000_c2d6420d, 145 frames) — nothing to do
=== exit 0 ===
=== 2026-08-06T16:00:01+05:30 refresh ===
target network: 118768 nodes / 139798 links, grid 768² over [76.92743352153221, 28.323950850966828, 77.18375956125723, 28.547085653307686]
run newmodel_partner_daily_20260805_233000_c2d6420d: 145 frames @ 10.0 min
already up to date (newmodel_partner_daily_20260805_233000_c2d6420d, 145 frames) — nothing to do
=== exit 0 ===
=== 2026-08-06T16:20:01+05:30 refresh ===
target network: 118768 nodes / 139798 links, grid 768² over [76.92743352153221, 28.323950850966828, 77.18375956125723, 28.547085653307686]
run newmodel_partner_daily_20260805_233000_c2d6420d: 145 frames @ 10.0 min
already up to date (newmodel_partner_daily_20260805_233000_c2d6420d, 145 frames) — nothing to do
=== exit 0 ===
